{"type":"FeatureCollection","features":[{"type":"Feature","properties":{"hsda_code":11,"hsda":"East Kootenay","health_authority":"Interior","area_km2":44985},"geometry":{"type":"MultiPolygon","coordinates":[[[[-117.9729,52.4831],[-117.9748,52.4711],[-117.9483,52.4525],[-117.9342,52.4468],[-117.9162,52.4467],[-117.9194,52.4417],[-117.9165,52.4377],[-117.8917,52.4271],[-117.8765,52.4265],[-117.8534,52.4135],[-117.8363,52.4188],[-117.8186,52.4177],[-117.7998,52.409],[-117.7642,52.4138],[-117.7398,52.3958],[-117.7226,52.3898],[-117.7292,52.3817],[-117.7201,52.3658],[-117.7063,52.3622],[-117.7046,52.3563],[-117.7252,52.3527],[-117.7385,52.3431],[-117.7395,52.3336],[-117.7457,52.3305],[-117.7502,52.3194],[-117.7748,52.3193],[-117.794,52.3018],[-117.7917,52.294],[-117.8234,52.2905],[-117.8231,52.2835],[-117.8443,52.2733],[-117.8333,52.2554],[-117.8167,52.2418],[-117.8145,52.223],[-117.7475,52.2032],[-117.7477,52.1956],[-117.7333,52.188],[-117.7092,52.1878],[-117.6918,52.1955],[-117.6615,52.198],[-117.6568,52.1848],[-117.6337,52.1673],[-117.6199,52.165],[-117.619,52.1548],[-117.609,52.1442],[-117.5733,52.1283],[-117.5578,52.1278],[-117.5618,52.1375],[-117.5277,52.1413],[-117.5188,52.149],[-117.5197,52.1563],[-117.5103,52.158],[-117.4978,52.1482],[-117.4744,52.1438],[-117.4415,52.1471],[-117.4068,52.1379],[-117.3874,52.1447],[-117.3864,52.1403],[-117.3767,52.137],[-117.3384,52.1392],[-117.3382,52.1473],[-117.3251,52.1494],[-117.3164,52.1876],[-117.3055,52.1674],[-117.2949,52.1605],[-117.2806,52.1595],[-117.2887,52.1363],[-117.2794,52.1219],[-117.2901,52.112],[-117.2901,52.1007],[-117.2991,52.0922],[-117.2966,52.0835],[-117.3059,52.0747],[-117.2954,52.0652],[-117.2694,52.0561],[-117.2711,52.0502],[-117.2572,52.0395],[-117.2421,52.0375],[-117.2338,52.0413],[-117.214,52.0294],[-117.2251,52.0173],[-117.2357,52.0166],[-117.2372,52.0116],[-117.2004,51.9911],[-117.1964,51.9786],[-117.1491,51.9734],[-117.1326,51.9676],[-117.1215,51.9564],[-117.1038,51.9572],[-117.0953,51.9408],[-117.0198,51.891],[-117.0272,51.8733],[-117.0341,51.8686],[-117.0354,51.8562],[-117.0071,51.836],[-116.9807,51.8344],[-116.9897,51.8225],[-116.9857,51.8197],[-116.9914,51.8118],[-116.9629,51.7912],[-116.9685,51.7825],[-116.9647,51.7748],[-116.9747,51.7699],[-116.977,51.7601],[-116.9614,51.7517],[-116.9563,51.7428],[-116.9476,51.7429],[-116.9429,51.7324],[-116.929,51.7284],[-116.9291,51.7178],[-116.9184,51.713],[-116.9226,51.7092],[-116.9001,51.7025],[-116.8602,51.709],[-116.8362,51.7039],[-116.8106,51.7052],[-116.8012,51.7242],[-116.8213,51.7373],[-116.8128,51.7404],[-116.7935,51.7638],[-116.7858,51.7634],[-116.7502,51.8051],[-116.7241,51.8037],[-116.718,51.799],[-116.6985,51.8031],[-116.681,51.8137],[-116.6598,51.8045],[-116.6556,51.8013],[-116.6567,51.7935],[-116.6445,51.7861],[-116.647,51.7692],[-116.6527,51.767],[-116.6513,51.753],[-116.6381,51.7496],[-116.6295,51.7297],[-116.6018,51.7242],[-116.5866,51.7141],[-116.5824,51.6974],[-116.5911,51.6942],[-116.5822,51.6872],[-116.5922,51.6779],[-116.589,51.6706],[-116.5977,51.6655],[-116.596,51.6615],[-116.5837,51.6536],[-116.5717,51.6522],[-116.5706,51.6462],[-116.5604,51.642],[-116.5344,51.6409],[-116.5147,51.6262],[-116.4913,51.6169],[-116.4971,51.6078],[-116.4743,51.6013],[-116.4676,51.5914],[-116.4756,51.5866],[-116.4657,51.565],[-116.4014,51.5463],[-116.3928,51.5501],[-116.3841,51.5332],[-116.3947,51.5238],[-116.3957,51.5052],[-116.3628,51.4717],[-116.3396,51.4649],[-116.295,51.4625],[-116.2857,51.4561],[-116.2855,51.4496],[-116.2893,51.4487],[-116.2871,51.4351],[-116.2957,51.4271],[-116.2838,51.4074],[-116.2955,51.403],[-116.2943,51.3976],[-116.3126,51.3849],[-116.297,51.3658],[-116.2798,51.3618],[-116.2788,51.3551],[-116.2909,51.3428],[-116.2876,51.3346],[-116.276,51.3283],[-116.2705,51.3133],[-116.2456,51.3018],[-116.2285,51.3019],[-116.2197,51.2935],[-116.1959,51.3012],[-116.1814,51.2953],[-116.1635,51.2976],[-116.1534,51.2867],[-116.1601,51.2761],[-116.1551,51.2643],[-116.1044,51.2524],[-116.0662,51.249],[-116.0497,51.228],[-116.0267,51.2208],[-116.0086,51.2223],[-116.0005,51.1949],[-116.022,51.1871],[-116.0245,51.1756],[-116.036,51.1702],[-116.0196,51.1569],[-116.0066,51.1559],[-116.0151,51.1372],[-116.0107,51.1268],[-115.9683,51.1217],[-115.9685,51.1159],[-115.9588,51.1157],[-115.9485,51.0986],[-115.9355,51.098],[-115.931,51.0898],[-115.9152,51.0833],[-115.905,51.0836],[-115.9065,51.0889],[-115.9013,51.0935],[-115.8992,51.0886],[-115.8888,51.0858],[-115.8686,51.09],[-115.8596,51.0787],[-115.8487,51.0818],[-115.8435,51.0761],[-115.8346,51.0754],[-115.8271,51.0827],[-115.8139,51.086],[-115.8036,51.0696],[-115.7906,51.0726],[-115.7772,51.0666],[-115.7546,51.0747],[-115.7607,51.0715],[-115.763,51.0612],[-115.7737,51.0573],[-115.7692,51.0397],[-115.7529,51.032],[-115.7437,51.0333],[-115.7369,51.0291],[-115.7415,51.0231],[-115.7192,51.0165],[-115.6937,51.0279],[-115.6906,51.0143],[-115.6733,51.0006],[-115.6501,50.9983],[-115.6392,50.9845],[-115.629,50.9817],[-115.6226,50.9658],[-115.6075,50.9591],[-115.6096,50.9483],[-115.5978,50.9406],[-115.6103,50.9266],[-115.5982,50.9177],[-115.5791,50.9135],[-115.5616,50.8946],[-115.5777,50.8896],[-115.5935,50.8929],[-115.6008,50.8866],[-115.614,50.8861],[-115.6178,50.8798],[-115.6489,50.8741],[-115.651,50.8677],[-115.6446,50.8585],[-115.6435,50.8414],[-115.6251,50.8345],[-115.6077,50.8458],[-115.5741,50.8404],[-115.5676,50.8446],[-115.561,50.8272],[-115.5668,50.8155],[-115.5606,50.8032],[-115.5355,50.7953],[-115.5329,50.7884],[-115.5175,50.781],[-115.5113,50.7875],[-115.5021,50.7852],[-115.4837,50.7702],[-115.4827,50.7556],[-115.4717,50.7522],[-115.4589,50.7572],[-115.4478,50.7533],[-115.4377,50.7562],[-115.4134,50.7341],[-115.411,50.728],[-115.4177,50.7198],[-115.415,50.7118],[-115.3793,50.7053],[-115.3714,50.7176],[-115.3553,50.7227],[-115.3144,50.7246],[-115.3105,50.7089],[-115.2942,50.6987],[-115.2981,50.6827],[-115.275,50.6478],[-115.2889,50.6383],[-115.3124,50.6386],[-115.3125,50.6289],[-115.2984,50.6252],[-115.296,50.6126],[-115.2782,50.6011],[-115.2407,50.5892],[-115.2323,50.5777],[-115.2435,50.5724],[-115.229,50.5544],[-115.2321,50.5464],[-115.2103,50.5285],[-115.1869,50.5401],[-115.1907,50.5557],[-115.1788,50.5583],[-115.1753,50.5683],[-115.1577,50.5733],[-115.119,50.5707],[-115.0737,50.5861],[-115.0538,50.5712],[-115.0288,50.5833],[-115.0168,50.5832],[-115.0137,50.5692],[-114.9805,50.5364],[-114.9591,50.5035],[-114.9381,50.4862],[-114.9126,50.4506],[-114.8885,50.4364],[-114.8767,50.4399],[-114.8733,50.4294],[-114.862,50.4253],[-114.8655,50.4142],[-114.8614,50.4083],[-114.8671,50.4028],[-114.8631,50.3951],[-114.8322,50.3908],[-114.826,50.394],[-114.8148,50.3823],[-114.8163,50.3708],[-114.7912,50.3588],[-114.7775,50.363],[-114.7694,50.359],[-114.768,50.3501],[-114.799,50.3307],[-114.791,50.3194],[-114.783,50.3167],[-114.7821,50.3009],[-114.7698,50.3026],[-114.7547,50.2967],[-114.7523,50.2736],[-114.7642,50.2663],[-114.7706,50.2499],[-114.7696,50.2436],[-114.7629,50.2403],[-114.7643,50.235],[-114.7485,50.2244],[-114.7493,50.2151],[-114.7404,50.2122],[-114.7396,50.2026],[-114.7256,50.1893],[-114.7338,50.1695],[-114.7261,50.1623],[-114.7258,50.1417],[-114.7347,50.1212],[-114.7047,50.095],[-114.6929,50.0715],[-114.6793,50.0636],[-114.6654,50.0635],[-114.667,50.0519],[-114.6772,50.0481],[-114.665,50.0406],[-114.668,50.0361],[-114.6588,50.0299],[-114.6585,50.02],[-114.6678,50.0027],[-114.6527,49.9942],[-114.6512,49.9769],[-114.6552,49.968],[-114.683,49.9659],[-114.6846,49.9531],[-114.6938,49.9421],[-114.6869,49.9174],[-114.6918,49.8963],[-114.6738,49.8804],[-114.6714,49.8639],[-114.6613,49.8616],[-114.6627,49.8534],[-114.6398,49.8268],[-114.6476,49.8169],[-114.6362,49.7848],[-114.6497,49.7684],[-114.6594,49.7646],[-114.6418,49.7467],[-114.6463,49.7433],[-114.6327,49.734],[-114.6379,49.7243],[-114.6358,49.7023],[-114.671,49.6931],[-114.6651,49.6772],[-114.6701,49.6723],[-114.6562,49.6594],[-114.6665,49.6384],[-114.6743,49.6434],[-114.6979,49.6313],[-114.6999,49.6366],[-114.7058,49.6372],[-114.7223,49.6242],[-114.7474,49.6194],[-114.7534,49.6096],[-114.7375,49.5964],[-114.7327,49.5766],[-114.7238,49.5758],[-114.7255,49.5716],[-114.6957,49.5478],[-114.6851,49.5566],[-114.6386,49.5431],[-114.6304,49.5491],[-114.6172,49.5473],[-114.6081,49.5595],[-114.5882,49.5652],[-114.5738,49.5565],[-114.5697,49.5373],[-114.5725,49.525],[-114.583,49.5202],[-114.585,49.5119],[-114.5959,49.5016],[-114.5937,49.4708],[-114.5998,49.4669],[-114.5978,49.4589],[-114.6036,49.4519],[-114.5986,49.4453],[-114.6056,49.4398],[-114.5988,49.4337],[-114.5985,49.4126],[-114.5873,49.3918],[-114.5734,49.3896],[-114.5759,49.3864],[-114.5674,49.3774],[-114.5259,49.3776],[-114.5316,49.3717],[-114.5243,49.3571],[-114.4928,49.3517],[-114.4789,49.3268],[-114.4923,49.3226],[-114.4911,49.3133],[-114.4767,49.3118],[-114.4532,49.2977],[-114.4463,49.2891],[-114.4509,49.2801],[-114.4474,49.2643],[-114.4126,49.2618],[-114.3802,49.2495],[-114.403,49.2406],[-114.401,49.2293],[-114.4058,49.2243],[-114.3949,49.2204],[-114.4021,49.2133],[-114.3954,49.2086],[-114.3653,49.2034],[-114.3465,49.1932],[-114.3361,49.1994],[-114.3182,49.1999],[-114.3118,49.1927],[-114.2912,49.1861],[-114.2887,49.1787],[-114.2697,49.1812],[-114.2564,49.177],[-114.2484,49.1859],[-114.2226,49.1887],[-114.2094,49.1721],[-114.1759,49.1643],[-114.1612,49.1548],[-114.149,49.1437],[-114.1667,49.1357],[-114.1496,49.1181],[-114.152,49.0979],[-114.1069,49.065],[-114.093,49.0588],[-114.0803,49.0603],[-114.0625,49.0462],[-114.0616,49.0358],[-114.0542,49.0261],[-114.0725,49.0047],[-114.0683,48.9989],[-116.9136,49.0001],[-116.9138,49.0056],[-116.8962,49.0107],[-116.8854,49.0285],[-116.8905,49.0427],[-116.9208,49.0556],[-116.9145,49.0582],[-116.9245,49.0642],[-116.9617,49.0593],[-116.9594,49.0533],[-116.9782,49.0498],[-117.0097,49.0571],[-117.0304,49.0509],[-117.0443,49.058],[-117.0544,49.0695],[-117.0472,49.0775],[-117.0566,49.0952],[-117.0471,49.1045],[-117.0463,49.1182],[-117.0319,49.1222],[-117.0262,49.129],[-117.0251,49.1413],[-117.0388,49.1561],[-117.0294,49.164],[-117.0404,49.1701],[-117.0383,49.1768],[-117.046,49.1799],[-117.0499,49.1906],[-117.0409,49.2105],[-117.0429,49.2172],[-117.0358,49.2193],[-117.0338,49.2292],[-117.0298,49.2301],[-117.0309,49.2392],[-117.0113,49.2468],[-117.0098,49.2541],[-117.041,49.2806],[-117.0391,49.2925],[-117.0616,49.2834],[-117.0712,49.2883],[-117.0629,49.3069],[-117.0716,49.3216],[-117.054,49.3645],[-117.0634,49.374],[-117.0635,49.3825],[-117.0986,49.383],[-117.1059,49.387],[-117.1004,49.4182],[-117.1207,49.4314],[-117.1177,49.4482],[-117.1009,49.4643],[-117.0795,49.4737],[-116.8056,49.475],[-116.8134,49.5442],[-116.825,49.5682],[-116.6831,49.5706],[-116.6863,49.5797],[-116.6747,49.5837],[-116.6826,49.5903],[-116.6756,49.5911],[-116.664,49.6067],[-116.65,49.6149],[-116.6447,49.6285],[-116.6494,49.632],[-116.6679,49.6298],[-116.6766,49.6345],[-116.6779,49.642],[-116.6569,49.6709],[-116.6459,49.6737],[-116.64,49.6807],[-116.6256,49.6821],[-116.6218,49.6884],[-116.6086,49.6939],[-116.5886,49.697],[-116.588,49.7012],[-116.6076,49.7158],[-116.5919,49.7231],[-116.5941,49.7339],[-116.587,49.7372],[-116.6017,49.7467],[-116.6233,49.7507],[-116.6218,49.7615],[-116.6289,49.7684],[-116.6275,49.7759],[-116.6365,49.7776],[-116.643,49.7867],[-116.6614,49.7859],[-116.6798,49.8037],[-116.6799,49.8106],[-116.6853,49.8131],[-116.6737,49.8204],[-116.6823,49.8255],[-116.6786,49.8291],[-116.6874,49.8363],[-116.6903,49.8445],[-116.6848,49.8465],[-116.6879,49.8505],[-116.6831,49.8627],[-116.6946,49.8761],[-116.6733,49.8838],[-116.6444,49.8834],[-116.6339,49.8875],[-116.6142,49.9176],[-116.6024,49.926],[-116.5828,49.9311],[-116.5806,49.9526],[-116.5617,49.953],[-116.5116,49.9864],[-116.4918,49.9737],[-116.4649,49.9659],[-116.4521,49.9687],[-116.444,49.98],[-116.4421,49.9878],[-116.469,50.0044],[-116.4712,50.0147],[-116.4674,50.0228],[-116.473,50.0283],[-116.4699,50.0393],[-116.4976,50.0529],[-116.5,50.0669],[-116.4945,50.0997],[-116.4799,50.1102],[-116.4666,50.1079],[-116.4486,50.1252],[-116.4467,50.1395],[-116.4529,50.1554],[-116.4776,50.1612],[-116.4899,50.1751],[-116.4883,50.1905],[-116.5084,50.2002],[-116.5089,50.2042],[-116.549,50.2074],[-116.5615,50.2164],[-116.5544,50.223],[-116.5589,50.2334],[-116.5477,50.2427],[-116.5522,50.2482],[-116.5489,50.2654],[-116.5535,50.2672],[-116.5558,50.2809],[-116.5403,50.3131],[-116.5421,50.3194],[-116.5676,50.3174],[-116.594,50.308],[-116.6205,50.3173],[-116.6167,50.3224],[-116.6243,50.3268],[-116.6211,50.3321],[-116.627,50.3423],[-116.6159,50.3497],[-116.636,50.3762],[-116.6316,50.3854],[-116.634,50.3937],[-116.6402,50.3967],[-116.6404,50.4098],[-116.649,50.413],[-116.6559,50.4228],[-116.6917,50.4314],[-116.6935,50.4504],[-116.717,50.4602],[-116.7141,50.464],[-116.7187,50.4663],[-116.7131,50.4753],[-116.691,50.4885],[-116.6915,50.5107],[-116.6983,50.5189],[-116.6701,50.5345],[-116.6611,50.5621],[-116.6694,50.57],[-116.6558,50.5973],[-116.6327,50.603],[-116.6236,50.6206],[-116.6125,50.6298],[-116.5861,50.6286],[-116.5763,50.6355],[-116.5807,50.6447],[-116.5999,50.6504],[-116.6105,50.6681],[-116.6231,50.6648],[-116.6471,50.6679],[-116.656,50.6709],[-116.6571,50.6782],[-116.6684,50.6796],[-116.6827,50.6713],[-116.7174,50.6696],[-116.7494,50.6787],[-116.7489,50.6929],[-116.769,50.7021],[-116.7809,50.6986],[-116.7942,50.7129],[-116.7886,50.7168],[-116.7977,50.7264],[-116.795,50.7299],[-116.8136,50.729],[-116.821,50.7361],[-116.8162,50.7425],[-116.8297,50.7493],[-116.8281,50.7572],[-116.8141,50.7679],[-116.8132,50.7849],[-116.8323,50.7863],[-116.8446,50.7821],[-116.8583,50.7695],[-116.8847,50.7714],[-116.9177,50.7915],[-116.9664,50.8103],[-116.9895,50.8084],[-117.0167,50.8196],[-117.0401,50.8148],[-117.0523,50.832],[-117.0439,50.8559],[-117.0747,50.8542],[-117.087,50.8647],[-117.0734,50.8915],[-117.0795,50.8981],[-117.0698,50.9026],[-117.0675,50.9094],[-117.0725,50.92],[-117.0399,50.9579],[-117.056,50.9645],[-117.0602,50.9609],[-117.0719,50.9713],[-117.1149,50.9669],[-117.127,50.977],[-117.1471,50.9724],[-117.1616,50.9749],[-117.1674,50.9808],[-117.1616,50.9895],[-117.1646,50.9941],[-117.1452,51.0046],[-117.1358,51.0167],[-117.1362,51.023],[-117.1416,51.0265],[-117.1713,51.0246],[-117.1701,51.0415],[-117.1947,51.0524],[-117.205,51.0516],[-117.2091,51.0565],[-117.2062,51.062],[-117.2106,51.0646],[-117.2327,51.058],[-117.2435,51.062],[-117.2579,51.0593],[-117.2645,51.0519],[-117.3003,51.0356],[-117.35,51.0389],[-117.3516,51.0545],[-117.3622,51.0638],[-117.3825,51.0699],[-117.3856,51.0756],[-117.3863,51.081],[-117.376,51.0942],[-117.3785,51.1033],[-117.414,51.111],[-117.4108,51.1282],[-117.3889,51.1336],[-117.3855,51.1404],[-117.3865,51.1477],[-117.3941,51.1524],[-117.4112,51.1532],[-117.4212,51.1608],[-117.4259,51.1768],[-117.4227,51.1838],[-117.3906,51.2073],[-117.4,51.228],[-117.4082,51.2342],[-117.4122,51.2462],[-117.4423,51.2682],[-117.4415,51.2728],[-117.4588,51.2766],[-117.4817,51.2963],[-117.5166,51.2902],[-117.535,51.2937],[-117.5503,51.283],[-117.5803,51.2826],[-117.5907,51.2971],[-117.6015,51.2978],[-117.6088,51.2904],[-117.636,51.2839],[-117.647,51.2752],[-117.7362,51.2785],[-117.7461,51.2874],[-117.7411,51.294],[-117.7458,51.3025],[-117.7306,51.3148],[-117.7545,51.3202],[-117.7682,51.3299],[-117.7685,51.3418],[-117.8049,51.3452],[-117.8039,51.3564],[-117.8397,51.3716],[-117.8351,51.3876],[-117.8588,51.3904],[-117.8652,51.4018],[-117.8921,51.4261],[-117.9119,51.4265],[-117.9229,51.4532],[-117.93,51.4519],[-117.9709,51.4772],[-117.9886,51.4999],[-117.9773,51.5098],[-117.9599,51.5102],[-117.9394,51.5309],[-117.9417,51.5426],[-117.9543,51.545],[-117.9814,51.5746],[-117.9888,51.5769],[-117.9814,51.5926],[-117.9865,51.6075],[-117.9737,51.6393],[-117.9411,51.6482],[-117.9334,51.6555],[-117.9307,51.6652],[-117.9383,51.6695],[-117.9409,51.6834],[-117.9342,51.6959],[-117.9231,51.7016],[-117.928,51.7143],[-117.9083,51.7238],[-117.9585,51.7256],[-117.9817,51.7395],[-118.0137,51.7447],[-118.0221,51.7361],[-118.0192,51.7285],[-118.0245,51.7253],[-118.0748,51.7256],[-118.0947,51.7044],[-118.1121,51.7102],[-118.1255,51.7239],[-118.1213,51.7452],[-118.1304,51.779],[-118.1608,51.7799],[-118.1898,51.7915],[-118.176,51.8029],[-118.1764,51.8122],[-118.1512,51.8274],[-118.1398,51.8554],[-118.1487,51.8635],[-118.124,51.8891],[-118.1256,51.8943],[-118.1562,51.8982],[-118.175,51.9073],[-118.1683,51.9179],[-118.1744,51.9372],[-118.1878,51.9429],[-118.1946,51.9514],[-118.1955,51.9637],[-118.2186,51.9752],[-118.2615,51.9641],[-118.2753,51.9647],[-118.2858,51.9827],[-118.2969,51.9874],[-118.3466,51.9931],[-118.357,51.9919],[-118.3608,51.9803],[-118.3747,51.9763],[-118.3923,51.9799],[-118.3981,52.0015],[-118.4037,52.0014],[-118.3916,52.0136],[-118.3972,52.0294],[-118.4559,52.0632],[-118.4403,52.075],[-118.4464,52.1433],[-118.4412,52.1562],[-118.4565,52.1674],[-118.4535,52.1865],[-118.4785,52.2118],[-118.4644,52.224],[-118.5535,52.2795],[-118.5443,52.2905],[-118.521,52.2841],[-118.5016,52.288],[-118.4902,52.2939],[-118.494,52.3107],[-118.4384,52.3226],[-118.4304,52.3337],[-118.4203,52.3373],[-118.3934,52.3333],[-118.3877,52.3355],[-118.3835,52.3475],[-118.3554,52.3642],[-118.3293,52.3679],[-118.3067,52.361],[-118.3052,52.3499],[-118.2962,52.3417],[-118.2964,52.3329],[-118.2762,52.3439],[-118.2501,52.3506],[-118.2434,52.3754],[-118.2301,52.3802],[-118.2135,52.3717],[-118.1869,52.3718],[-118.1825,52.3755],[-118.1859,52.3808],[-118.1731,52.3906],[-118.1421,52.3908],[-118.146,52.4025],[-118.1384,52.4064],[-118.0933,52.406],[-118.0661,52.3981],[-118.0416,52.398],[-118.0525,52.4166],[-118.0354,52.4213],[-118.0371,52.4321],[-118.0331,52.438],[-118.0509,52.4445],[-118.0596,52.4556],[-118.0181,52.4586],[-118.0255,52.4653],[-118.0248,52.473],[-118.0083,52.4846],[-118.0056,52.4933],[-117.9913,52.4972],[-117.9838,52.4927],[-117.9875,52.4848],[-117.9729,52.4831]]]]}},{"type":"Feature","properties":{"hsda_code":12,"hsda":"Kootenay Boundary","health_authority":"Interior","area_km2":28858},"geometry":{"type":"MultiPolygon","coordinates":[[[[-117.2091,51.0565],[-117.205,51.0516],[-117.1947,51.0524],[-117.1701,51.0415],[-117.1713,51.0246],[-117.1416,51.0265],[-117.1362,51.023],[-117.1358,51.0167],[-117.1452,51.0046],[-117.1646,50.9941],[-117.1616,50.9895],[-117.1674,50.9808],[-117.1616,50.9749],[-117.1471,50.9724],[-117.127,50.977],[-117.1149,50.9669],[-117.0719,50.9713],[-117.0602,50.9609],[-117.056,50.9645],[-117.0399,50.9579],[-117.0725,50.92],[-117.0675,50.9094],[-117.0698,50.9026],[-117.0795,50.8981],[-117.0734,50.8915],[-117.087,50.8647],[-117.0747,50.8542],[-117.0439,50.8559],[-117.0523,50.832],[-117.0401,50.8148],[-117.0167,50.8196],[-116.9895,50.8084],[-116.9664,50.8103],[-116.9177,50.7915],[-116.8847,50.7714],[-116.8583,50.7695],[-116.8446,50.7821],[-116.8323,50.7863],[-116.8132,50.7849],[-116.8141,50.7679],[-116.8281,50.7572],[-116.8297,50.7493],[-116.8162,50.7425],[-116.821,50.7361],[-116.8136,50.729],[-116.795,50.7299],[-116.7977,50.7264],[-116.7886,50.7168],[-116.7942,50.7129],[-116.7809,50.6986],[-116.769,50.7021],[-116.7489,50.6929],[-116.7494,50.6787],[-116.7174,50.6696],[-116.6827,50.6713],[-116.6684,50.6796],[-116.6571,50.6782],[-116.6539,50.6694],[-116.6231,50.6648],[-116.6105,50.6681],[-116.5976,50.6485],[-116.5807,50.6447],[-116.5763,50.6355],[-116.5861,50.6286],[-116.6125,50.6298],[-116.6236,50.6206],[-116.6327,50.603],[-116.6558,50.5973],[-116.6694,50.57],[-116.6611,50.5621],[-116.6701,50.5345],[-116.6983,50.5189],[-116.6915,50.5107],[-116.691,50.4885],[-116.7131,50.4753],[-116.7187,50.4663],[-116.7141,50.464],[-116.717,50.4602],[-116.6935,50.4504],[-116.6917,50.4314],[-116.6559,50.4228],[-116.649,50.413],[-116.6404,50.4098],[-116.6402,50.3967],[-116.634,50.3937],[-116.6316,50.3854],[-116.636,50.3762],[-116.6159,50.3497],[-116.627,50.3423],[-116.6211,50.3321],[-116.6243,50.3268],[-116.6167,50.3224],[-116.6205,50.3173],[-116.594,50.308],[-116.5676,50.3174],[-116.5421,50.3194],[-116.5403,50.3131],[-116.5558,50.2809],[-116.5535,50.2672],[-116.5489,50.2654],[-116.5522,50.2482],[-116.5477,50.2427],[-116.5589,50.2334],[-116.5544,50.223],[-116.5615,50.2164],[-116.549,50.2074],[-116.5089,50.2042],[-116.5084,50.2002],[-116.4883,50.1905],[-116.4888,50.1735],[-116.4776,50.1612],[-116.4529,50.1554],[-116.4467,50.1395],[-116.4522,50.1198],[-116.463,50.1155],[-116.4666,50.1079],[-116.4799,50.1102],[-116.4945,50.0997],[-116.495,50.0819],[-116.4998,50.0752],[-116.4976,50.0529],[-116.4699,50.0393],[-116.473,50.0283],[-116.4674,50.0228],[-116.4712,50.0147],[-116.469,50.0044],[-116.4421,49.9878],[-116.4521,49.9687],[-116.4774,49.9691],[-116.5116,49.9864],[-116.5617,49.953],[-116.5806,49.9526],[-116.5828,49.9311],[-116.6024,49.926],[-116.6142,49.9176],[-116.6339,49.8875],[-116.6444,49.8834],[-116.6733,49.8838],[-116.6946,49.8761],[-116.6831,49.8627],[-116.6879,49.8505],[-116.6848,49.8465],[-116.6903,49.8445],[-116.6874,49.8363],[-116.6786,49.8291],[-116.6823,49.8255],[-116.6737,49.8204],[-116.6853,49.8131],[-116.6799,49.8106],[-116.6798,49.8037],[-116.6614,49.7859],[-116.643,49.7867],[-116.6365,49.7776],[-116.6275,49.7759],[-116.6289,49.7684],[-116.6218,49.7615],[-116.6233,49.7507],[-116.6017,49.7467],[-116.587,49.7372],[-116.5941,49.7339],[-116.5919,49.7231],[-116.6076,49.7158],[-116.588,49.7012],[-116.5886,49.697],[-116.6086,49.6939],[-116.6218,49.6884],[-116.6256,49.6821],[-116.64,49.6807],[-116.6459,49.6737],[-116.6569,49.6709],[-116.6779,49.642],[-116.6766,49.6345],[-116.6679,49.6298],[-116.6494,49.632],[-116.6447,49.6285],[-116.65,49.6149],[-116.664,49.6067],[-116.6756,49.5911],[-116.6826,49.5903],[-116.6747,49.5837],[-116.6863,49.5797],[-116.6831,49.5706],[-116.825,49.5682],[-116.8134,49.5442],[-116.8056,49.475],[-117.0795,49.4737],[-117.1009,49.4643],[-117.1177,49.4482],[-117.1207,49.4314],[-117.1004,49.4182],[-117.1059,49.387],[-117.0986,49.383],[-117.0635,49.3825],[-117.0634,49.374],[-117.054,49.3645],[-117.0716,49.3216],[-117.0629,49.3069],[-117.0712,49.2883],[-117.0616,49.2834],[-117.0391,49.2925],[-117.041,49.2806],[-117.0098,49.2541],[-117.0113,49.2468],[-117.0309,49.2392],[-117.033,49.2223],[-117.0429,49.2172],[-117.0409,49.2105],[-117.0473,49.2023],[-117.0499,49.1906],[-117.046,49.1799],[-117.0383,49.1768],[-117.0404,49.1701],[-117.0294,49.164],[-117.0388,49.1561],[-117.0251,49.1413],[-117.0262,49.129],[-117.0319,49.1222],[-117.0463,49.1182],[-117.0471,49.1045],[-117.0566,49.0952],[-117.0472,49.0775],[-117.0544,49.0695],[-117.0304,49.0509],[-117.0097,49.0571],[-116.9782,49.0498],[-116.9594,49.0533],[-116.9617,49.0593],[-116.9245,49.0642],[-116.9145,49.0582],[-116.9208,49.0556],[-116.8905,49.0427],[-116.8854,49.0285],[-116.8962,49.0107],[-116.9138,49.0056],[-116.9136,49.0001],[-119.2951,49.0001],[-119.2951,49.0073],[-119.3012,49.0073],[-119.3013,49.0833],[-119.2895,49.0884],[-119.2926,49.097],[-119.2692,49.1149],[-119.284,49.1368],[-119.2625,49.1474],[-119.2533,49.1676],[-119.242,49.1699],[-119.2336,49.1833],[-119.2231,49.1871],[-119.2217,49.1946],[-119.2113,49.1983],[-119.2078,49.2049],[-119.1909,49.2001],[-119.1825,49.2036],[-119.178,49.2169],[-119.1967,49.2156],[-119.2131,49.222],[-119.2402,49.2445],[-119.2241,49.2766],[-119.2029,49.2906],[-119.1808,49.2979],[-119.1753,49.3092],[-119.2086,49.3233],[-119.2024,49.3394],[-119.2102,49.344],[-119.2347,49.34],[-119.2608,49.3465],[-119.2619,49.3524],[-119.2422,49.3774],[-119.2632,49.3786],[-119.2644,49.3834],[-119.2795,49.3828],[-119.2861,49.3885],[-119.2893,49.3803],[-119.3008,49.3849],[-119.301,49.5028],[-119.3061,49.5082],[-119.3021,49.5229],[-119.3119,49.5307],[-119.3236,49.5298],[-119.3333,49.5451],[-119.3331,49.5553],[-119.34,49.5571],[-119.3394,49.5649],[-119.3507,49.5886],[-119.3422,49.6023],[-119.3572,49.6184],[-119.3495,49.6313],[-119.3667,49.6365],[-119.3733,49.6451],[-119.3716,49.6702],[-119.3769,49.6791],[-119.3019,49.7073],[-119.295,49.7204],[-119.2645,49.7326],[-119.2586,49.7436],[-119.2499,49.739],[-119.2116,49.7454],[-119.1999,49.7581],[-119.1643,49.7581],[-119.1643,49.7636],[-119.1531,49.7636],[-119.1531,49.812],[-118.3075,49.8121],[-118.3335,49.821],[-118.3772,49.8247],[-118.3775,49.8409],[-118.3837,49.8525],[-118.3789,49.8618],[-118.3854,49.872],[-118.3679,49.875],[-118.3529,49.8942],[-118.368,49.9],[-118.3772,49.9123],[-118.4174,49.9086],[-118.4195,49.9206],[-118.4138,49.9347],[-118.4225,49.9418],[-118.418,49.9442],[-118.4201,49.9627],[-118.4135,49.9663],[-118.416,49.9749],[-118.4311,49.9799],[-118.4425,49.9736],[-118.4656,49.9758],[-118.4718,49.9893],[-118.4682,50.0041],[-118.451,50.0017],[-118.4526,50.0079],[-118.4381,50.0052],[-118.4315,50.0118],[-118.4506,50.0249],[-118.5,50.031],[-118.4973,50.0344],[-118.3993,50.0341],[-118.3995,50.0789],[-118.3806,50.0778],[-118.3829,50.0821],[-118.377,50.0908],[-118.3369,50.099],[-118.2956,50.0973],[-118.2919,50.1079],[-118.2962,50.1161],[-118.2901,50.1315],[-118.2949,50.1362],[-118.2804,50.1437],[-118.2764,50.1505],[-118.2786,50.1566],[-118.2513,50.1695],[-118.2645,50.1815],[-118.2425,50.1949],[-118.244,50.2],[-118.2369,50.2073],[-118.2605,50.2278],[-118.266,50.2424],[-118.2627,50.2484],[-118.2699,50.2514],[-118.2749,50.2784],[-118.2676,50.2961],[-118.2475,50.3012],[-118.2629,50.3136],[-118.2553,50.327],[-118.2655,50.3278],[-118.2578,50.3349],[-118.2675,50.3401],[-118.2958,50.3385],[-118.3048,50.3423],[-118.2912,50.3707],[-118.2989,50.3804],[-118.2811,50.3937],[-118.2539,50.3995],[-118.2752,50.4024],[-118.274,50.4198],[-118.2688,50.4265],[-118.2718,50.4365],[-118.2277,50.4355],[-118.2123,50.4402],[-118.2022,50.4554],[-118.2072,50.4649],[-118.2213,50.4717],[-118.2205,50.4763],[-118.2123,50.4808],[-118.1929,50.4763],[-118.1868,50.4871],[-118.1717,50.4963],[-118.1875,50.5005],[-118.2116,50.5157],[-118.2037,50.5312],[-118.2161,50.5391],[-118.2018,50.5524],[-118.1889,50.5492],[-118.1804,50.5532],[-118.1804,50.5664],[-118.1844,50.5693],[-118.1768,50.571],[-118.1787,50.58],[-118.1626,50.5893],[-118.1688,50.5934],[-118.1696,50.6065],[-118.1627,50.6116],[-118.18,50.6233],[-118.181,50.6353],[-118.1943,50.6338],[-118.2028,50.6386],[-118.1997,50.6462],[-118.2067,50.6547],[-118.1865,50.6602],[-118.1762,50.6694],[-118.201,50.6741],[-118.2132,50.6793],[-118.2139,50.6836],[-118.2073,50.6903],[-118.1773,50.6832],[-118.1273,50.6808],[-118.0717,50.6915],[-118.0723,50.6712],[-118.0671,50.6645],[-118.0253,50.6542],[-118.0084,50.6428],[-118.0099,50.6031],[-118.0014,50.5905],[-118.0017,50.5639],[-117.9896,50.5479],[-117.9886,50.5337],[-117.9283,50.5338],[-117.9251,50.5616],[-117.9301,50.5938],[-117.8982,50.6247],[-117.9022,50.6388],[-117.9201,50.6596],[-117.9138,50.67],[-117.8797,50.6876],[-117.8448,50.6935],[-117.8204,50.7032],[-117.7786,50.7365],[-117.7406,50.748],[-117.7407,50.7658],[-117.7605,50.8275],[-117.4536,50.8291],[-117.4603,50.8498],[-117.4711,50.8614],[-117.4698,50.8662],[-117.4905,50.8844],[-117.4673,50.9024],[-117.4449,50.9003],[-117.4176,50.9092],[-117.4197,50.925],[-117.4322,50.9268],[-117.4393,50.9351],[-117.4264,50.9528],[-117.3956,50.9645],[-117.403,50.98],[-117.3899,50.9907],[-117.3907,50.9998],[-117.3803,51.0025],[-117.3664,51.0194],[-117.3526,51.0222],[-117.3406,51.0375],[-117.3003,51.0356],[-117.2645,51.0519],[-117.2579,51.0593],[-117.2435,51.062],[-117.2327,51.058],[-117.2106,51.0646],[-117.2062,51.062],[-117.2091,51.0565]]]]}},{"type":"Feature","properties":{"hsda_code":13,"hsda":"Okanagan","health_authority":"Interior","area_km2":21415},"geometry":{"type":"MultiPolygon","coordinates":[[[[-118.5127,50.9151],[-118.4782,50.897],[-118.4471,50.9021],[-118.4263,50.8971],[-118.4115,50.8844],[-118.3887,50.8844],[-118.374,50.8895],[-118.3563,50.8826],[-118.3497,50.888],[-118.3266,50.8822],[-118.3199,50.8876],[-118.2847,50.8902],[-118.2744,50.8987],[-118.2616,50.8852],[-118.2828,50.8793],[-118.294,50.8697],[-118.2946,50.862],[-118.2855,50.8472],[-118.2691,50.8412],[-118.2741,50.8298],[-118.2583,50.8187],[-118.2693,50.8093],[-118.2556,50.7979],[-118.261,50.7945],[-118.2584,50.7838],[-118.2474,50.7758],[-118.2517,50.7697],[-118.2429,50.7614],[-118.2457,50.7535],[-118.2356,50.7527],[-118.2278,50.7435],[-118.2069,50.7371],[-118.2112,50.7289],[-118.2078,50.7259],[-118.2095,50.7123],[-118.2026,50.6977],[-118.2145,50.6803],[-118.1752,50.6676],[-118.2064,50.6551],[-118.1997,50.6462],[-118.2028,50.6386],[-118.1943,50.6338],[-118.181,50.6353],[-118.18,50.6233],[-118.1627,50.6116],[-118.1696,50.6065],[-118.1688,50.5934],[-118.1626,50.5893],[-118.1787,50.58],[-118.1768,50.571],[-118.1844,50.5693],[-118.1804,50.5664],[-118.1804,50.5532],[-118.1889,50.5492],[-118.2018,50.5524],[-118.2162,50.5388],[-118.2037,50.5312],[-118.2116,50.5157],[-118.1875,50.5005],[-118.1717,50.4963],[-118.1868,50.4871],[-118.1929,50.4763],[-118.2123,50.4808],[-118.2205,50.4763],[-118.2213,50.4717],[-118.2072,50.4649],[-118.2022,50.4554],[-118.2123,50.4402],[-118.2277,50.4355],[-118.2718,50.4365],[-118.2688,50.4265],[-118.274,50.4198],[-118.2752,50.4024],[-118.254,50.3992],[-118.2811,50.3937],[-118.2989,50.3804],[-118.2912,50.3707],[-118.3046,50.3406],[-118.2795,50.3414],[-118.2585,50.3359],[-118.2657,50.3281],[-118.2553,50.327],[-118.2629,50.3136],[-118.2475,50.3012],[-118.2676,50.2961],[-118.2748,50.2817],[-118.2699,50.2514],[-118.2627,50.2484],[-118.266,50.2424],[-118.2605,50.2278],[-118.2369,50.2073],[-118.244,50.2],[-118.2425,50.1949],[-118.2645,50.1815],[-118.2513,50.1695],[-118.2786,50.1566],[-118.2764,50.1505],[-118.2804,50.1437],[-118.2949,50.1362],[-118.2901,50.1315],[-118.2962,50.1161],[-118.2919,50.1079],[-118.2956,50.0973],[-118.3369,50.099],[-118.377,50.0908],[-118.3829,50.0821],[-118.3806,50.0778],[-118.3995,50.0789],[-118.3993,50.0341],[-118.4973,50.0344],[-118.5,50.031],[-118.4506,50.0249],[-118.4315,50.0118],[-118.4381,50.0052],[-118.4526,50.0079],[-118.451,50.0017],[-118.4682,50.0041],[-118.4718,49.9893],[-118.4656,49.9758],[-118.4425,49.9736],[-118.4311,49.9799],[-118.416,49.9749],[-118.4135,49.9663],[-118.4201,49.9627],[-118.418,49.9442],[-118.4225,49.9418],[-118.4138,49.9347],[-118.4195,49.9206],[-118.4174,49.9086],[-118.3772,49.9123],[-118.368,49.9],[-118.3529,49.8942],[-118.3679,49.875],[-118.3854,49.872],[-118.3789,49.8618],[-118.3837,49.8525],[-118.3775,49.8409],[-118.3772,49.8247],[-118.3335,49.821],[-118.3075,49.8121],[-119.1531,49.812],[-119.1531,49.7636],[-119.1643,49.7636],[-119.1643,49.7581],[-119.1999,49.7581],[-119.2116,49.7454],[-119.2499,49.739],[-119.2586,49.7436],[-119.2645,49.7326],[-119.295,49.7204],[-119.3019,49.7073],[-119.3769,49.6791],[-119.3716,49.6702],[-119.3733,49.6451],[-119.3667,49.6365],[-119.3495,49.6313],[-119.3572,49.6184],[-119.3422,49.6023],[-119.3507,49.5886],[-119.3394,49.5649],[-119.34,49.5571],[-119.3331,49.5553],[-119.3333,49.5451],[-119.3236,49.5298],[-119.3119,49.5307],[-119.3021,49.5229],[-119.3061,49.5082],[-119.301,49.5028],[-119.3008,49.3849],[-119.2893,49.3803],[-119.2861,49.3885],[-119.2795,49.3828],[-119.2644,49.3834],[-119.2632,49.3786],[-119.2422,49.3774],[-119.2619,49.3524],[-119.2608,49.3465],[-119.2347,49.34],[-119.2102,49.344],[-119.2024,49.3394],[-119.2086,49.3233],[-119.1753,49.3092],[-119.1808,49.2979],[-119.2029,49.2906],[-119.2241,49.2766],[-119.2402,49.2445],[-119.2131,49.222],[-119.1967,49.2156],[-119.178,49.2169],[-119.1825,49.2036],[-119.1909,49.2001],[-119.2078,49.2049],[-119.2113,49.1983],[-119.2217,49.1946],[-119.2231,49.1871],[-119.2336,49.1833],[-119.242,49.1699],[-119.2533,49.1676],[-119.2625,49.1474],[-119.284,49.1368],[-119.2692,49.1149],[-119.2926,49.097],[-119.2895,49.0884],[-119.3013,49.0833],[-119.3012,49.0073],[-119.2951,49.0073],[-119.2949,49.0],[-120.8484,49.0001],[-120.8529,49.0202],[-120.8459,49.0332],[-120.8475,49.0402],[-120.8617,49.0493],[-120.8817,49.0495],[-120.8843,49.0557],[-120.8796,49.0643],[-120.8926,49.078],[-120.9058,49.0763],[-120.9213,49.0863],[-120.9491,49.0891],[-120.9662,49.0977],[-120.9658,49.1039],[-120.9427,49.1048],[-120.9141,49.119],[-120.8932,49.1126],[-120.8865,49.1172],[-120.872,49.1145],[-120.8645,49.1197],[-120.8563,49.1344],[-120.8688,49.1497],[-120.8972,49.171],[-120.881,49.1778],[-120.8967,49.191],[-120.8909,49.1963],[-120.892,49.2095],[-120.8701,49.2053],[-120.8592,49.2086],[-120.8557,49.2188],[-120.8457,49.2237],[-120.8496,49.2347],[-120.8452,49.2404],[-120.8493,49.2445],[-120.8393,49.2528],[-120.8183,49.2504],[-120.816,49.2597],[-120.8226,49.2807],[-120.8123,49.2833],[-120.8165,49.2889],[-120.8102,49.2896],[-120.8359,49.2951],[-120.8351,49.3014],[-120.8455,49.3027],[-120.8584,49.2963],[-120.8721,49.3048],[-120.8782,49.3028],[-120.8879,49.311],[-120.8972,49.3113],[-120.9251,49.2954],[-120.9253,49.2881],[-120.9415,49.2712],[-120.9623,49.2789],[-120.9758,49.2719],[-121.0001,49.2773],[-120.9932,49.2957],[-120.9995,49.3018],[-120.9976,49.3133],[-121.0229,49.3028],[-121.0331,49.3104],[-121.033,49.3157],[-121.0418,49.3186],[-121.0437,49.3319],[-121.056,49.3344],[-121.076,49.3273],[-121.0927,49.3394],[-121.0988,49.3498],[-121.0855,49.3479],[-121.0743,49.3527],[-121.0991,49.3533],[-121.0991,49.4407],[-121.0902,49.4407],[-121.0788,49.4574],[-121.0804,49.4651],[-121.0867,49.4666],[-121.0895,49.4733],[-121.0638,49.4709],[-121.0548,49.4752],[-121.0627,49.4887],[-121.0737,49.496],[-121.0713,49.5037],[-121.0803,49.5154],[-121.0719,49.5234],[-121.053,49.5256],[-121.0459,49.5313],[-121.0488,49.5426],[-121.0344,49.5513],[-121.0323,49.5646],[-121.0387,49.5688],[-121.0411,49.5832],[-121.0202,49.5936],[-120.992,49.5963],[-120.9912,49.6065],[-120.9825,49.6114],[-120.9704,49.6066],[-120.9603,49.6129],[-120.9601,49.6192],[-120.9694,49.6283],[-120.9679,49.6357],[-120.9576,49.6417],[-120.9632,49.6513],[-120.9554,49.6781],[-120.9675,49.6799],[-120.9746,49.6907],[-120.963,49.6919],[-120.9484,49.7163],[-120.9337,49.7159],[-120.9315,49.727],[-120.9152,49.7324],[-120.914,49.748],[-120.9249,49.7546],[-120.92,49.7585],[-120.7729,49.7633],[-120.7727,49.76],[-120.7624,49.7599],[-120.7618,49.7493],[-120.6013,49.7492],[-120.6012,49.77],[-120.5891,49.7726],[-120.4893,49.7726],[-120.4896,49.7777],[-120.4805,49.7782],[-120.4814,49.784],[-120.4662,49.7885],[-120.4585,49.8001],[-120.4492,49.8003],[-120.4468,49.808],[-120.4306,49.8154],[-120.4262,49.8343],[-120.4201,49.8395],[-120.3867,49.8605],[-120.3902,49.8644],[-120.3856,49.8713],[-120.3901,49.8739],[-120.3743,49.8798],[-120.3739,49.8869],[-120.3638,49.8915],[-120.3706,49.9029],[-120.3505,49.9095],[-120.3434,49.9075],[-120.3384,49.9126],[-120.3224,49.9113],[-120.3133,49.9011],[-120.2806,49.9002],[-120.2678,49.8843],[-120.2584,49.8852],[-120.2452,49.8785],[-120.2508,49.8641],[-120.2431,49.8541],[-120.2466,49.8448],[-120.2268,49.8453],[-120.1988,49.8625],[-120.1855,49.8587],[-120.1833,49.8527],[-120.1731,49.8564],[-120.1688,49.8644],[-120.1188,49.844],[-120.0973,49.8431],[-120.0906,49.8478],[-120.0734,49.8351],[-120.0511,49.8604],[-120.0599,49.8673],[-120.0583,49.876],[-120.0279,49.8802],[-120.0386,49.8896],[-120.0245,49.8955],[-120.0274,49.9021],[-120.0386,49.9064],[-120.0362,49.9111],[-120.0165,49.914],[-120.0144,49.9212],[-120.0056,49.9196],[-119.9884,49.939],[-119.9544,49.9176],[-119.9379,49.9355],[-119.9291,49.9347],[-119.9184,49.9496],[-119.8958,49.9581],[-119.8937,49.9637],[-119.8837,49.9683],[-119.8642,49.9679],[-119.8555,49.976],[-119.8309,49.9808],[-119.8266,49.985],[-119.8278,49.9978],[-119.805,50.0044],[-119.7843,50.0022],[-119.7725,50.0133],[-119.801,50.0207],[-119.8091,50.0304],[-119.7831,50.0446],[-119.76,50.0483],[-119.7647,50.0557],[-119.76,50.0603],[-119.7664,50.0664],[-119.7558,50.0689],[-119.745,50.079],[-119.7622,50.0856],[-119.7448,50.0871],[-119.7404,50.0903],[-119.7458,50.0962],[-119.7296,50.1067],[-119.7432,50.112],[-119.746,50.1251],[-119.7842,50.118],[-119.7869,50.1234],[-119.781,50.13],[-119.7792,50.1437],[-119.8011,50.1512],[-119.7996,50.1598],[-119.8091,50.1712],[-119.8046,50.1745],[-119.831,50.1844],[-119.8088,50.1949],[-119.8014,50.2042],[-119.777,50.1996],[-119.7474,50.2053],[-119.752,50.2255],[-119.7645,50.2344],[-119.7518,50.252],[-119.7546,50.2572],[-119.7476,50.2619],[-119.7247,50.2602],[-119.7193,50.27],[-119.6845,50.2944],[-119.6821,50.3054],[-119.6971,50.3058],[-119.7119,50.3204],[-119.6795,50.3295],[-119.6785,50.334],[-119.666,50.3338],[-119.6799,50.3445],[-119.6631,50.3489],[-119.6628,50.3635],[-119.6464,50.3618],[-119.6484,50.3694],[-119.6348,50.3731],[-119.6443,50.3914],[-119.6412,50.4017],[-119.6298,50.4017],[-119.6297,50.4162],[-119.6068,50.4162],[-119.6069,50.4308],[-119.584,50.4308],[-119.5839,50.4453],[-119.5266,50.4454],[-119.5266,50.4309],[-119.4461,50.4309],[-119.4461,50.4164],[-119.3194,50.4161],[-119.3195,50.4413],[-119.3308,50.4414],[-119.3307,50.4707],[-119.2981,50.4715],[-119.2975,50.4856],[-119.2635,50.4855],[-119.2631,50.4929],[-119.2971,50.4931],[-119.297,50.5003],[-119.3083,50.5004],[-119.3085,50.5286],[-119.1842,50.5279],[-119.1803,50.7501],[-118.8819,50.7504],[-118.8765,50.7577],[-118.8566,50.7592],[-118.8521,50.7664],[-118.8326,50.7658],[-118.8309,50.7761],[-118.8137,50.7848],[-118.8108,50.7963],[-118.7833,50.8055],[-118.7816,50.824],[-118.7778,50.8261],[-118.7227,50.8245],[-118.7188,50.8129],[-118.6704,50.8162],[-118.664,50.8244],[-118.6703,50.8449],[-118.6526,50.8532],[-118.632,50.8487],[-118.6268,50.8548],[-118.6379,50.8633],[-118.6272,50.8864],[-118.6158,50.8899],[-118.6206,50.8969],[-118.6191,50.9221],[-118.5994,50.9267],[-118.5861,50.9222],[-118.5795,50.9298],[-118.5413,50.9336],[-118.5399,50.9373],[-118.5127,50.9151]]]]}},{"type":"Feature","properties":{"hsda_code":14,"hsda":"Thompson Cariboo Shuswap","health_authority":"Interior","area_km2":120156},"geometry":{"type":"MultiPolygon","coordinates":[[[[-120.4531,52.9933],[-120.4359,52.989],[-120.4336,52.9828],[-120.438,52.9723],[-120.421,52.9572],[-120.3914,52.9644],[-120.3733,52.9618],[-120.3339,52.925],[-120.2966,52.9204],[-120.2653,52.9273],[-120.2519,52.9229],[-120.2456,52.9197],[-120.2433,52.9048],[-120.2226,52.8996],[-120.212,52.8769],[-120.1793,52.858],[-120.1716,52.8566],[-120.1391,52.8759],[-120.1116,52.8646],[-120.1018,52.8547],[-120.1026,52.8443],[-120.0947,52.8389],[-120.0664,52.8238],[-120.0497,52.8237],[-120.0406,52.8172],[-120.0559,52.8094],[-120.0304,52.7914],[-120.0228,52.779],[-120.0256,52.7724],[-120.0166,52.7681],[-120.0153,52.7585],[-120.0079,52.7501],[-119.9678,52.7334],[-119.9707,52.7302],[-119.9642,52.719],[-119.9563,52.7154],[-119.9403,52.7218],[-119.8954,52.7187],[-119.885,52.6988],[-119.8778,52.6957],[-119.8753,52.6858],[-119.8653,52.6839],[-119.855,52.6929],[-119.8437,52.6906],[-119.8149,52.6724],[-119.7684,52.6592],[-119.7633,52.6713],[-119.7469,52.6822],[-119.7104,52.6759],[-119.6677,52.6985],[-119.6172,52.7051],[-119.6133,52.7002],[-119.6185,52.6903],[-119.6148,52.6836],[-119.6034,52.6708],[-119.5793,52.656],[-119.5775,52.6503],[-119.5578,52.6619],[-119.5416,52.6644],[-119.5425,52.6573],[-119.5291,52.6289],[-119.5036,52.632],[-119.4995,52.6389],[-119.4904,52.6381],[-119.464,52.6502],[-119.4509,52.6456],[-119.4434,52.6368],[-119.4268,52.6364],[-119.4154,52.6472],[-119.3645,52.6555],[-119.36,52.6513],[-119.367,52.622],[-119.3776,52.6156],[-119.3542,52.5865],[-119.3077,52.5963],[-119.2969,52.6035],[-119.2764,52.5971],[-119.2212,52.6053],[-119.208,52.5993],[-119.1938,52.5992],[-119.1888,52.6023],[-119.1945,52.6105],[-119.1831,52.6334],[-119.0538,52.6329],[-119.0549,52.6252],[-119.0439,52.6164],[-119.0386,52.6071],[-119.0404,52.598],[-119.0347,52.5943],[-119.0189,52.592],[-119.0149,52.5981],[-119.0034,52.6009],[-118.9901,52.5843],[-118.9595,52.5756],[-118.9498,52.5776],[-118.9272,52.5681],[-118.9279,52.5606],[-118.9362,52.5582],[-118.9388,52.5496],[-118.9155,52.5376],[-118.9068,52.5189],[-118.9088,52.5014],[-118.8895,52.4916],[-118.8851,52.4794],[-118.8867,52.4746],[-118.9103,52.4694],[-118.9374,52.4532],[-118.9351,52.4468],[-118.9421,52.436],[-118.9237,52.4191],[-118.9305,52.4127],[-118.9325,52.3983],[-118.9401,52.3915],[-118.9353,52.3684],[-118.927,52.3634],[-118.9266,52.3543],[-118.913,52.3462],[-118.8476,52.3374],[-118.8038,52.3198],[-118.7878,52.307],[-118.8189,52.2969],[-118.8237,52.2905],[-118.8392,52.2884],[-118.8453,52.2828],[-118.8448,52.2758],[-118.8805,52.2633],[-118.899,52.2363],[-118.8768,52.2395],[-118.8385,52.2332],[-118.8412,52.2253],[-118.8359,52.2201],[-118.8502,52.2178],[-118.852,52.2101],[-118.8276,52.1994],[-118.8058,52.1789],[-118.793,52.1759],[-118.7515,52.1834],[-118.7357,52.176],[-118.7337,52.1636],[-118.7276,52.1586],[-118.6943,52.166],[-118.6871,52.1492],[-118.6738,52.1511],[-118.6672,52.1619],[-118.6374,52.1666],[-118.6264,52.1819],[-118.5967,52.191],[-118.5794,52.1892],[-118.5737,52.1994],[-118.5755,52.2069],[-118.5666,52.2181],[-118.5708,52.2241],[-118.5543,52.2292],[-118.5506,52.2351],[-118.5608,52.2468],[-118.5632,52.2577],[-118.5535,52.2795],[-118.4644,52.224],[-118.4785,52.2118],[-118.4535,52.1865],[-118.4565,52.1674],[-118.4412,52.1562],[-118.4464,52.1433],[-118.4403,52.075],[-118.4559,52.0632],[-118.3972,52.0294],[-118.3916,52.0136],[-118.4037,52.0014],[-118.3981,52.0015],[-118.3923,51.9799],[-118.3747,51.9763],[-118.3608,51.9803],[-118.357,51.9919],[-118.3466,51.9931],[-118.2969,51.9874],[-118.2858,51.9827],[-118.2753,51.9647],[-118.2615,51.9641],[-118.2186,51.9752],[-118.1955,51.9637],[-118.1946,51.9514],[-118.1878,51.9429],[-118.1744,51.9372],[-118.1683,51.9179],[-118.175,51.9073],[-118.1562,51.8982],[-118.1256,51.8943],[-118.124,51.8891],[-118.1487,51.8635],[-118.1398,51.8554],[-118.1512,51.8274],[-118.1764,51.8122],[-118.176,51.8029],[-118.1898,51.7915],[-118.1608,51.7799],[-118.1304,51.779],[-118.1213,51.7452],[-118.1255,51.7239],[-118.1207,51.7169],[-118.0947,51.7044],[-118.0748,51.7256],[-118.0245,51.7253],[-118.0192,51.7285],[-118.0221,51.7361],[-118.0137,51.7447],[-117.9817,51.7395],[-117.9585,51.7256],[-117.9083,51.7238],[-117.928,51.7143],[-117.9231,51.7016],[-117.9342,51.6959],[-117.9409,51.6834],[-117.9383,51.6695],[-117.9307,51.6652],[-117.9334,51.6555],[-117.9411,51.6482],[-117.9737,51.6393],[-117.9865,51.6075],[-117.9814,51.5926],[-117.9888,51.5769],[-117.9814,51.5746],[-117.9543,51.545],[-117.9417,51.5426],[-117.9394,51.5309],[-117.9599,51.5102],[-117.9773,51.5098],[-117.9886,51.4999],[-117.9808,51.4856],[-117.93,51.4519],[-117.9229,51.4532],[-117.9119,51.4265],[-117.8921,51.4261],[-117.8652,51.4018],[-117.8588,51.3904],[-117.8351,51.3876],[-117.8397,51.3716],[-117.8039,51.3564],[-117.8049,51.3452],[-117.7685,51.3418],[-117.7682,51.3299],[-117.7545,51.3202],[-117.7306,51.3148],[-117.7458,51.3025],[-117.7411,51.294],[-117.7461,51.2874],[-117.7362,51.2785],[-117.647,51.2752],[-117.636,51.2839],[-117.6088,51.2904],[-117.6015,51.2978],[-117.5907,51.2971],[-117.5803,51.2826],[-117.5503,51.283],[-117.535,51.2937],[-117.5166,51.2902],[-117.4817,51.2963],[-117.4588,51.2766],[-117.4415,51.2728],[-117.4423,51.2682],[-117.4122,51.2462],[-117.3906,51.2073],[-117.4227,51.1838],[-117.4238,51.1648],[-117.4112,51.1532],[-117.3865,51.1477],[-117.3855,51.1404],[-117.3889,51.1336],[-117.4108,51.1282],[-117.414,51.111],[-117.3785,51.1033],[-117.376,51.0942],[-117.3863,51.081],[-117.3856,51.0756],[-117.3825,51.0699],[-117.3622,51.0638],[-117.3516,51.0545],[-117.3532,51.0438],[-117.3429,51.0331],[-117.3526,51.0222],[-117.3722,51.0154],[-117.3803,51.0025],[-117.3907,50.9998],[-117.3899,50.9907],[-117.403,50.98],[-117.3956,50.9645],[-117.4264,50.9528],[-117.4393,50.9351],[-117.4322,50.9268],[-117.4197,50.925],[-117.4176,50.9092],[-117.4449,50.9003],[-117.4673,50.9024],[-117.4905,50.8844],[-117.4698,50.8662],[-117.4711,50.8614],[-117.4603,50.8498],[-117.4536,50.8291],[-117.7605,50.8275],[-117.7407,50.7658],[-117.7406,50.748],[-117.7786,50.7365],[-117.8204,50.7032],[-117.8448,50.6935],[-117.8797,50.6876],[-117.9138,50.67],[-117.9201,50.6596],[-117.9022,50.6388],[-117.8982,50.6247],[-117.9301,50.5938],[-117.9251,50.5616],[-117.9283,50.5338],[-117.9886,50.5337],[-117.9896,50.5479],[-118.0017,50.5639],[-118.0014,50.5905],[-118.0099,50.6031],[-118.0084,50.6428],[-118.0253,50.6542],[-118.0671,50.6645],[-118.0723,50.6712],[-118.0717,50.6915],[-118.1273,50.6808],[-118.206,50.6883],[-118.2026,50.6977],[-118.2083,50.7043],[-118.2112,50.7289],[-118.2069,50.7371],[-118.2278,50.7435],[-118.2356,50.7527],[-118.2457,50.7535],[-118.2429,50.7614],[-118.2517,50.7697],[-118.2474,50.7758],[-118.2584,50.7838],[-118.261,50.7945],[-118.2556,50.7979],[-118.2693,50.8093],[-118.2583,50.8187],[-118.2741,50.8298],[-118.2691,50.8412],[-118.2855,50.8472],[-118.2946,50.862],[-118.294,50.8697],[-118.2828,50.8793],[-118.2616,50.8852],[-118.2744,50.8987],[-118.2847,50.8902],[-118.3199,50.8876],[-118.3266,50.8822],[-118.3497,50.888],[-118.3563,50.8826],[-118.374,50.8895],[-118.4044,50.8837],[-118.4155,50.886],[-118.4263,50.8971],[-118.4471,50.9021],[-118.4782,50.897],[-118.5127,50.9151],[-118.5399,50.9373],[-118.5413,50.9336],[-118.5795,50.9298],[-118.582,50.9236],[-118.5888,50.9217],[-118.6101,50.9264],[-118.6197,50.9213],[-118.6206,50.8969],[-118.6158,50.8899],[-118.6272,50.8864],[-118.6379,50.8633],[-118.6268,50.8548],[-118.632,50.8487],[-118.6526,50.8532],[-118.6703,50.8449],[-118.664,50.8244],[-118.6704,50.8162],[-118.7188,50.8129],[-118.7227,50.8245],[-118.7778,50.8261],[-118.7816,50.824],[-118.7833,50.8055],[-118.8108,50.7963],[-118.8137,50.7848],[-118.8309,50.7761],[-118.8326,50.7658],[-118.8521,50.7664],[-118.8566,50.7592],[-118.8765,50.7577],[-118.8819,50.7504],[-119.1803,50.7501],[-119.1842,50.5279],[-119.3085,50.5286],[-119.3083,50.5004],[-119.297,50.5003],[-119.2971,50.4931],[-119.2631,50.4929],[-119.2635,50.4855],[-119.2975,50.4856],[-119.2981,50.4715],[-119.3307,50.4707],[-119.3308,50.4414],[-119.3195,50.4413],[-119.3194,50.4161],[-119.4461,50.4164],[-119.4461,50.4309],[-119.5266,50.4309],[-119.5266,50.4454],[-119.5839,50.4453],[-119.584,50.4308],[-119.6069,50.4308],[-119.6068,50.4162],[-119.6297,50.4162],[-119.6298,50.4017],[-119.6412,50.4017],[-119.6443,50.3879],[-119.6349,50.3793],[-119.6348,50.3731],[-119.6484,50.3694],[-119.6464,50.3618],[-119.6628,50.3635],[-119.6631,50.3489],[-119.6799,50.3445],[-119.6661,50.3337],[-119.6785,50.334],[-119.6795,50.3295],[-119.7119,50.3204],[-119.6971,50.3058],[-119.6821,50.3054],[-119.6839,50.2953],[-119.7193,50.27],[-119.7247,50.2602],[-119.7536,50.2587],[-119.7518,50.252],[-119.7645,50.2344],[-119.752,50.2255],[-119.7475,50.2052],[-119.777,50.1996],[-119.8014,50.2042],[-119.8088,50.1949],[-119.8307,50.1849],[-119.8046,50.1745],[-119.8091,50.1712],[-119.7996,50.1598],[-119.8011,50.1512],[-119.7792,50.1437],[-119.781,50.13],[-119.7869,50.1234],[-119.7842,50.118],[-119.746,50.1251],[-119.7432,50.112],[-119.7296,50.1067],[-119.7458,50.0962],[-119.7404,50.0903],[-119.7448,50.0871],[-119.7622,50.0856],[-119.745,50.079],[-119.7558,50.0689],[-119.7664,50.0664],[-119.76,50.0603],[-119.7647,50.0557],[-119.76,50.0483],[-119.7831,50.0446],[-119.8091,50.0304],[-119.801,50.0207],[-119.7725,50.014],[-119.7832,50.0025],[-119.805,50.0044],[-119.8278,49.9978],[-119.8301,49.9812],[-119.8555,49.976],[-119.8642,49.9679],[-119.8837,49.9683],[-119.8937,49.9637],[-119.8958,49.9581],[-119.9184,49.9496],[-119.9291,49.9347],[-119.9379,49.9355],[-119.9544,49.9176],[-119.9893,49.9389],[-120.0056,49.9196],[-120.0144,49.9212],[-120.0165,49.914],[-120.0362,49.9111],[-120.0386,49.9064],[-120.0274,49.9021],[-120.0245,49.8955],[-120.0386,49.8896],[-120.0279,49.8802],[-120.0583,49.876],[-120.0599,49.8673],[-120.0511,49.8604],[-120.0605,49.8453],[-120.0761,49.8345],[-120.0906,49.8478],[-120.0973,49.8431],[-120.1188,49.844],[-120.1688,49.8644],[-120.1731,49.8564],[-120.1833,49.8527],[-120.1855,49.8587],[-120.1988,49.8625],[-120.2268,49.8453],[-120.2466,49.8448],[-120.2431,49.8541],[-120.2508,49.8641],[-120.2452,49.8785],[-120.2584,49.8852],[-120.2678,49.8843],[-120.2806,49.9002],[-120.3133,49.9011],[-120.3224,49.9113],[-120.3384,49.9126],[-120.3434,49.9075],[-120.3505,49.9095],[-120.3706,49.9029],[-120.3638,49.8915],[-120.3739,49.8869],[-120.3743,49.8798],[-120.3901,49.8739],[-120.3856,49.8713],[-120.3902,49.8644],[-120.3867,49.8605],[-120.4201,49.8395],[-120.4262,49.8343],[-120.4306,49.8154],[-120.4468,49.808],[-120.4492,49.8003],[-120.4585,49.8001],[-120.4662,49.7885],[-120.4814,49.784],[-120.4805,49.7782],[-120.4896,49.7777],[-120.4893,49.7726],[-120.5891,49.7726],[-120.6012,49.77],[-120.6013,49.7492],[-120.7618,49.7493],[-120.7624,49.7599],[-120.7727,49.76],[-120.7729,49.7633],[-120.9174,49.7598],[-120.9249,49.7546],[-120.914,49.748],[-120.9152,49.7324],[-120.9315,49.727],[-120.9337,49.7159],[-120.9484,49.7163],[-120.963,49.6919],[-120.9746,49.6907],[-120.9675,49.6799],[-120.9554,49.6781],[-120.9632,49.6513],[-120.9576,49.6417],[-120.9728,49.6357],[-120.9833,49.6476],[-121.0079,49.6502],[-121.0304,49.6352],[-121.0603,49.6315],[-121.0663,49.6251],[-121.0994,49.6255],[-121.1229,49.6098],[-121.1257,49.6193],[-121.1361,49.6233],[-121.1498,49.6177],[-121.1599,49.6198],[-121.1692,49.6358],[-121.165,49.642],[-121.1701,49.6487],[-121.1172,49.6783],[-121.1257,49.6803],[-121.1355,49.6898],[-121.1343,49.6936],[-121.1505,49.7042],[-121.1567,49.7175],[-121.188,49.7268],[-121.1984,49.7435],[-121.1922,49.7579],[-121.2006,49.7587],[-121.2036,49.7687],[-121.2112,49.7689],[-121.2133,49.7772],[-121.2032,49.7903],[-121.1872,49.7986],[-121.1822,49.8059],[-121.1867,49.8146],[-121.1793,49.8226],[-121.1472,49.8227],[-121.1289,49.817],[-121.1155,49.8277],[-121.1031,49.8308],[-121.0983,49.8401],[-121.1081,49.8398],[-121.1165,49.846],[-121.0915,49.857],[-121.0848,49.855],[-121.0947,49.8636],[-121.0967,49.8722],[-121.1267,49.8654],[-121.1383,49.876],[-121.1441,49.8893],[-121.1572,49.8897],[-121.1774,49.8825],[-121.2146,49.8961],[-121.2391,49.8797],[-121.2578,49.8777],[-121.2659,49.8712],[-121.2832,49.872],[-121.2977,49.8843],[-121.3062,49.8848],[-121.321,49.8999],[-121.3394,49.9029],[-121.3798,49.9256],[-121.4397,49.919],[-121.4866,49.9265],[-121.4979,49.9398],[-121.4898,49.9483],[-121.5028,49.9606],[-121.5157,49.9965],[-121.5514,50.0523],[-121.6294,50.0497],[-121.6376,50.059],[-121.6426,50.0567],[-121.6638,50.0654],[-121.6557,50.0735],[-121.6615,50.0809],[-121.7043,50.075],[-121.7182,50.0884],[-121.7566,50.0931],[-121.7718,50.0889],[-121.7939,50.0913],[-121.8077,50.0843],[-121.8517,50.0761],[-121.8549,50.0689],[-121.8493,50.0635],[-121.8619,50.0568],[-121.8674,50.0477],[-121.8728,50.0517],[-121.8964,50.0497],[-121.9099,50.0535],[-121.9213,50.0717],[-121.9505,50.0785],[-121.9481,50.0853],[-121.9558,50.0909],[-121.9657,50.0827],[-121.9835,50.0797],[-122.0027,50.0876],[-122.025,50.0861],[-122.0552,50.1055],[-122.0585,50.116],[-122.0714,50.1264],[-122.0862,50.1213],[-122.0995,50.1248],[-122.1161,50.1133],[-122.1173,50.1073],[-122.1321,50.1123],[-122.1474,50.1095],[-122.157,50.115],[-122.1787,50.1095],[-122.2102,50.1101],[-122.225,50.1154],[-122.2212,50.1191],[-122.2271,50.1268],[-122.2559,50.1218],[-122.2695,50.1309],[-122.2783,50.1388],[-122.2737,50.1466],[-122.2914,50.155],[-122.2988,50.173],[-122.316,50.1746],[-122.3184,50.1866],[-122.303,50.1931],[-122.3014,50.2004],[-122.277,50.2053],[-122.2789,50.2143],[-122.2701,50.2191],[-122.2727,50.2235],[-122.3029,50.2297],[-122.3535,50.231],[-122.3579,50.2355],[-122.347,50.2507],[-122.3737,50.2616],[-122.3576,50.2874],[-122.3664,50.3116],[-122.4081,50.3329],[-122.4388,50.3353],[-122.4707,50.3586],[-122.4769,50.3835],[-122.4868,50.3906],[-122.5275,50.3905],[-122.5232,50.3999],[-122.5252,50.4148],[-122.5173,50.4197],[-122.4954,50.4202],[-122.494,50.4257],[-122.5054,50.441],[-122.4981,50.4446],[-122.446,50.4303],[-122.4143,50.3985],[-122.4079,50.3993],[-122.4068,50.4053],[-122.3965,50.4111],[-122.3359,50.4162],[-122.3044,50.4309],[-122.3041,50.463],[-122.2873,50.4754],[-122.3115,50.4949],[-122.3147,50.5077],[-122.3239,50.508],[-122.3378,50.5206],[-122.3609,50.5244],[-122.4189,50.5526],[-122.4553,50.5614],[-122.4271,50.574],[-122.4089,50.5913],[-122.4329,50.5989],[-122.429,50.6036],[-122.4316,50.6158],[-122.4274,50.6303],[-122.4371,50.6303],[-122.4369,50.6193],[-122.4482,50.6195],[-122.4498,50.602],[-122.4624,50.5974],[-122.467,50.5782],[-122.4781,50.5777],[-122.4783,50.5666],[-122.5041,50.5665],[-122.5372,50.5805],[-122.5504,50.5798],[-122.6099,50.5998],[-122.6125,50.6156],[-122.6089,50.6343],[-122.6292,50.6528],[-122.6781,50.6521],[-122.7039,50.6436],[-122.729,50.6561],[-122.7515,50.6541],[-122.7802,50.6654],[-122.7846,50.6618],[-122.7776,50.656],[-122.7806,50.6533],[-122.8014,50.6462],[-122.8328,50.6462],[-122.8649,50.617],[-122.8887,50.6142],[-122.9069,50.6035],[-122.9279,50.6012],[-122.9418,50.5624],[-122.9409,50.5529],[-122.9513,50.5472],[-122.9785,50.5687],[-122.9899,50.5692],[-122.9908,50.5762],[-123.0042,50.5911],[-123.0188,50.6011],[-123.0427,50.599],[-123.0438,50.5948],[-123.0316,50.5881],[-123.0317,50.5841],[-123.0446,50.5773],[-123.0815,50.594],[-123.1216,50.6292],[-123.1673,50.6367],[-123.1671,50.6428],[-123.1573,50.6532],[-123.1807,50.6566],[-123.1982,50.675],[-123.2001,50.6885],[-123.2358,50.723],[-123.2748,50.7327],[-123.3213,50.7314],[-123.3382,50.7497],[-123.3583,50.7612],[-123.3607,50.7915],[-123.3655,50.8006],[-123.4077,50.7806],[-123.4391,50.7965],[-123.4543,50.7982],[-123.4967,50.7791],[-123.5251,50.7978],[-123.5496,50.8005],[-123.6128,50.7763],[-123.6192,50.7857],[-123.64,50.7952],[-123.6789,50.8011],[-123.6889,50.7997],[-123.6964,50.7922],[-123.7066,50.7924],[-123.7199,50.8013],[-123.7251,50.8133],[-123.7246,50.8311],[-123.7195,50.8483],[-123.7047,50.8487],[-123.6833,50.8795],[-123.699,50.8807],[-123.7027,50.8918],[-123.7104,50.8974],[-123.732,50.8839],[-123.7665,50.885],[-123.771,50.892],[-123.7645,50.905],[-123.7949,50.9147],[-123.8111,50.9119],[-123.8315,50.9004],[-123.8297,50.9104],[-123.8398,50.9243],[-123.8413,50.9344],[-123.8575,50.9318],[-123.8757,50.9395],[-123.8786,50.9488],[-123.8904,50.9469],[-123.8995,50.9384],[-123.9199,50.942],[-123.9323,50.934],[-123.9378,50.9379],[-123.9335,50.9421],[-123.9368,50.9485],[-123.964,50.9621],[-123.9945,50.9627],[-124.004,50.956],[-124.0078,50.9578],[-124.0267,50.938],[-124.035,50.9363],[-124.0483,50.9422],[-124.0581,50.9477],[-124.0635,50.9584],[-124.0605,50.9755],[-124.0662,50.9739],[-124.0714,50.9841],[-124.0899,50.9819],[-124.0918,50.9921],[-124.0819,51.0025],[-124.0894,51.0123],[-124.1337,51.0208],[-124.1412,51.0311],[-124.1532,51.0301],[-124.1578,51.0407],[-124.1458,51.0453],[-124.1724,51.0549],[-124.1744,51.0592],[-124.2112,51.0505],[-124.2312,51.0563],[-124.2272,51.0647],[-124.2359,51.0673],[-124.2312,51.0753],[-124.21,51.074],[-124.1976,51.0794],[-124.1938,51.0898],[-124.1794,51.0927],[-124.1726,51.1],[-124.1773,51.1169],[-124.1702,51.1278],[-124.1743,51.1311],[-124.1899,51.1282],[-124.1965,51.1397],[-124.2147,51.1372],[-124.2298,51.1485],[-124.2404,51.1505],[-124.2505,51.1487],[-124.2483,51.1413],[-124.2909,51.1439],[-124.3055,51.1313],[-124.3246,51.1406],[-124.3301,51.1487],[-124.3781,51.146],[-124.3816,51.1504],[-124.373,51.1665],[-124.3766,51.181],[-124.3693,51.1955],[-124.3939,51.1911],[-124.4014,51.1957],[-124.4156,51.1946],[-124.4555,51.1863],[-124.4594,51.1698],[-124.4725,51.163],[-124.4882,51.1623],[-124.5076,51.173],[-124.5332,51.1736],[-124.5351,51.1816],[-124.5521,51.1867],[-124.5702,51.1796],[-124.5818,51.181],[-124.5876,51.1863],[-124.6036,51.1878],[-124.6103,51.1958],[-124.6257,51.1929],[-124.6291,51.2062],[-124.6557,51.2067],[-124.6699,51.2198],[-124.6776,51.2207],[-124.6894,51.2089],[-124.7022,51.2243],[-124.7165,51.2315],[-124.7352,51.2249],[-124.7414,51.2267],[-124.7369,51.2309],[-124.7655,51.2357],[-124.7612,51.2497],[-124.7653,51.2603],[-124.7602,51.267],[-124.7717,51.2772],[-124.772,51.2936],[-124.8154,51.3087],[-124.8154,51.3172],[-124.8259,51.309],[-124.8392,51.3063],[-124.8431,51.2996],[-124.8599,51.3046],[-124.8806,51.297],[-124.8858,51.3084],[-124.9016,51.3032],[-124.9183,51.3057],[-124.9435,51.2844],[-124.9638,51.2783],[-124.9772,51.2774],[-124.9794,51.2826],[-124.9916,51.2869],[-125.0101,51.2808],[-125.0323,51.2928],[-125.0539,51.2955],[-125.0554,51.304],[-125.0962,51.3159],[-125.1279,51.315],[-125.1394,51.3215],[-125.1631,51.3169],[-125.2165,51.3288],[-125.2154,51.3371],[-125.2348,51.347],[-125.242,51.3624],[-125.2539,51.3696],[-125.2976,51.3866],[-125.3308,51.3889],[-125.3416,51.4029],[-125.3423,51.4147],[-125.3277,51.4359],[-125.3388,51.4419],[-125.3326,51.4526],[-125.3206,51.4516],[-125.3108,51.4577],[-125.3399,51.4747],[-125.3365,51.4833],[-125.3001,51.4733],[-125.2912,51.4757],[-125.2825,51.486],[-125.289,51.5048],[-125.2487,51.5106],[-125.2389,51.52],[-125.2426,51.5255],[-125.2566,51.5273],[-125.2697,51.547],[-125.2479,51.5579],[-125.2468,51.5672],[-125.2851,51.5711],[-125.2876,51.5735],[-125.2824,51.582],[-125.2867,51.588],[-125.2856,51.5966],[-125.2683,51.6011],[-125.2553,51.6181],[-125.2245,51.6286],[-125.2285,51.6395],[-125.2446,51.644],[-125.2536,51.6567],[-125.2472,51.6634],[-125.2466,51.6723],[-125.235,51.6777],[-125.2334,51.6894],[-125.2381,51.6944],[-125.221,51.7036],[-125.2503,51.7112],[-125.2604,51.7184],[-125.2573,51.7298],[-125.2356,51.7457],[-125.2566,51.7648],[-125.276,51.7725],[-125.2846,51.7705],[-125.3113,51.7765],[-125.3457,51.7732],[-124.9997,52.0716],[-125.0,53.0003],[-124.0007,53.0006],[-123.9942,52.8704],[-124.0032,52.864],[-124.0028,52.7103],[-123.9938,52.7017],[-123.9995,52.4545],[-123.3172,52.4545],[-123.2918,52.4461],[-123.2842,52.4288],[-123.315,52.4033],[-123.3207,52.3833],[-123.3464,52.3711],[-123.3367,52.3658],[-123.336,52.353],[-123.3241,52.3517],[-123.3156,52.3409],[-123.2885,52.3377],[-123.2818,52.3245],[-123.2444,52.3197],[-123.2404,52.3047],[-123.2173,52.2937],[-123.2072,52.2998],[-123.1809,52.2993],[-123.1646,52.3111],[-123.1617,52.3293],[-123.179,52.3339],[-123.1719,52.3409],[-123.1712,52.3505],[-123.1598,52.3594],[-123.1492,52.3627],[-123.1206,52.3601],[-123.1085,52.3525],[-123.0813,52.352],[-123.075,52.3558],[-123.0476,52.3513],[-123.0374,52.3394],[-123.0221,52.3313],[-123.0319,52.3246],[-123.0293,52.3198],[-122.9974,52.3233],[-123.0038,52.3089],[-122.9981,52.3034],[-123.0012,52.2932],[-122.9753,52.2934],[-122.9885,52.2825],[-122.9511,52.2823],[-122.9391,52.277],[-122.9616,52.2663],[-122.9593,52.2568],[-122.9482,52.2507],[-122.9548,52.2294],[-122.933,52.2277],[-122.9048,52.2176],[-122.8991,52.2189],[-122.8948,52.2295],[-122.8726,52.2418],[-122.8254,52.2378],[-122.8216,52.2409],[-122.8277,52.2477],[-122.8061,52.2604],[-122.8145,52.2658],[-122.8,52.2782],[-122.7605,52.2809],[-122.7495,52.2948],[-122.7301,52.3014],[-122.7187,52.2988],[-122.7182,52.3075],[-122.7029,52.3141],[-122.6954,52.3248],[-122.6388,52.3502],[-122.6091,52.3541],[-122.6034,52.3498],[-122.5745,52.369],[-122.5542,52.3653],[-122.5453,52.3708],[-122.5164,52.3647],[-122.5109,52.3511],[-122.4995,52.3457],[-122.4715,52.351],[-122.4699,52.3636],[-122.4783,52.3656],[-122.4864,52.3887],[-122.4923,52.3927],[-122.4849,52.4069],[-122.4917,52.4175],[-122.3989,52.4177],[-122.4168,52.4567],[-122.2533,52.4568],[-122.2616,52.4611],[-122.2605,52.4675],[-122.2408,52.4756],[-122.2332,52.4889],[-122.2369,52.4951],[-122.2347,52.5027],[-122.24,52.5048],[-122.2319,52.5137],[-122.2331,52.5255],[-122.2395,52.5362],[-122.2295,52.539],[-122.2314,52.5471],[-122.2056,52.5682],[-122.2156,52.5824],[-122.2499,52.6061],[-122.2443,52.6128],[-122.2255,52.6143],[-122.2242,52.619],[-122.2356,52.6346],[-122.2348,52.6567],[-122.247,52.6753],[-122.2481,52.6883],[-122.238,52.6978],[-122.1929,52.7041],[-122.188,52.7141],[-121.9407,52.7145],[-121.9382,52.7431],[-121.7589,52.742],[-121.7193,52.7329],[-121.694,52.7198],[-121.6555,52.7384],[-121.5993,52.7251],[-121.582,52.7394],[-121.5991,52.7532],[-121.6165,52.7852],[-121.5911,52.8072],[-121.6204,52.824],[-121.6131,52.8361],[-121.6144,52.8492],[-121.6045,52.8605],[-121.5788,52.8572],[-121.564,52.867],[-121.5296,52.8694],[-121.491,52.8613],[-121.4734,52.8458],[-121.4425,52.8723],[-121.4227,52.8756],[-121.3438,52.8711],[-121.3106,52.895],[-121.2818,52.8991],[-121.242,52.9262],[-121.2274,52.929],[-121.1913,52.9248],[-121.1793,52.909],[-121.1715,52.9146],[-121.174,52.9196],[-121.1689,52.9304],[-121.1732,52.9336],[-121.1713,52.9383],[-121.1817,52.9385],[-121.175,52.9429],[-121.1428,52.9395],[-121.1319,52.9258],[-121.1204,52.8698],[-121.0725,52.8753],[-121.0572,52.8831],[-120.9953,52.8804],[-120.9346,52.8576],[-120.8872,52.8867],[-120.8437,52.9019],[-120.8079,52.8995],[-120.7896,52.9085],[-120.7377,52.908],[-120.7228,52.897],[-120.7018,52.9055],[-120.69,52.9226],[-120.6717,52.9315],[-120.6039,52.912],[-120.5798,52.9119],[-120.5698,52.9202],[-120.5946,52.9402],[-120.5926,52.9463],[-120.5352,52.9559],[-120.5336,52.9625],[-120.5449,52.9761],[-120.5411,52.9809],[-120.5102,52.9911],[-120.5023,52.9911],[-120.4948,52.9815],[-120.4833,52.9899],[-120.4531,52.9933]]]]}},{"type":"Feature","properties":{"hsda_code":21,"hsda":"Fraser East","health_authority":"Fraser","area_km2":12579},"geometry":{"type":"MultiPolygon","coordinates":[[[[-122.6561,50.1484],[-122.6612,50.1455],[-122.6606,50.1364],[-122.6389,50.1244],[-122.2559,50.1218],[-122.2282,50.127],[-122.2212,50.1191],[-122.225,50.1154],[-122.2102,50.1101],[-122.1787,50.1095],[-122.157,50.115],[-122.1474,50.1095],[-122.1321,50.1123],[-122.1173,50.1073],[-122.1161,50.1133],[-122.1009,50.1242],[-122.0862,50.1213],[-122.0722,50.1265],[-122.0585,50.116],[-122.0552,50.1055],[-122.025,50.0861],[-122.0027,50.0876],[-121.9835,50.0797],[-121.9657,50.0827],[-121.9558,50.0909],[-121.9481,50.0853],[-121.9505,50.0785],[-121.9213,50.0717],[-121.9099,50.0535],[-121.8964,50.0497],[-121.8728,50.0517],[-121.8674,50.0477],[-121.8619,50.0568],[-121.8493,50.0635],[-121.8549,50.0689],[-121.8517,50.0761],[-121.8077,50.0843],[-121.7939,50.0913],[-121.7718,50.0889],[-121.7566,50.0931],[-121.7182,50.0884],[-121.7043,50.075],[-121.6615,50.0809],[-121.6557,50.0735],[-121.6638,50.0654],[-121.6426,50.0567],[-121.6376,50.059],[-121.6294,50.0497],[-121.5514,50.0523],[-121.5157,49.9965],[-121.5028,49.9606],[-121.4898,49.9483],[-121.4979,49.9398],[-121.4866,49.9265],[-121.4397,49.919],[-121.3798,49.9256],[-121.3394,49.9029],[-121.321,49.8999],[-121.3062,49.8848],[-121.2977,49.8843],[-121.2832,49.872],[-121.2659,49.8712],[-121.2578,49.8777],[-121.2391,49.8797],[-121.2146,49.8961],[-121.1774,49.8825],[-121.1572,49.8897],[-121.1441,49.8893],[-121.1383,49.876],[-121.1267,49.8654],[-121.0961,49.8719],[-121.0947,49.8636],[-121.0848,49.855],[-121.0915,49.857],[-121.1165,49.846],[-121.1081,49.8398],[-121.0983,49.8401],[-121.1031,49.8308],[-121.1155,49.8277],[-121.1289,49.817],[-121.1472,49.8227],[-121.1793,49.8226],[-121.1867,49.8146],[-121.1822,49.8059],[-121.1872,49.7986],[-121.2032,49.7903],[-121.2133,49.7772],[-121.2112,49.7689],[-121.2036,49.7687],[-121.2006,49.7587],[-121.1922,49.7579],[-121.1984,49.7435],[-121.188,49.7268],[-121.1567,49.7175],[-121.1505,49.7042],[-121.1343,49.6936],[-121.1355,49.6898],[-121.1257,49.6803],[-121.1172,49.6783],[-121.1693,49.6495],[-121.165,49.642],[-121.1683,49.6336],[-121.1558,49.6173],[-121.1361,49.6233],[-121.1257,49.6193],[-121.1243,49.611],[-121.1196,49.6099],[-121.0994,49.6255],[-121.0663,49.6251],[-121.0603,49.6315],[-121.0304,49.6352],[-121.0079,49.6502],[-120.9901,49.6493],[-120.9665,49.6346],[-120.9693,49.628],[-120.96,49.6186],[-120.9603,49.6129],[-120.9704,49.6066],[-120.9817,49.6115],[-120.9912,49.6065],[-120.992,49.5963],[-121.0371,49.5876],[-121.0427,49.5777],[-121.0323,49.5646],[-121.0344,49.5513],[-121.0482,49.5438],[-121.0459,49.5313],[-121.0794,49.5176],[-121.0713,49.5037],[-121.0737,49.496],[-121.0627,49.4887],[-121.0548,49.4752],[-121.0638,49.4709],[-121.0901,49.4723],[-121.0804,49.4651],[-121.0788,49.4574],[-121.0902,49.4407],[-121.0991,49.4407],[-121.0991,49.3533],[-121.0743,49.3527],[-121.0855,49.3479],[-121.0988,49.3496],[-121.08,49.328],[-121.056,49.3344],[-121.0437,49.3319],[-121.0418,49.3186],[-121.033,49.3157],[-121.0331,49.3104],[-121.0229,49.3028],[-120.9976,49.3133],[-120.9995,49.3018],[-120.9932,49.2957],[-121.001,49.28],[-120.9879,49.2742],[-120.9758,49.2719],[-120.9623,49.2789],[-120.9415,49.2712],[-120.9253,49.2881],[-120.9251,49.2954],[-120.8972,49.3113],[-120.8879,49.311],[-120.8782,49.3028],[-120.8721,49.3048],[-120.8584,49.2963],[-120.8436,49.3027],[-120.8351,49.3014],[-120.8359,49.2951],[-120.8106,49.2902],[-120.8165,49.2889],[-120.8123,49.2833],[-120.8226,49.2807],[-120.816,49.2597],[-120.8183,49.2504],[-120.8393,49.2528],[-120.8493,49.2445],[-120.8452,49.2404],[-120.8496,49.2347],[-120.8457,49.2237],[-120.8557,49.2188],[-120.8592,49.2086],[-120.8701,49.2053],[-120.892,49.2095],[-120.8909,49.1963],[-120.8967,49.191],[-120.881,49.1778],[-120.8972,49.171],[-120.8688,49.1497],[-120.8563,49.1344],[-120.8645,49.1197],[-120.872,49.1145],[-120.8865,49.1172],[-120.8932,49.1126],[-120.9141,49.119],[-120.9235,49.1168],[-120.9289,49.1089],[-120.966,49.1034],[-120.965,49.0965],[-120.9491,49.0891],[-120.9213,49.0863],[-120.9058,49.0763],[-120.8926,49.078],[-120.8796,49.0643],[-120.8843,49.0557],[-120.8817,49.0495],[-120.8617,49.0493],[-120.848,49.0408],[-120.8459,49.0332],[-120.8529,49.0202],[-120.8484,49.0001],[-122.4592,49.0023],[-122.4615,49.1713],[-122.4258,49.1688],[-122.4225,49.1735],[-122.4243,49.2641],[-122.4091,49.2643],[-122.4098,49.4948],[-122.4145,49.493],[-122.4108,49.4811],[-122.4149,49.4765],[-122.4415,49.4701],[-122.4499,49.475],[-122.452,49.4891],[-122.4618,49.4951],[-122.4531,49.5062],[-122.4529,49.5148],[-122.4698,49.5237],[-122.4668,49.5361],[-122.4705,49.5395],[-122.4586,49.5447],[-122.46,49.5544],[-122.4728,49.5612],[-122.4927,49.558],[-122.4984,49.5702],[-122.4915,49.583],[-122.4617,49.5884],[-122.4756,49.599],[-122.4876,49.5992],[-122.4984,49.6117],[-122.5269,49.6248],[-122.525,49.6333],[-122.5319,49.6441],[-122.5276,49.6485],[-122.5428,49.6555],[-122.5361,49.6633],[-122.5546,49.6754],[-122.5587,49.6832],[-122.5353,49.6904],[-122.5622,49.7092],[-122.5375,49.7324],[-122.5363,49.7456],[-122.5246,49.7671],[-122.5092,49.7835],[-122.5168,49.7846],[-122.5261,49.7787],[-122.5463,49.7837],[-122.5846,49.7829],[-122.6025,49.7768],[-122.6388,49.7753],[-122.6488,49.7876],[-122.648,49.796],[-122.6373,49.8057],[-122.6648,49.8238],[-122.6518,49.8369],[-122.6107,49.838],[-122.6124,49.8521],[-122.6085,49.861],[-122.5918,49.8638],[-122.5782,49.8721],[-122.595,49.8789],[-122.6391,49.8723],[-122.6769,49.8739],[-122.6995,49.8796],[-122.7145,49.891],[-122.7466,49.8914],[-122.7488,49.904],[-122.7455,49.9077],[-122.7559,49.9245],[-122.7712,49.9346],[-122.7674,49.9357],[-122.7701,49.9443],[-122.757,49.9443],[-122.7361,49.9534],[-122.7137,49.9503],[-122.707,49.961],[-122.6745,49.9743],[-122.6696,49.9788],[-122.6849,49.9933],[-122.6879,50.003],[-122.6804,50.0088],[-122.6793,50.0225],[-122.7043,50.0204],[-122.7205,50.0241],[-122.7452,50.0164],[-122.7637,50.0237],[-122.7637,50.0339],[-122.7923,50.0414],[-122.7861,50.0493],[-122.8004,50.0568],[-122.8039,50.0684],[-122.8012,50.081],[-122.8052,50.0937],[-122.7977,50.096],[-122.7818,50.1191],[-122.7952,50.1337],[-122.7898,50.1409],[-122.7442,50.1367],[-122.7442,50.1452],[-122.7402,50.1468],[-122.6959,50.1479],[-122.6894,50.1438],[-122.6561,50.1484]]]]}},{"type":"Feature","properties":{"hsda_code":22,"hsda":"Fraser North","health_authority":"Fraser","area_km2":2317},"geometry":{"type":"MultiPolygon","coordinates":[[[[-122.7755,49.9288],[-122.7712,49.9346],[-122.7559,49.9245],[-122.7455,49.9077],[-122.7488,49.904],[-122.7466,49.8914],[-122.7145,49.891],[-122.6995,49.8796],[-122.6769,49.8739],[-122.6391,49.8723],[-122.595,49.8789],[-122.5782,49.8721],[-122.5918,49.8638],[-122.6085,49.861],[-122.6124,49.8521],[-122.6107,49.838],[-122.6518,49.8369],[-122.6648,49.8238],[-122.6373,49.8057],[-122.648,49.796],[-122.6488,49.7876],[-122.6388,49.7753],[-122.6025,49.7768],[-122.5846,49.7829],[-122.5463,49.7837],[-122.5261,49.7787],[-122.5168,49.7846],[-122.5092,49.7835],[-122.5246,49.7671],[-122.5363,49.7456],[-122.5375,49.7324],[-122.5622,49.7092],[-122.5353,49.6904],[-122.5587,49.6832],[-122.5546,49.6754],[-122.5361,49.6633],[-122.5428,49.6555],[-122.5276,49.6485],[-122.5319,49.6441],[-122.525,49.6333],[-122.5269,49.6248],[-122.4984,49.6117],[-122.4876,49.5992],[-122.4756,49.599],[-122.4617,49.5884],[-122.4915,49.583],[-122.4984,49.5702],[-122.4927,49.558],[-122.4728,49.5612],[-122.46,49.5544],[-122.4586,49.5447],[-122.4705,49.5395],[-122.4668,49.5361],[-122.4698,49.5237],[-122.4529,49.5148],[-122.4531,49.5062],[-122.4618,49.4951],[-122.452,49.4891],[-122.4499,49.475],[-122.4415,49.4701],[-122.4149,49.4765],[-122.4108,49.4811],[-122.4145,49.493],[-122.4098,49.4948],[-122.4091,49.2643],[-122.4243,49.2641],[-122.4252,49.1802],[-122.4219,49.1767],[-122.4258,49.1688],[-122.5385,49.1701],[-122.5779,49.1856],[-122.5921,49.2021],[-122.6085,49.2103],[-122.6291,49.2087],[-122.6679,49.1962],[-122.7514,49.2158],[-122.7702,49.2134],[-122.8017,49.2197],[-122.8692,49.2217],[-122.888,49.215],[-122.9122,49.1941],[-122.92,49.1947],[-122.9376,49.1819],[-122.9569,49.1752],[-122.9574,49.1899],[-122.9782,49.1802],[-123.0231,49.1997],[-123.0231,49.2935],[-123.0002,49.2908],[-122.9871,49.2953],[-122.9663,49.2881],[-122.8735,49.2922],[-122.8596,49.2791],[-122.8354,49.2817],[-122.8357,49.2854],[-122.8719,49.3018],[-122.9098,49.2934],[-122.9274,49.298],[-122.9262,49.3157],[-122.9319,49.3181],[-122.9187,49.3298],[-122.9091,49.3294],[-122.9173,49.3239],[-122.9194,49.3136],[-122.8869,49.3361],[-122.8913,49.339],[-122.889,49.3501],[-122.8626,49.3836],[-122.8713,49.3952],[-122.8593,49.4073],[-122.8532,49.431],[-122.8624,49.4539],[-122.8831,49.471],[-122.889,49.4841],[-122.8836,49.4877],[-122.9025,49.5089],[-122.8971,49.5156],[-122.908,49.5365],[-122.9408,49.5673],[-122.804,49.5699],[-122.8154,49.5736],[-122.8139,49.5792],[-122.8311,49.5924],[-122.8254,49.5961],[-122.8474,49.6071],[-122.8477,49.6149],[-122.8207,49.6124],[-122.8023,49.6231],[-122.8185,49.6285],[-122.8134,49.6347],[-122.825,49.6399],[-122.8215,49.647],[-122.828,49.6563],[-122.8532,49.6663],[-122.8409,49.6791],[-122.8115,49.6909],[-122.8151,49.6973],[-122.8061,49.7089],[-122.8223,49.7144],[-122.8293,49.7282],[-122.8527,49.7408],[-122.8444,49.7467],[-122.8591,49.759],[-122.8597,49.7662],[-122.8505,49.7749],[-122.8702,49.7862],[-122.8741,49.8135],[-122.8688,49.8192],[-122.871,49.8228],[-122.8812,49.8273],[-122.902,49.8225],[-122.9162,49.8313],[-122.9897,49.833],[-123.0077,49.8442],[-122.9891,49.8671],[-122.9922,49.8807],[-122.985,49.8841],[-122.9782,49.8792],[-122.9671,49.8851],[-122.9641,49.8995],[-122.9516,49.9019],[-122.9499,49.9076],[-122.93,49.9166],[-122.9112,49.9114],[-122.9006,49.8967],[-122.8871,49.8923],[-122.8655,49.9032],[-122.8557,49.9194],[-122.807,49.9162],[-122.7908,49.9363],[-122.7755,49.9288]]]]}},{"type":"Feature","properties":{"hsda_code":23,"hsda":"Fraser South","health_authority":"Fraser","area_km2":866},"geometry":{"type":"MultiPolygon","coordinates":[[[[-122.8017,49.2197],[-122.7702,49.2134],[-122.7514,49.2158],[-122.6679,49.1962],[-122.6291,49.2087],[-122.6075,49.2101],[-122.5921,49.2021],[-122.5779,49.1856],[-122.5385,49.1701],[-122.5135,49.1672],[-122.4615,49.1713],[-122.4592,49.0023],[-122.7579,49.0022],[-122.773,49.0111],[-122.816,49.0238],[-122.8667,49.0244],[-122.8836,49.042],[-122.8879,49.0568],[-122.8767,49.0627],[-122.8793,49.0566],[-122.8724,49.0567],[-122.8607,49.063],[-122.8611,49.0783],[-122.8495,49.0827],[-122.8884,49.0914],[-122.946,49.0736],[-123.0118,49.0625],[-123.0394,49.0467],[-123.0459,49.0472],[-123.0571,49.0259],[-123.0403,49.0185],[-123.0352,49.0021],[-123.0908,49.0019],[-123.103,49.0232],[-123.1327,49.0045],[-123.1023,49.0265],[-123.0981,49.0351],[-123.1071,49.0383],[-123.1125,49.0477],[-123.1218,49.0499],[-123.1523,49.0282],[-123.1567,49.0228],[-123.1516,49.0208],[-123.1582,49.0137],[-123.172,49.018],[-123.1238,49.0508],[-123.1583,49.0661],[-123.1353,49.0717],[-123.1221,49.0858],[-123.1302,49.0866],[-123.1306,49.0804],[-123.1424,49.0731],[-123.1684,49.0771],[-123.1795,49.0841],[-123.1906,49.1168],[-123.1784,49.1144],[-123.1297,49.0876],[-123.1059,49.0874],[-123.0858,49.1181],[-123.0417,49.144],[-122.9886,49.1557],[-122.9831,49.1632],[-122.9376,49.1819],[-122.92,49.1947],[-122.9122,49.1941],[-122.888,49.215],[-122.8692,49.2217],[-122.8017,49.2197]]]]}},{"type":"Feature","properties":{"hsda_code":31,"hsda":"Richmond","health_authority":"Vancouver Coastal","area_km2":152},"geometry":{"type":"MultiPolygon","coordinates":[[[[-123.2118,49.2221],[-123.1635,49.2136],[-123.1366,49.1991],[-123.0745,49.2083],[-123.0193,49.1989],[-122.9782,49.1802],[-122.9574,49.1899],[-122.9569,49.1752],[-122.9831,49.1632],[-122.9886,49.1557],[-123.0388,49.1453],[-123.0858,49.1181],[-123.1059,49.0874],[-123.1297,49.0876],[-123.1784,49.1144],[-123.1906,49.1168],[-123.1914,49.1246],[-123.201,49.1264],[-123.1955,49.1266],[-123.1942,49.1334],[-123.2004,49.1736],[-123.1936,49.1784],[-123.213,49.1832],[-123.1932,49.1814],[-123.1934,49.1848],[-123.2203,49.1915],[-123.2093,49.1906],[-123.2015,49.2159],[-123.2638,49.2049],[-123.2637,49.2059],[-123.2147,49.216],[-123.2146,49.2195],[-123.2308,49.2272],[-123.2801,49.2575],[-123.2721,49.2537],[-123.2118,49.2221]]]]}},{"type":"Feature","properties":{"hsda_code":32,"hsda":"Vancouver","health_authority":"Vancouver Coastal","area_km2":133},"geometry":{"type":"MultiPolygon","coordinates":[[[[-123.1292,49.3027],[-123.1166,49.2985],[-123.1236,49.2939],[-123.1245,49.2977],[-123.1356,49.2953],[-123.1022,49.2853],[-123.0963,49.2864],[-123.099,49.2898],[-123.0867,49.2881],[-123.084,49.2838],[-123.0792,49.2894],[-123.0673,49.2866],[-123.0502,49.2939],[-123.0342,49.2903],[-123.0231,49.2935],[-123.0231,49.1997],[-123.0745,49.2083],[-123.1366,49.1991],[-123.1635,49.2136],[-123.2023,49.2218],[-123.2098,49.2313],[-123.2526,49.251],[-123.2589,49.26],[-123.2677,49.2542],[-123.2658,49.2578],[-123.2621,49.261],[-123.2661,49.2648],[-123.2624,49.2708],[-123.2444,49.2798],[-123.1726,49.2717],[-123.1556,49.2736],[-123.1474,49.2793],[-123.1315,49.2673],[-123.103,49.2725],[-123.1068,49.2756],[-123.13,49.2715],[-123.1588,49.3011],[-123.1559,49.3087],[-123.1414,49.3141],[-123.1292,49.3027]]]]}},{"type":"Feature","properties":{"hsda_code":33,"hsda":"North Shore/Coast Garibaldi","health_authority":"Vancouver Coastal","area_km2":54807},"geometry":{"type":"MultiPolygon","coordinates":[[[[-127.7601,51.5322],[-127.765,51.5263],[-127.7685,51.5284],[-127.769,51.5317],[-127.7601,51.5322]]],[[[-128.4582,52.3762],[-128.4667,52.3714],[-128.4716,52.3721],[-128.4688,52.3757],[-128.4582,52.3762]]],[[[-128.4279,52.2224],[-128.4383,52.2223],[-128.4333,52.2285],[-128.4279,52.2224]]],[[[-128.3142,52.0533],[-128.3185,52.049],[-128.3251,52.0526],[-128.3215,52.0546],[-128.3142,52.0533]]],[[[-128.1281,51.8595],[-128.1348,51.852],[-128.1363,51.8602],[-128.1281,51.8595]]],[[[-128.1972,52.2478],[-128.1992,52.2425],[-128.2072,52.2433],[-128.2064,52.2454],[-128.1972,52.2478]]],[[[-129.1547,52.5845],[-129.1509,52.5817],[-129.1511,52.5755],[-129.1592,52.5799],[-129.1547,52.5845]]],[[[-128.1359,51.82],[-128.1394,51.8144],[-128.1464,51.8164],[-128.1423,51.8198],[-128.1359,51.82]]],[[[-128.3235,52.1289],[-128.3203,52.1248],[-128.3202,52.1205],[-128.3264,52.1219],[-128.3235,52.1289]]],[[[-128.3012,52.0706],[-128.3062,52.0641],[-128.3098,52.0638],[-128.3055,52.0729],[-128.3012,52.0706]]],[[[-129.1364,52.9241],[-129.1366,52.9163],[-129.1414,52.9148],[-129.1421,52.9217],[-129.1364,52.9241]]],[[[-127.8494,52.0575],[-127.8553,52.0538],[-127.8606,52.0625],[-127.8494,52.0575]]],[[[-129.3159,52.5217],[-129.3128,52.5168],[-129.3219,52.5146],[-129.3205,52.5178],[-129.323,52.5212],[-129.3159,52.5217]]],[[[-129.3723,52.7509],[-129.3763,52.7439],[-129.3841,52.7465],[-129.3829,52.7507],[-129.3723,52.7509]]],[[[-123.9744,49.5375],[-123.969,49.5359],[-123.9668,49.5294],[-123.9743,49.5313],[-123.9744,49.5375]]],[[[-128.0198,51.8021],[-128.0189,51.7962],[-128.0291,51.7932],[-128.0238,51.8012],[-128.0198,51.8021]]],[[[-127.755,51.4723],[-127.7419,51.4703],[-127.7501,51.4662],[-127.7496,51.4698],[-127.7571,51.4676],[-127.755,51.4723]]],[[[-124.8074,50.0006],[-124.7978,49.9978],[-124.7948,49.9949],[-124.809,49.9967],[-124.8074,50.0006]]],[[[-128.2662,52.4539],[-128.2668,52.4457],[-128.2747,52.4499],[-128.2662,52.4539]]],[[[-128.2468,51.8258],[-128.2436,51.8208],[-128.2552,51.8179],[-128.2534,51.825],[-128.2468,51.8258]]],[[[-128.265,52.0354],[-128.2559,52.0327],[-128.253,52.0278],[-128.2613,52.0278],[-128.265,52.0354]]],[[[-128.7965,52.6451],[-128.7916,52.6416],[-128.7934,52.636],[-128.8001,52.6396],[-128.7965,52.6451]]],[[[-124.708,50.146],[-124.7186,50.1405],[-124.7263,50.1433],[-124.7213,50.1448],[-124.708,50.146]]],[[[-124.6854,50.1443],[-124.6928,50.14],[-124.7031,50.1394],[-124.6976,50.144],[-124.6854,50.1443]]],[[[-129.0424,52.506],[-129.0392,52.5021],[-129.0529,52.4998],[-129.0522,52.5027],[-129.0424,52.506]]],[[[-128.3333,52.1403],[-128.3299,52.13],[-128.3322,52.1261],[-128.3369,52.1324],[-128.3333,52.1403]]],[[[-128.771,52.4735],[-128.7775,52.4657],[-128.781,52.4719],[-128.771,52.4735]]],[[[-128.7748,52.6153],[-128.7692,52.6127],[-128.7692,52.6049],[-128.7746,52.6048],[-128.7742,52.6101],[-128.7785,52.6112],[-128.7748,52.6153]]],[[[-128.1207,51.8298],[-128.1255,51.8212],[-128.1302,51.8218],[-128.1272,51.8304],[-128.1207,51.8298]]],[[[-129.1133,53.0838],[-129.1167,53.0799],[-129.1265,53.082],[-129.1246,53.0845],[-129.1133,53.0838]]],[[[-129.0024,52.4398],[-128.9985,52.4307],[-129.0041,52.4349],[-129.0095,52.4355],[-129.0078,52.4402],[-129.0024,52.4398]]],[[[-128.4724,52.3688],[-128.4695,52.3622],[-128.4815,52.3621],[-128.4802,52.366],[-128.4724,52.3688]]],[[[-128.7272,52.4875],[-128.7305,52.4799],[-128.726,52.4767],[-128.73,52.4749],[-128.7347,52.4789],[-128.7272,52.4875]]],[[[-127.7121,51.4652],[-127.7106,51.4597],[-127.7137,51.4622],[-127.7171,51.4558],[-127.7158,51.4605],[-127.7224,51.4575],[-127.72,51.4649],[-127.7121,51.4652]]],[[[-128.2027,51.9235],[-128.1996,51.919],[-128.2033,51.9196],[-128.207,51.912],[-128.2085,51.9222],[-128.2027,51.9235]]],[[[-128.2089,51.9885],[-128.2064,51.9842],[-128.2103,51.9818],[-128.22,51.9852],[-128.2173,51.9882],[-128.2089,51.9885]]],[[[-124.804,50.0021],[-124.8142,50.0014],[-124.8183,50.0073],[-124.8166,50.0086],[-124.804,50.0021]]],[[[-127.9013,51.9589],[-127.9005,51.955],[-127.9048,51.9483],[-127.9096,51.9572],[-127.9013,51.9589]]],[[[-129.4069,52.5313],[-129.4037,52.5238],[-129.4159,52.521],[-129.4106,52.5305],[-129.4069,52.5313]]],[[[-128.6807,52.2819],[-128.6712,52.278],[-128.6677,52.2755],[-128.6767,52.2714],[-128.6807,52.2819]]],[[[-128.2112,51.8168],[-128.2083,51.8095],[-128.2125,51.8044],[-128.2171,51.811],[-128.2112,51.8168]]],[[[-127.543,51.3386],[-127.5486,51.333],[-127.5683,51.333],[-127.5575,51.3343],[-127.543,51.3386]]],[[[-128.2816,51.9642],[-128.2817,51.9546],[-128.2865,51.9529],[-128.2888,51.9629],[-128.2816,51.9642]]],[[[-129.08,52.7639],[-129.0636,52.762],[-129.0614,52.7595],[-129.0776,52.7581],[-129.08,52.7639]]],[[[-127.6739,51.2964],[-127.6843,51.2901],[-127.6925,51.2911],[-127.6917,51.2955],[-127.6739,51.2964]]],[[[-127.8307,51.6229],[-127.8303,51.6156],[-127.8404,51.6167],[-127.8375,51.626],[-127.8307,51.6229]]],[[[-128.3866,52.1848],[-128.3915,52.1947],[-128.3841,52.2024],[-128.3799,52.2014],[-128.3866,52.1848]]],[[[-128.4755,51.9431],[-128.4686,51.9398],[-128.47,51.9287],[-128.4775,51.9327],[-128.4755,51.9431]]],[[[-127.9041,51.9344],[-127.8893,51.9286],[-127.9033,51.923],[-127.9027,51.9316],[-127.908,51.932],[-127.9041,51.9344]]],[[[-123.4528,49.5165],[-123.4554,49.506],[-123.4684,49.5103],[-123.457,49.5182],[-123.4528,49.5165]]],[[[-128.0989,52.1763],[-128.1159,52.1717],[-128.12,52.1738],[-128.1094,52.1792],[-128.0989,52.1763]]],[[[-128.7618,52.8053],[-128.7538,52.7979],[-128.769,52.7968],[-128.7697,52.8012],[-128.7618,52.8053]]],[[[-128.0223,51.8263],[-128.0197,51.8163],[-128.0337,51.8195],[-128.0311,51.8238],[-128.0296,51.8208],[-128.0223,51.8263]]],[[[-128.3244,52.0778],[-128.319,52.0689],[-128.3222,52.0624],[-128.3304,52.0679],[-128.3244,52.0778]]],[[[-127.7931,51.6215],[-127.7981,51.6151],[-127.8098,51.6128],[-127.8098,51.6203],[-127.7931,51.6215]]],[[[-127.8552,52.1993],[-127.8642,52.1933],[-127.8701,52.1972],[-127.8608,52.2017],[-127.853,52.2074],[-127.8552,52.1993]]],[[[-122.8624,49.432],[-122.8704,49.4319],[-122.8736,49.448],[-122.8708,49.447],[-122.8624,49.432]]],[[[-127.6595,51.4878],[-127.6838,51.4851],[-127.6801,51.4906],[-127.6595,51.4878]]],[[[-129.1481,52.5716],[-129.1418,52.5609],[-129.1543,52.5652],[-129.155,52.5701],[-129.1481,52.5716]]],[[[-124.8482,50.0879],[-124.8398,50.0791],[-124.8604,50.0846],[-124.8536,50.0857],[-124.8482,50.0879]]],[[[-128.3927,52.2767],[-128.396,52.2695],[-128.4076,52.269],[-128.4056,52.2738],[-128.4097,52.2762],[-128.3927,52.2767]]],[[[-129.4112,52.6635],[-129.4135,52.6611],[-129.4081,52.6535],[-129.414,52.6598],[-129.4166,52.6536],[-129.4189,52.6618],[-129.4274,52.6653],[-129.4112,52.6635]]],[[[-127.6482,51.5103],[-127.6556,51.5107],[-127.6511,51.5152],[-127.6571,51.5147],[-127.6411,51.5236],[-127.6482,51.5103]]],[[[-128.2864,51.9476],[-128.2878,51.9376],[-128.3039,51.9397],[-128.2996,51.9449],[-128.2888,51.9435],[-128.2864,51.9476]]],[[[-127.5578,51.592],[-127.5675,51.5818],[-127.5653,51.5927],[-127.5557,51.6046],[-127.5578,51.592]]],[[[-128.2186,51.947],[-128.2224,51.9343],[-128.2283,51.9337],[-128.2263,51.9387],[-128.2292,51.9368],[-128.2339,51.9435],[-128.229,51.9467],[-128.2262,51.9438],[-128.2186,51.947]]],[[[-128.3628,52.2803],[-128.3643,52.2721],[-128.3781,52.2723],[-128.3741,52.2795],[-128.3628,52.2803]]],[[[-127.8465,52.108],[-127.8695,52.1051],[-127.8652,52.1102],[-127.8465,52.108]]],[[[-129.1667,52.5678],[-129.1615,52.5606],[-129.1639,52.5538],[-129.1746,52.5605],[-129.1667,52.5678]]],[[[-129.1502,52.5601],[-129.1359,52.5441],[-129.1456,52.5454],[-129.1454,52.5501],[-129.1547,52.5564],[-129.1502,52.5601]]],[[[-129.0962,52.5261],[-129.0855,52.5173],[-129.0888,52.5113],[-129.0984,52.5138],[-129.0964,52.5185],[-129.1037,52.5187],[-129.0926,52.5198],[-129.0962,52.5261]]],[[[-128.0744,51.7015],[-128.0703,51.6976],[-128.0812,51.6909],[-128.0921,51.6941],[-128.0865,51.6993],[-128.0744,51.7015]]],[[[-128.4729,51.9252],[-128.4715,51.9115],[-128.4788,51.9081],[-128.4825,51.9187],[-128.4729,51.9252]]],[[[-128.2102,51.9277],[-128.2093,51.9197],[-128.2225,51.9122],[-128.224,51.92],[-128.2102,51.9277]]],[[[-123.4546,49.3656],[-123.4609,49.3635],[-123.4601,49.3578],[-123.47,49.3566],[-123.4664,49.3689],[-123.4569,49.3709],[-123.4546,49.3656]]],[[[-128.5219,52.6351],[-128.5135,52.6312],[-128.5141,52.6183],[-128.5216,52.6227],[-128.5219,52.6351]]],[[[-128.3145,52.0414],[-128.3138,52.0286],[-128.3241,52.03],[-128.3263,52.0384],[-128.3145,52.0414]]],[[[-128.2059,51.945],[-128.203,51.937],[-128.2073,51.936],[-128.2056,51.9409],[-128.2106,51.9427],[-128.2128,51.9281],[-128.2205,51.9362],[-128.2202,51.9373],[-128.2177,51.9385],[-128.216,51.938],[-128.2176,51.9418],[-128.2136,51.9425],[-128.2158,51.9456],[-128.2059,51.945]]],[[[-128.138,51.8356],[-128.1282,51.8312],[-128.1349,51.8207],[-128.1398,51.8209],[-128.1397,51.8248],[-128.1436,51.8217],[-128.1358,51.829],[-128.137,51.8329],[-128.1422,51.8313],[-128.138,51.8356]]],[[[-128.0296,52.267],[-128.0224,52.2558],[-128.0285,52.2523],[-128.0312,52.2559],[-128.0373,52.2488],[-128.0347,52.2549],[-128.0406,52.2557],[-128.0296,52.267]]],[[[-127.7333,51.4691],[-127.7302,51.4631],[-127.737,51.4557],[-127.7499,51.4579],[-127.7371,51.4637],[-127.7413,51.4673],[-127.7333,51.4691]]],[[[-129.3521,52.7887],[-129.3443,52.7823],[-129.348,52.7773],[-129.3455,52.7728],[-129.3599,52.7871],[-129.3521,52.7887]]],[[[-128.2419,51.8087],[-128.2416,51.8048],[-128.2336,51.806],[-128.2453,51.7945],[-128.251,51.7972],[-128.2474,51.7998],[-128.2568,51.8009],[-128.2511,51.8046],[-128.2538,51.8079],[-128.2419,51.8087]]],[[[-128.2152,51.8592],[-128.2234,51.8422],[-128.231,51.8465],[-128.2263,51.8522],[-128.2305,51.857],[-128.2152,51.8592]]],[[[-123.2615,49.4245],[-123.271,49.4194],[-123.2768,49.4263],[-123.2693,49.4327],[-123.2615,49.4245]]],[[[-127.6612,51.3081],[-127.6555,51.3041],[-127.6909,51.3008],[-127.6836,51.3016],[-127.6838,51.3051],[-127.6612,51.3081]]],[[[-127.6665,51.4574],[-127.6676,51.4521],[-127.6854,51.4463],[-127.6836,51.4577],[-127.6665,51.4574]]],[[[-127.8017,51.2698],[-127.7998,51.2583],[-127.8135,51.2621],[-127.8133,51.2694],[-127.8017,51.2698]]],[[[-128.0755,52.1687],[-128.051,52.1664],[-128.0529,52.1612],[-128.0808,52.1635],[-128.0755,52.1687]]],[[[-127.6311,51.2864],[-127.6446,51.2845],[-127.6404,51.2829],[-127.6441,51.2801],[-127.6666,51.2788],[-127.6435,51.289],[-127.6311,51.2864]]],[[[-123.9862,49.79],[-123.9733,49.7813],[-123.9836,49.7787],[-123.9981,49.7845],[-123.9952,49.7893],[-123.9862,49.79]]],[[[-123.9961,49.5078],[-123.9899,49.4948],[-124.0168,49.5044],[-123.9961,49.5078]]],[[[-128.2442,51.9501],[-128.2344,51.9416],[-128.23,51.9326],[-128.2534,51.9339],[-128.2442,51.9501]]],[[[-128.2162,52.0121],[-128.2109,52.002],[-128.2149,51.9949],[-128.2194,51.9954],[-128.2178,52.0],[-128.2309,51.9985],[-128.2311,52.0073],[-128.2237,52.0056],[-128.2198,52.0095],[-128.2265,52.0104],[-128.2162,52.0121]]],[[[-128.4649,52.3505],[-128.4618,52.3447],[-128.4657,52.3359],[-128.4779,52.3317],[-128.4798,52.3414],[-128.4733,52.3419],[-128.4777,52.3443],[-128.4752,52.3501],[-128.4649,52.3505]]],[[[-128.3013,52.0541],[-128.2936,52.0337],[-128.3046,52.0238],[-128.3091,52.0295],[-128.3045,52.0365],[-128.3086,52.043],[-128.3046,52.0501],[-128.3094,52.0508],[-128.3013,52.0541]]],[[[-128.4895,52.1902],[-128.4962,52.1854],[-128.4925,52.1789],[-128.5183,52.1617],[-128.5183,52.1716],[-128.5111,52.1714],[-128.5147,52.1753],[-128.5009,52.1822],[-128.4984,52.1885],[-128.4895,52.1902]]],[[[-127.7063,51.529],[-127.6897,51.5217],[-127.692,51.5167],[-127.7197,51.5166],[-127.7169,51.524],[-127.7063,51.529]]],[[[-129.4091,52.6835],[-129.4129,52.6804],[-129.4095,52.6787],[-129.4063,52.6847],[-129.4016,52.6773],[-129.4147,52.6775],[-129.4135,52.6666],[-129.4258,52.6687],[-129.4246,52.6874],[-129.4169,52.6914],[-129.4091,52.6835]]],[[[-128.6708,52.9636],[-128.6638,52.9594],[-128.6597,52.9354],[-128.6627,52.9291],[-128.6758,52.9525],[-128.6708,52.9636]]],[[[-128.2067,52.2627],[-128.1898,52.2585],[-128.1891,52.2521],[-128.2,52.2483],[-128.2243,52.257],[-128.2067,52.2627]]],[[[-128.2009,51.8249],[-128.1855,51.8187],[-128.1848,51.8141],[-128.1955,51.8047],[-128.1938,51.8103],[-128.1979,51.8135],[-128.1938,51.816],[-128.1955,51.8171],[-128.1953,51.8153],[-128.198,51.8145],[-128.1993,51.8113],[-128.1963,51.8059],[-128.201,51.8027],[-128.2085,51.8065],[-128.2036,51.8144],[-128.2078,51.8175],[-128.2009,51.8249]]],[[[-127.8282,51.6104],[-127.8303,51.6045],[-127.8453,51.5985],[-127.863,51.6015],[-127.862,51.6105],[-127.8282,51.6104]]],[[[-128.7991,52.6852],[-128.7963,52.6653],[-128.809,52.6501],[-128.8085,52.6606],[-128.8142,52.6615],[-128.807,52.6661],[-128.8131,52.6719],[-128.8069,52.6827],[-128.7991,52.6852]]],[[[-128.0546,51.7716],[-128.0575,51.7692],[-128.0576,51.7739],[-128.0612,51.7733],[-128.0624,51.7589],[-128.07,51.7544],[-128.0713,51.7619],[-128.0662,51.7655],[-128.0731,51.7702],[-128.0692,51.7765],[-128.0722,51.7799],[-128.0625,51.7844],[-128.0588,51.7802],[-128.0572,51.7834],[-128.0512,51.7872],[-128.0546,51.7716]]],[[[-128.4382,51.929],[-128.4362,51.9216],[-128.4288,51.9183],[-128.4381,51.9155],[-128.4316,51.9058],[-128.4358,51.8998],[-128.4401,51.9059],[-128.4424,51.8976],[-128.446,51.9046],[-128.4509,51.904],[-128.4498,51.9185],[-128.4382,51.929]]],[[[-127.8021,51.6074],[-127.809,51.5982],[-127.8068,51.5897],[-127.8217,51.5818],[-127.8288,51.5925],[-127.8238,51.5899],[-127.8136,51.6021],[-127.8236,51.5988],[-127.8227,51.607],[-127.8021,51.6074]]],[[[-124.7519,50.1185],[-124.7482,50.1157],[-124.7499,50.1088],[-124.7585,50.106],[-124.7538,50.1025],[-124.7856,50.0993],[-124.7733,50.1119],[-124.7519,50.1185]]],[[[-124.0393,49.6259],[-124.0482,49.6153],[-124.0326,49.6189],[-124.042,49.6137],[-124.037,49.6059],[-124.0487,49.6025],[-124.0507,49.607],[-124.0589,49.6033],[-124.0572,49.6115],[-124.0647,49.6132],[-124.0642,49.6174],[-124.0615,49.6139],[-124.0625,49.6228],[-124.0393,49.6259]]],[[[-128.2487,51.9319],[-128.2289,51.9311],[-128.2276,51.9114],[-128.2294,51.9082],[-128.2339,51.9116],[-128.2351,51.904],[-128.2429,51.9073],[-128.2398,51.9129],[-128.2455,51.9107],[-128.2524,51.9182],[-128.2515,51.9221],[-128.2393,51.9217],[-128.2539,51.9256],[-128.2487,51.9319]]],[[[-128.2245,51.9765],[-128.2298,51.9736],[-128.2272,51.9716],[-128.2216,51.9765],[-128.215,51.9684],[-128.2229,51.9455],[-128.2215,51.9522],[-128.2281,51.9524],[-128.2282,51.9475],[-128.239,51.9501],[-128.2305,51.9552],[-128.2408,51.9608],[-128.2321,51.962],[-128.2403,51.9644],[-128.233,51.9657],[-128.2382,51.9712],[-128.2245,51.9765]]],[[[-128.3473,52.3646],[-128.3407,52.3582],[-128.3475,52.3482],[-128.3395,52.3491],[-128.3718,52.3352],[-128.3756,52.3399],[-128.3713,52.3451],[-128.3767,52.3502],[-128.3473,52.3646]]],[[[-128.0418,52.4984],[-128.0358,52.4954],[-128.0381,52.4919],[-128.0575,52.4904],[-128.0537,52.4771],[-128.0655,52.4728],[-128.0645,52.4844],[-128.0727,52.4929],[-128.0704,52.4961],[-128.0561,52.4986],[-128.0381,52.5108],[-128.03,52.5093],[-128.0418,52.4984]]],[[[-129.1954,53.0747],[-129.2028,53.066],[-129.1976,53.0527],[-129.2088,53.0526],[-129.2147,53.0452],[-129.2211,53.0487],[-129.2183,53.0571],[-129.2306,53.0618],[-129.2303,53.0661],[-129.2064,53.0771],[-129.1954,53.0747]]],[[[-128.2549,51.8621],[-128.242,51.8585],[-128.2373,51.8369],[-128.2524,51.8344],[-128.2452,51.8458],[-128.2493,51.8471],[-128.2555,51.8386],[-128.2582,51.842],[-128.2677,51.8377],[-128.2605,51.8432],[-128.2752,51.8408],[-128.2756,51.847],[-128.2685,51.8469],[-128.2666,51.8561],[-128.2549,51.8621]]],[[[-128.1834,51.8604],[-128.1827,51.8452],[-128.176,51.8416],[-128.1836,51.8421],[-128.1856,51.852],[-128.1936,51.8389],[-128.2024,51.8383],[-128.1974,51.8408],[-128.2028,51.8482],[-128.2087,51.8304],[-128.2153,51.8338],[-128.2073,51.842],[-128.2147,51.8417],[-128.2142,51.8582],[-128.2067,51.8605],[-128.205,51.854],[-128.2026,51.8599],[-128.1834,51.8604]]],[[[-128.5181,52.6082],[-128.5059,52.598],[-128.495,52.5785],[-128.49,52.5529],[-128.4983,52.5567],[-128.5112,52.5764],[-128.5181,52.6082]]],[[[-124.7963,49.936],[-124.8473,49.9344],[-124.8667,49.9424],[-124.8612,49.9494],[-124.8524,49.9414],[-124.8371,49.9393],[-124.8126,49.9444],[-124.7902,49.9419],[-124.7619,49.9497],[-124.7963,49.936]]],[[[-128.3404,52.1639],[-128.3445,52.1521],[-128.3416,52.1471],[-128.338,52.1527],[-128.3356,52.1476],[-128.3386,52.1421],[-128.3419,52.1458],[-128.3447,52.1428],[-128.3465,52.1275],[-128.3775,52.1067],[-128.3852,52.108],[-128.381,52.1143],[-128.3641,52.1213],[-128.3697,52.1237],[-128.3523,52.1452],[-128.3593,52.1458],[-128.3594,52.1546],[-128.3514,52.1576],[-128.3521,52.1493],[-128.3404,52.1639]]],[[[-128.3971,52.1536],[-128.4076,52.1374],[-128.4084,52.1402],[-128.4055,52.1452],[-128.4135,52.1366],[-128.4222,52.1371],[-128.4237,52.1278],[-128.4404,52.129],[-128.4459,52.1228],[-128.4493,52.1256],[-128.4509,52.1324],[-128.4466,52.1348],[-128.4381,52.1454],[-128.4101,52.1561],[-128.3971,52.1536]]],[[[-128.2617,52.0909],[-128.2644,52.0874],[-128.2509,52.0839],[-128.2645,52.0733],[-128.2594,52.0661],[-128.2667,52.0667],[-128.2657,52.0596],[-128.2831,52.0699],[-128.2862,52.0657],[-128.2949,52.0679],[-128.3013,52.0898],[-128.2958,52.0899],[-128.2838,52.0728],[-128.2828,52.0773],[-128.2785,52.0764],[-128.2806,52.0842],[-128.2745,52.087],[-128.2728,52.0835],[-128.2715,52.0884],[-128.2651,52.0893],[-128.2689,52.0918],[-128.2617,52.0909]]],[[[-123.4552,49.4096],[-123.4296,49.4023],[-123.439,49.3907],[-123.4718,49.3933],[-123.4955,49.3842],[-123.4947,49.3884],[-123.4715,49.4009],[-123.4715,49.4061],[-123.4552,49.4096]]],[[[-128.3577,52.3193],[-128.3646,52.3095],[-128.3769,52.308],[-128.3621,52.3068],[-128.3786,52.2894],[-128.3886,52.2866],[-128.3852,52.2918],[-128.4034,52.2847],[-128.4128,52.29],[-128.4033,52.2946],[-128.4063,52.2976],[-128.4031,52.2996],[-128.3937,52.2957],[-128.4016,52.3015],[-128.3988,52.3048],[-128.3786,52.3079],[-128.3834,52.3103],[-128.3878,52.3097],[-128.3854,52.3129],[-128.3577,52.3193]]],[[[-128.7579,52.6575],[-128.757,52.6342],[-128.7644,52.6167],[-128.7746,52.6251],[-128.7679,52.6276],[-128.7756,52.6284],[-128.7758,52.6343],[-128.7834,52.6374],[-128.7716,52.6407],[-128.7847,52.6425],[-128.7886,52.6499],[-128.7843,52.657],[-128.7579,52.6575]]],[[[-123.9803,49.5081],[-123.9552,49.4941],[-123.9593,49.4878],[-123.9544,49.4858],[-123.9596,49.484],[-123.9508,49.4806],[-123.9592,49.4755],[-123.9527,49.4738],[-123.9567,49.4722],[-123.9519,49.468],[-123.9784,49.4714],[-123.9789,49.4836],[-123.9894,49.4925],[-123.9833,49.4893],[-123.9786,49.4928],[-123.9838,49.4964],[-123.9803,49.5081]]],[[[-124.1565,49.7527],[-124.1635,49.7417],[-124.1902,49.7412],[-124.1894,49.737],[-124.1966,49.74],[-124.1973,49.7336],[-124.2039,49.7299],[-124.2051,49.734],[-124.2146,49.7313],[-124.216,49.7257],[-124.2265,49.7268],[-124.2236,49.7355],[-124.2183,49.7351],[-124.2225,49.7454],[-124.2284,49.7455],[-124.2229,49.7515],[-124.1969,49.7443],[-124.1694,49.7552],[-124.1565,49.7527]]],[[[-124.6713,49.8385],[-124.6725,49.8586],[-124.6508,49.8824],[-124.6302,49.8624],[-124.6373,49.8527],[-124.6713,49.8385]]],[[[-127.6269,51.4943],[-127.6295,51.4883],[-127.6247,51.4912],[-127.6261,51.4808],[-127.6222,51.4784],[-127.6304,51.4684],[-127.6228,51.4672],[-127.6315,51.4608],[-127.6425,51.4581],[-127.6465,51.4632],[-127.6405,51.4731],[-127.6439,51.4707],[-127.6502,51.4756],[-127.6505,51.4734],[-127.6453,51.4701],[-127.6477,51.4665],[-127.6507,51.4706],[-127.6545,51.4613],[-127.6644,51.4617],[-127.6617,51.4707],[-127.6792,51.4633],[-127.6745,51.4754],[-127.6626,51.4766],[-127.6674,51.4796],[-127.6649,51.4836],[-127.6353,51.4893],[-127.6384,51.4902],[-127.6269,51.4943]]],[[[-123.2947,49.5468],[-123.2924,49.5257],[-123.2839,49.5238],[-123.2984,49.5178],[-123.3028,49.5103],[-123.3201,49.52],[-123.328,49.5338],[-123.3194,49.5438],[-123.3237,49.5559],[-123.3176,49.5576],[-123.2947,49.5468]]],[[[-124.9133,49.9939],[-124.9056,49.9982],[-124.9046,49.9924],[-124.8879,49.9871],[-124.9003,49.9771],[-124.9058,49.9637],[-124.9152,49.9621],[-124.9462,49.9834],[-124.9447,50.0032],[-124.9133,49.9939]]],[[[-128.3231,52.0946],[-128.3275,52.0842],[-128.3382,52.0916],[-128.3375,52.1005],[-128.3428,52.1038],[-128.3464,52.1012],[-128.3469,52.1055],[-128.3555,52.0982],[-128.3499,52.0876],[-128.3578,52.083],[-128.3671,52.0977],[-128.3623,52.0846],[-128.3807,52.0941],[-128.3777,52.1052],[-128.3539,52.1193],[-128.3471,52.1189],[-128.3403,52.1349],[-128.3231,52.0946]]],[[[-127.7249,51.5076],[-127.7426,51.4997],[-127.6963,51.5081],[-127.7028,51.4962],[-127.7084,51.4965],[-127.7051,51.5016],[-127.7162,51.4984],[-127.7028,51.4938],[-127.7032,51.4895],[-127.7095,51.4851],[-127.7094,51.4918],[-127.7139,51.4912],[-127.7203,51.4809],[-127.7075,51.4792],[-127.7127,51.4821],[-127.7059,51.4843],[-127.7018,51.4774],[-127.7122,51.4721],[-127.7139,51.4759],[-127.7213,51.4666],[-127.7279,51.4678],[-127.7284,51.4752],[-127.7378,51.4724],[-127.7432,51.476],[-127.7356,51.4793],[-127.7435,51.4814],[-127.7482,51.4897],[-127.7542,51.485],[-127.7537,51.4891],[-127.7684,51.4891],[-127.7345,51.5104],[-127.7249,51.5076]]],[[[-128.0831,51.7844],[-128.085,51.7781],[-128.083,51.7836],[-128.0768,51.7827],[-128.0789,51.7684],[-128.1014,51.7674],[-128.0999,51.7733],[-128.1037,51.7755],[-128.1078,51.767],[-128.08,51.765],[-128.0854,51.7488],[-128.1003,51.7429],[-128.1058,51.7512],[-128.109,51.743],[-128.1172,51.7403],[-128.1135,51.7373],[-128.1228,51.7377],[-128.124,51.7414],[-128.1193,51.7426],[-128.1297,51.7441],[-128.1269,51.7518],[-128.1278,51.7523],[-128.1307,51.7502],[-128.1304,51.7542],[-128.1229,51.7574],[-128.1284,51.7618],[-128.1197,51.7636],[-128.1216,51.7675],[-128.1103,51.7673],[-128.1167,51.7704],[-128.112,51.772],[-128.1169,51.7728],[-128.1147,51.7802],[-128.1204,51.7809],[-128.0831,51.7844]]],[[[-128.0069,51.7992],[-128.004,51.788],[-127.9995,51.7877],[-128.0057,51.7787],[-128.0021,51.7716],[-128.0098,51.7674],[-128.0065,51.7631],[-128.0121,51.7596],[-128.0092,51.7551],[-128.0402,51.7427],[-128.0359,51.7498],[-128.0278,51.7498],[-128.0335,51.7521],[-128.0325,51.7565],[-128.0482,51.7451],[-128.0476,51.7499],[-128.0531,51.752],[-128.0504,51.7577],[-128.0149,51.7766],[-128.0547,51.7576],[-128.0581,51.7599],[-128.0483,51.7789],[-128.0271,51.7876],[-128.0167,51.7868],[-128.0069,51.7992]]],[[[-129.3511,52.8577],[-129.3492,52.8525],[-129.3426,52.853],[-129.3447,52.8492],[-129.3262,52.848],[-129.3136,52.8356],[-129.3226,52.8192],[-129.3196,52.8065],[-129.3249,52.8046],[-129.3245,52.7988],[-129.3314,52.8],[-129.3272,52.805],[-129.3386,52.7995],[-129.3537,52.8134],[-129.3656,52.8124],[-129.3729,52.8206],[-129.3634,52.8279],[-129.3685,52.8298],[-129.361,52.8333],[-129.3612,52.8414],[-129.3538,52.8412],[-129.3623,52.845],[-129.3574,52.8568],[-129.3511,52.8577]]],[[[-128.3824,52.3599],[-128.3941,52.348],[-128.3878,52.3417],[-128.3963,52.3229],[-128.4048,52.3189],[-128.4042,52.324],[-128.4157,52.3209],[-128.4239,52.3138],[-128.446,52.3186],[-128.4527,52.3279],[-128.4483,52.329],[-128.4522,52.3308],[-128.4493,52.3332],[-128.4567,52.3346],[-128.4474,52.3409],[-128.4584,52.3415],[-128.4618,52.346],[-128.454,52.3516],[-128.4486,52.3445],[-128.4345,52.3543],[-128.3824,52.3599]]],[[[-128.4149,52.003],[-128.4088,51.9932],[-128.415,51.993],[-128.4103,51.9851],[-128.4222,51.9724],[-128.4169,51.9547],[-128.425,51.9488],[-128.4247,51.9423],[-128.445,51.9365],[-128.4617,51.9257],[-128.4673,51.9392],[-128.4561,51.9408],[-128.4674,51.9462],[-128.4616,51.9473],[-128.4608,51.9588],[-128.4715,51.9437],[-128.4805,51.9491],[-128.4645,51.9641],[-128.4481,51.9662],[-128.4497,51.9712],[-128.4431,51.9817],[-128.4294,51.9884],[-128.437,51.9933],[-128.4333,51.9972],[-128.4371,52.0006],[-128.4149,52.003]]],[[[-127.5796,51.574],[-127.5763,51.568],[-127.5702,51.5707],[-127.5645,51.5532],[-127.5674,51.5368],[-127.5638,51.5338],[-127.5697,51.5246],[-127.5817,51.5194],[-127.5844,51.5272],[-127.579,51.5457],[-127.5824,51.547],[-127.5833,51.5339],[-127.5938,51.521],[-127.5906,51.5113],[-127.5985,51.5051],[-127.5958,51.5105],[-127.607,51.512],[-127.6017,51.5087],[-127.596,51.4915],[-127.6062,51.4922],[-127.605,51.4955],[-127.6093,51.4856],[-127.6154,51.4836],[-127.6232,51.4887],[-127.6201,51.4958],[-127.6196,51.5189],[-127.6218,51.5107],[-127.6287,51.5133],[-127.631,51.5097],[-127.6205,51.5099],[-127.6268,51.4946],[-127.6461,51.4893],[-127.6683,51.4933],[-127.6565,51.4997],[-127.6633,51.498],[-127.6753,51.4917],[-127.683,51.4935],[-127.6798,51.5025],[-127.6862,51.5039],[-127.6834,51.5064],[-127.6705,51.5084],[-127.6711,51.5013],[-127.6673,51.4999],[-127.6628,51.5083],[-127.6426,51.51],[-127.6254,51.5395],[-127.6028,51.5576],[-127.6009,51.5481],[-127.5983,51.55],[-127.5888,51.5606],[-127.5917,51.5638],[-127.5796,51.574]]],[[[-128.225,52.2218],[-128.219,52.2147],[-128.2071,52.2178],[-128.2069,52.2108],[-128.2529,52.1938],[-128.2647,52.1825],[-128.2702,52.1848],[-128.2793,52.1525],[-128.2869,52.155],[-128.2874,52.1485],[-128.3063,52.1286],[-128.3175,52.128],[-128.3149,52.1298],[-128.3217,52.1389],[-128.3175,52.142],[-128.3196,52.1444],[-128.3252,52.1414],[-128.3283,52.1555],[-128.3113,52.1813],[-128.3156,52.1822],[-128.307,52.1927],[-128.3099,52.1936],[-128.3003,52.2007],[-128.3046,52.2011],[-128.2881,52.2039],[-128.2735,52.1944],[-128.2878,52.2078],[-128.2684,52.2182],[-128.2681,52.2128],[-128.2615,52.2096],[-128.2696,52.2031],[-128.2599,52.2076],[-128.2531,52.2013],[-128.2567,52.2107],[-128.246,52.2112],[-128.2534,52.2226],[-128.225,52.2218]]],[[[-127.5278,51.3105],[-127.474,51.3006],[-127.4353,51.3038],[-127.377,51.2956],[-127.3925,51.2904],[-127.4664,51.2835],[-127.495,51.2735],[-127.5301,51.2762],[-127.5479,51.2701],[-127.5813,51.2696],[-127.5751,51.2664],[-127.5832,51.2643],[-127.5843,51.2688],[-127.5592,51.2849],[-127.5576,51.2923],[-127.5658,51.2935],[-127.5697,51.2867],[-127.5657,51.2846],[-127.5732,51.2819],[-127.5765,51.2876],[-127.5851,51.2833],[-127.5983,51.2865],[-127.5939,51.2892],[-127.6082,51.2879],[-127.6092,51.2917],[-127.6037,51.2935],[-127.6127,51.2954],[-127.5964,51.3036],[-127.5779,51.3051],[-127.5768,51.3012],[-127.5689,51.3037],[-127.5734,51.2931],[-127.5603,51.3073],[-127.5466,51.3063],[-127.5372,51.2964],[-127.5277,51.3033],[-127.5343,51.3052],[-127.5278,51.3105]]],[[[-128.3265,52.2353],[-128.3203,52.2301],[-128.3024,52.2344],[-128.2951,52.2309],[-128.2931,52.2368],[-128.2768,52.2384],[-128.2639,52.2289],[-128.2894,52.2085],[-128.2958,52.2062],[-128.298,52.2123],[-128.3184,52.1865],[-128.3257,52.1821],[-128.3284,52.1885],[-128.3489,52.1659],[-128.3773,52.1518],[-128.38,52.1569],[-128.3702,52.1663],[-128.3775,52.1684],[-128.3746,52.172],[-128.3803,52.1707],[-128.3757,52.1857],[-128.3818,52.1932],[-128.3708,52.1949],[-128.375,52.2002],[-128.3673,52.2074],[-128.3683,52.2122],[-128.3732,52.2119],[-128.373,52.2045],[-128.3905,52.2064],[-128.3866,52.2131],[-128.3786,52.2116],[-128.3855,52.2151],[-128.3708,52.2324],[-128.3725,52.2362],[-128.3265,52.2353]]],[[[-128.4102,52.238],[-128.4106,52.234],[-128.4028,52.2395],[-128.3773,52.2371],[-128.3805,52.2253],[-128.3939,52.219],[-128.3873,52.2174],[-128.3922,52.2137],[-128.3891,52.2116],[-128.392,52.2052],[-128.398,52.2031],[-128.3959,52.1965],[-128.4171,52.1952],[-128.4252,52.1839],[-128.4201,52.1844],[-128.4156,52.1939],[-128.413,52.1835],[-128.3931,52.1906],[-128.3941,52.1852],[-128.3895,52.1868],[-128.3864,52.1785],[-128.3822,52.1797],[-128.3836,52.1725],[-128.3884,52.17],[-128.3877,52.1761],[-128.3936,52.1617],[-128.4075,52.157],[-128.431,52.1555],[-128.4362,52.1599],[-128.4324,52.1693],[-128.4379,52.1635],[-128.442,52.1726],[-128.4412,52.162],[-128.4498,52.1583],[-128.463,52.1571],[-128.4586,52.1622],[-128.4587,52.1629],[-128.4632,52.1624],[-128.4613,52.1666],[-128.4843,52.1476],[-128.4877,52.1517],[-128.4943,52.1505],[-128.4879,52.155],[-128.4898,52.1586],[-128.4997,52.1542],[-128.5025,52.1583],[-128.4911,52.1689],[-128.5022,52.1686],[-128.4883,52.1768],[-128.4799,52.1886],[-128.46,52.1796],[-128.4768,52.1685],[-128.4549,52.1775],[-128.4531,52.1832],[-128.4624,52.1824],[-128.4729,52.1986],[-128.4688,52.2062],[-128.4528,52.2103],[-128.4561,52.2123],[-128.4488,52.2179],[-128.4509,52.2209],[-128.4288,52.2206],[-128.4291,52.2137],[-128.4423,52.2088],[-128.4374,52.2048],[-128.419,52.2075],[-128.411,52.2025],[-128.4103,52.2074],[-128.4022,52.2063],[-128.4049,52.2092],[-128.4109,52.2109],[-128.4097,52.2143],[-128.4119,52.2135],[-128.4139,52.2092],[-128.4225,52.211],[-128.4172,52.2191],[-128.4024,52.2164],[-128.4171,52.2219],[-128.4151,52.2263],[-128.4227,52.22],[-128.4262,52.2256],[-128.436,52.23],[-128.4315,52.2347],[-128.4403,52.2342],[-128.4102,52.238]]],[[[-128.0026,51.724],[-127.994,51.7278],[-127.9808,51.6863],[-127.9639,51.67],[-127.9615,51.656],[-128.087,51.6586],[-128.0768,51.6663],[-128.0833,51.6715],[-128.0774,51.6773],[-128.0801,51.6873],[-128.068,51.6908],[-128.0692,51.6949],[-128.0613,51.7001],[-128.0658,51.7055],[-128.061,51.7109],[-128.0545,51.7067],[-128.057,51.7013],[-128.0518,51.7025],[-128.0411,51.7091],[-128.0457,51.7115],[-128.0436,51.7151],[-128.017,51.7242],[-128.0226,51.7249],[-128.0126,51.7271],[-128.013,51.7314],[-128.0026,51.724]]],[[[-128.0448,52.309],[-128.014,52.3034],[-128.0062,52.2972],[-128.0066,52.3007],[-128.0008,52.3002],[-128.0058,52.2966],[-128.0014,52.286],[-128.016,52.2897],[-128.0192,52.2808],[-128.0299,52.2902],[-128.0241,52.2793],[-128.0344,52.2724],[-128.0429,52.2729],[-128.0421,52.2816],[-128.0532,52.2513],[-128.0799,52.2312],[-128.09,52.2291],[-128.0967,52.2331],[-128.1052,52.2261],[-128.1105,52.2291],[-128.1199,52.2255],[-128.1238,52.2267],[-128.1212,52.2315],[-128.139,52.2311],[-128.1358,52.2346],[-128.1388,52.237],[-128.153,52.2418],[-128.1652,52.2378],[-128.1694,52.2435],[-128.1761,52.2369],[-128.1838,52.2377],[-128.1763,52.2485],[-128.149,52.2469],[-128.1542,52.255],[-128.1521,52.2603],[-128.1301,52.2705],[-128.1202,52.2668],[-128.1063,52.2727],[-128.095,52.2676],[-128.0875,52.2731],[-128.089,52.2675],[-128.083,52.2674],[-128.0793,52.2746],[-128.1001,52.2826],[-128.1011,52.2923],[-128.0448,52.309]]],[[[-123.3106,49.4173],[-123.3146,49.415],[-123.3143,49.4131],[-123.3086,49.4106],[-123.3111,49.4037],[-123.3228,49.396],[-123.3191,49.3874],[-123.3316,49.387],[-123.3342,49.3823],[-123.3266,49.3814],[-123.3341,49.3777],[-123.3224,49.3802],[-123.3212,49.3762],[-123.3272,49.3757],[-123.3379,49.3539],[-123.3571,49.3424],[-123.3606,49.3356],[-123.4209,49.3351],[-123.4319,49.3401],[-123.4298,49.3474],[-123.4189,49.3519],[-123.4258,49.3579],[-123.4233,49.3648],[-123.4307,49.3651],[-123.4298,49.3684],[-123.3881,49.3999],[-123.3644,49.4062],[-123.3583,49.414],[-123.3106,49.4173]]],[[[-123.3674,49.528],[-123.3575,49.5298],[-123.3575,49.5184],[-123.3417,49.5007],[-123.3293,49.4959],[-123.3366,49.4902],[-123.3183,49.4746],[-123.3159,49.4482],[-123.3264,49.4477],[-123.3254,49.4565],[-123.3361,49.4428],[-123.3539,49.4381],[-123.3614,49.4312],[-123.3708,49.4314],[-123.375,49.44],[-123.364,49.4491],[-123.3448,49.4785],[-123.3594,49.4748],[-123.364,49.4617],[-123.3766,49.4539],[-123.3825,49.4575],[-123.3735,49.4666],[-123.3775,49.4686],[-123.3715,49.4751],[-123.3756,49.4815],[-123.3887,49.4727],[-123.3907,49.4555],[-123.3981,49.453],[-123.4073,49.4571],[-123.3978,49.4669],[-123.4037,49.4716],[-123.4201,49.461],[-123.4287,49.4408],[-123.4471,49.4344],[-123.4384,49.4497],[-123.4485,49.4547],[-123.4472,49.462],[-123.4568,49.4646],[-123.4593,49.4717],[-123.4427,49.4865],[-123.4507,49.5028],[-123.4349,49.522],[-123.4249,49.527],[-123.3948,49.5273],[-123.386,49.534],[-123.3674,49.528]]],[[[-128.4659,52.8435],[-128.4695,52.8252],[-128.4531,52.8089],[-128.4588,52.806],[-128.4538,52.7965],[-128.4638,52.7772],[-128.4771,52.7656],[-128.4818,52.7715],[-128.4796,52.7861],[-128.4828,52.7791],[-128.4882,52.7817],[-128.4881,52.7643],[-128.4924,52.7662],[-128.4846,52.7569],[-128.4846,52.7381],[-128.4758,52.7042],[-128.4957,52.674],[-128.5039,52.6433],[-128.5207,52.6425],[-128.5269,52.6487],[-128.5378,52.6895],[-128.5407,52.6925],[-128.549,52.6929],[-128.5531,52.7095],[-128.5445,52.7103],[-128.5428,52.7507],[-128.5342,52.7765],[-128.5374,52.779],[-128.5237,52.7986],[-128.5241,52.8184],[-128.5157,52.8356],[-128.5205,52.8358],[-128.5179,52.8466],[-128.5215,52.8522],[-128.515,52.8782],[-128.5087,52.8825],[-128.5047,52.8736],[-128.4659,52.8435]]],[[[-128.2857,52.4788],[-128.2744,52.4746],[-128.266,52.456],[-128.2818,52.4592],[-128.2822,52.4419],[-128.2966,52.445],[-128.2861,52.4192],[-128.3309,52.41],[-128.3418,52.4031],[-128.3376,52.3998],[-128.34,52.3913],[-128.3481,52.389],[-128.3631,52.371],[-128.3762,52.3739],[-128.3769,52.3645],[-128.4078,52.362],[-128.4186,52.3658],[-128.456,52.3612],[-128.4566,52.3679],[-128.4434,52.3714],[-128.4599,52.3732],[-128.4494,52.3828],[-128.4405,52.3807],[-128.4416,52.3847],[-128.4519,52.3823],[-128.4691,52.3857],[-128.4696,52.3908],[-128.4716,52.3864],[-128.4709,52.3925],[-128.4777,52.3898],[-128.4751,52.3992],[-128.4617,52.3997],[-128.4556,52.4049],[-128.4323,52.4031],[-128.4247,52.4132],[-128.4191,52.4089],[-128.4179,52.4189],[-128.4223,52.4212],[-128.4168,52.4399],[-128.4018,52.4575],[-128.3438,52.473],[-128.326,52.4722],[-128.315,52.4654],[-128.319,52.4701],[-128.3034,52.4707],[-128.2857,52.4788]]],[[[-128.1025,52.439],[-128.0927,52.4304],[-128.0949,52.4258],[-128.0789,52.4137],[-128.0744,52.3984],[-128.0778,52.3946],[-128.0659,52.3769],[-128.0681,52.3637],[-128.0553,52.3492],[-128.047,52.3188],[-128.0735,52.3176],[-128.0794,52.3102],[-128.1033,52.305],[-128.1103,52.2982],[-128.1154,52.3039],[-128.1286,52.2816],[-128.1595,52.2731],[-128.1744,52.2755],[-128.1646,52.2829],[-128.174,52.2837],[-128.1816,52.2745],[-128.2031,52.2812],[-128.204,52.2902],[-128.1899,52.2927],[-128.2032,52.295],[-128.1999,52.296],[-128.2052,52.2992],[-128.2017,52.3055],[-128.1881,52.3027],[-128.1843,52.2956],[-128.1689,52.3001],[-128.1738,52.3005],[-128.1831,52.31],[-128.1902,52.3094],[-128.1969,52.3153],[-128.1737,52.3283],[-128.1737,52.3376],[-128.1641,52.3461],[-128.1555,52.3679],[-128.1445,52.3745],[-128.1419,52.3833],[-128.1194,52.4062],[-128.1127,52.4268],[-128.1147,52.4347],[-128.1025,52.439]]],[[[-124.0152,49.783],[-123.9936,49.776],[-123.9924,49.7668],[-124.0143,49.7676],[-124.0314,49.7522],[-124.0604,49.741],[-124.0509,49.7221],[-124.0606,49.7186],[-124.0698,49.7027],[-124.0819,49.7139],[-124.0772,49.7045],[-124.0794,49.7011],[-124.0829,49.7038],[-124.0803,49.6895],[-124.0878,49.6735],[-124.0837,49.6691],[-124.0907,49.6462],[-124.1114,49.6563],[-124.1301,49.6511],[-124.1269,49.6529],[-124.1317,49.6532],[-124.1309,49.6566],[-124.1179,49.6602],[-124.1193,49.6646],[-124.1266,49.6633],[-124.1229,49.6683],[-124.1324,49.6674],[-124.1422,49.6593],[-124.1477,49.6634],[-124.1623,49.6615],[-124.1785,49.6732],[-124.2056,49.6726],[-124.2035,49.6786],[-124.1846,49.6858],[-124.2013,49.6821],[-124.1981,49.6976],[-124.1657,49.7077],[-124.1726,49.7141],[-124.1718,49.7107],[-124.1888,49.7008],[-124.2023,49.7012],[-124.2027,49.7121],[-124.1746,49.717],[-124.1599,49.7314],[-124.1605,49.7366],[-124.1501,49.7468],[-124.1529,49.7517],[-124.145,49.7578],[-124.118,49.7615],[-124.1138,49.752],[-124.0943,49.7473],[-124.0856,49.7532],[-124.0969,49.7663],[-124.0926,49.7728],[-124.0152,49.783]]],[[[-127.9673,52.3046],[-127.9624,52.2951],[-127.9435,52.2888],[-127.9463,52.2818],[-127.9372,52.2677],[-127.9294,52.2662],[-127.916,52.2504],[-127.9176,52.2402],[-127.9122,52.2348],[-127.9052,52.1964],[-127.9158,52.1979],[-127.894,52.1891],[-127.9045,52.1763],[-127.9141,52.174],[-127.91,52.1712],[-127.915,52.1643],[-127.9265,52.1687],[-127.9465,52.1621],[-127.9691,52.1736],[-127.9786,52.1724],[-127.9753,52.177],[-127.9874,52.1851],[-127.9893,52.1812],[-127.9823,52.175],[-127.9968,52.1739],[-128.0121,52.1794],[-128.0197,52.174],[-128.0412,52.1762],[-128.0635,52.1873],[-128.0771,52.1886],[-128.0815,52.1932],[-128.0775,52.1949],[-128.0936,52.201],[-128.093,52.2072],[-128.0862,52.2065],[-128.0796,52.2138],[-128.0731,52.209],[-128.0731,52.2144],[-128.0784,52.2164],[-128.0635,52.2278],[-128.0335,52.2364],[-128.033,52.2331],[-128.0274,52.2371],[-128.0154,52.2319],[-128.0183,52.2237],[-128.0141,52.2208],[-128.0043,52.2205],[-128.0043,52.2239],[-127.997,52.2205],[-128.0054,52.2335],[-128.0064,52.2328],[-128.0075,52.231],[-128.0084,52.2278],[-128.0099,52.2273],[-128.017,52.2355],[-128.0142,52.2414],[-128.0201,52.2467],[-128.0119,52.2584],[-128.0204,52.2592],[-128.0242,52.2688],[-128.0161,52.2744],[-128.0154,52.2613],[-128.0017,52.2676],[-128.0048,52.2789],[-127.9992,52.2858],[-127.9934,52.2796],[-127.9902,52.283],[-127.9876,52.3014],[-127.9673,52.3046]]],[[[-127.885,52.1857],[-127.8877,52.1652],[-127.884,52.1553],[-127.8903,52.1265],[-127.9004,52.1286],[-127.9186,52.1196],[-127.928,52.0958],[-127.9425,52.0758],[-127.9657,52.0749],[-127.9682,52.0792],[-127.9976,52.0868],[-128.0082,52.0824],[-128.0249,52.0861],[-128.0346,52.0798],[-128.0566,52.0802],[-128.0814,52.0868],[-128.0864,52.0952],[-128.0884,52.0889],[-128.0986,52.0887],[-128.1084,52.0998],[-128.1155,52.1008],[-128.1173,52.1109],[-128.1119,52.1092],[-128.1147,52.1153],[-128.1099,52.1213],[-128.1216,52.121],[-128.1352,52.148],[-128.1079,52.1614],[-128.1062,52.1569],[-128.0973,52.1559],[-128.1025,52.1532],[-128.0964,52.1538],[-128.0783,52.1411],[-128.0658,52.1533],[-128.0739,52.1556],[-128.0618,52.1576],[-128.0239,52.1523],[-128.0078,52.1434],[-128.0122,52.1482],[-128.0033,52.1475],[-128.0104,52.1517],[-128.0438,52.1576],[-128.0457,52.1622],[-128.0171,52.1645],[-128.0048,52.1688],[-128.0078,52.1708],[-127.9941,52.1661],[-127.9678,52.1677],[-127.9615,52.1627],[-127.9257,52.1572],[-127.9231,52.16],[-127.9128,52.1509],[-127.9044,52.1619],[-127.9055,52.1716],[-127.885,52.1857]]],[[[-128.1739,52.2131],[-128.1677,52.2015],[-128.1629,52.2061],[-128.1654,52.2088],[-128.1563,52.2081],[-128.1498,52.1863],[-128.1493,52.1926],[-128.1387,52.1936],[-128.137,52.1975],[-128.1284,52.1927],[-128.1285,52.1868],[-128.1212,52.1904],[-128.1115,52.1852],[-128.1322,52.1765],[-128.1383,52.185],[-128.1332,52.1874],[-128.1432,52.1862],[-128.1379,52.1775],[-128.1438,52.1754],[-128.1414,52.1614],[-128.1451,52.1579],[-128.1406,52.1444],[-128.1469,52.137],[-128.134,52.1318],[-128.1394,52.1206],[-128.1457,52.1188],[-128.1409,52.106],[-128.1466,52.1047],[-128.1369,52.0966],[-128.1343,52.086],[-128.1478,52.081],[-128.1578,52.0845],[-128.1534,52.0716],[-128.1651,52.0681],[-128.1628,52.0655],[-128.1678,52.0625],[-128.1767,52.0624],[-128.1864,52.0518],[-128.1923,52.0735],[-128.1999,52.0814],[-128.1981,52.0859],[-128.2023,52.0855],[-128.2007,52.0898],[-128.2139,52.0901],[-128.2139,52.084],[-128.2253,52.0767],[-128.2204,52.0787],[-128.2149,52.0724],[-128.218,52.078],[-128.2105,52.077],[-128.215,52.0815],[-128.2093,52.086],[-128.1938,52.0733],[-128.1959,52.0685],[-128.1887,52.0462],[-128.1923,52.0453],[-128.1828,52.0435],[-128.1825,52.0368],[-128.1866,52.0398],[-128.1796,52.0319],[-128.1899,52.0256],[-128.1876,52.0294],[-128.1946,52.0325],[-128.1963,52.0317],[-128.1899,52.0301],[-128.1905,52.025],[-128.1831,52.0262],[-128.1867,52.023],[-128.1831,52.0211],[-128.1833,52.01],[-128.2092,52.0187],[-128.2041,52.0197],[-128.1965,52.0169],[-128.1903,52.0205],[-128.2047,52.0217],[-128.2037,52.0201],[-128.2117,52.0204],[-128.217,52.0158],[-128.238,52.0148],[-128.2346,52.0197],[-128.24,52.0232],[-128.2355,52.0264],[-128.2521,52.0307],[-128.2478,52.0475],[-128.2361,52.045],[-128.2422,52.051],[-128.2363,52.0562],[-128.2461,52.0662],[-128.247,52.0791],[-128.2402,52.0821],[-128.226,52.0664],[-128.2236,52.0572],[-128.2171,52.0587],[-128.2079,52.0499],[-128.2079,52.0555],[-128.2254,52.0662],[-128.2392,52.09],[-128.2463,52.086],[-128.282,52.1035],[-128.2709,52.1095],[-128.2656,52.1076],[-128.2702,52.1139],[-128.2627,52.1122],[-128.261,52.1206],[-128.2644,52.1202],[-128.2606,52.1225],[-128.2537,52.121],[-128.2478,52.131],[-128.2372,52.1219],[-128.2323,52.1404],[-128.2434,52.134],[-128.2495,52.1377],[-128.2539,52.1343],[-128.2622,52.1438],[-128.2571,52.1344],[-128.2646,52.1317],[-128.2695,52.1169],[-128.2825,52.1129],[-128.2867,52.1073],[-128.2927,52.1126],[-128.2854,52.1171],[-128.2874,52.1214],[-128.2826,52.1259],[-128.2691,52.1312],[-128.268,52.14],[-128.2622,52.1402],[-128.2653,52.145],[-128.256,52.1448],[-128.257,52.1579],[-128.2499,52.1643],[-128.2502,52.1711],[-128.2462,52.1697],[-128.2461,52.178],[-128.235,52.1853],[-128.2208,52.1843],[-128.2091,52.1922],[-128.1931,52.1902],[-128.1848,52.1956],[-128.1761,52.1869],[-128.1752,52.1941],[-128.1681,52.1926],[-128.1675,52.1986],[-128.1907,52.2081],[-128.182,52.2126],[-128.1763,52.2074],[-128.1788,52.2111],[-128.1739,52.2131]]],[[[-128.6759,52.4841],[-128.6744,52.4794],[-128.6875,52.4753],[-128.6826,52.4733],[-128.6903,52.4707],[-128.6905,52.4649],[-128.6787,52.4727],[-128.6665,52.4672],[-128.6697,52.4825],[-128.6501,52.4732],[-128.6633,52.4717],[-128.6262,52.4596],[-128.6197,52.4461],[-128.6296,52.4297],[-128.6275,52.4195],[-128.6312,52.4153],[-128.6224,52.4027],[-128.626,52.3834],[-128.6161,52.3648],[-128.6217,52.3584],[-128.6184,52.3475],[-128.6255,52.3429],[-128.625,52.3361],[-128.6196,52.3381],[-128.6157,52.3322],[-128.6295,52.3196],[-128.6261,52.3178],[-128.63,52.3061],[-128.6357,52.3111],[-128.6398,52.3072],[-128.6451,52.3095],[-128.6433,52.3015],[-128.6522,52.3053],[-128.6494,52.2999],[-128.6639,52.2971],[-128.6656,52.2941],[-128.6585,52.2924],[-128.6683,52.2923],[-128.6597,52.2861],[-128.6656,52.2791],[-128.6907,52.2863],[-128.6887,52.2897],[-128.696,52.2932],[-128.6911,52.2985],[-128.6974,52.2963],[-128.6984,52.3026],[-128.7048,52.2996],[-128.704,52.304],[-128.7125,52.3046],[-128.7103,52.3074],[-128.7132,52.3056],[-128.7216,52.3121],[-128.7335,52.3138],[-128.7255,52.3165],[-128.7284,52.3196],[-128.7253,52.3221],[-128.7291,52.3204],[-128.7262,52.3226],[-128.7336,52.3247],[-128.729,52.3277],[-128.7394,52.334],[-128.7309,52.3405],[-128.7354,52.3379],[-128.7336,52.3433],[-128.7402,52.3451],[-128.7349,52.3516],[-128.74,52.3472],[-128.7421,52.3505],[-128.7353,52.3561],[-128.7186,52.3501],[-128.7254,52.3572],[-128.7272,52.354],[-128.7341,52.3563],[-128.7236,52.3629],[-128.7191,52.3594],[-128.7275,52.3677],[-128.7238,52.363],[-128.7372,52.3574],[-128.7338,52.3674],[-128.7403,52.3622],[-128.7424,52.3699],[-128.7456,52.3681],[-128.7424,52.3753],[-128.7502,52.3688],[-128.754,52.3732],[-128.7509,52.3775],[-128.7571,52.3765],[-128.7572,52.384],[-128.7424,52.3855],[-128.7505,52.3885],[-128.7544,52.3856],[-128.7584,52.3906],[-128.7538,52.3972],[-128.7628,52.3984],[-128.763,52.4037],[-128.7559,52.4072],[-128.7569,52.4079],[-128.7593,52.4075],[-128.7565,52.4144],[-128.7522,52.4109],[-128.7456,52.4181],[-128.7671,52.4113],[-128.7651,52.4164],[-128.7723,52.4173],[-128.7638,52.4227],[-128.766,52.4254],[-128.7712,52.4251],[-128.7707,52.4447],[-128.7601,52.4566],[-128.765,52.457],[-128.7625,52.4632],[-128.7661,52.4668],[-128.7622,52.4693],[-128.7661,52.4723],[-128.7586,52.4709],[-128.7501,52.4761],[-128.7341,52.47],[-128.7324,52.4743],[-128.6981,52.4718],[-128.6954,52.4742],[-128.7071,52.4754],[-128.7071,52.4798],[-128.6759,52.4841]]],[[[-128.5481,52.6765],[-128.5398,52.6634],[-128.5379,52.6418],[-128.5232,52.6051],[-128.5213,52.5941],[-128.5251,52.5918],[-128.5233,52.5879],[-128.5194,52.5911],[-128.5153,52.5834],[-128.5139,52.5748],[-128.5179,52.5717],[-128.5057,52.5583],[-128.5018,52.5572],[-128.4943,52.5398],[-128.4958,52.5302],[-128.4663,52.4772],[-128.4715,52.4639],[-128.4817,52.4545],[-128.4821,52.4449],[-128.4869,52.446],[-128.4862,52.4399],[-128.5009,52.4344],[-128.4992,52.4312],[-128.5213,52.4316],[-128.5481,52.4399],[-128.5648,52.4534],[-128.5801,52.4514],[-128.5908,52.4591],[-128.626,52.4691],[-128.6351,52.4746],[-128.6258,52.4771],[-128.6518,52.4822],[-128.6665,52.4895],[-128.6666,52.4945],[-128.6706,52.4917],[-128.6802,52.4978],[-128.6953,52.4974],[-128.702,52.5058],[-128.6815,52.5074],[-128.6916,52.509],[-128.6911,52.5203],[-128.6927,52.5206],[-128.7012,52.5109],[-128.7024,52.5173],[-128.7089,52.5191],[-128.7192,52.5108],[-128.7162,52.5097],[-128.7275,52.5096],[-128.7059,52.5044],[-128.708,52.4822],[-128.7213,52.4846],[-128.7335,52.495],[-128.738,52.4851],[-128.7322,52.4834],[-128.7382,52.4812],[-128.7423,52.4847],[-128.7478,52.4845],[-128.7455,52.4884],[-128.7535,52.4885],[-128.7595,52.4794],[-128.7588,52.4892],[-128.7623,52.4925],[-128.7628,52.483],[-128.7684,52.4997],[-128.7753,52.4936],[-128.7767,52.4978],[-128.7874,52.4983],[-128.7819,52.4952],[-128.785,52.491],[-128.7889,52.4953],[-128.7916,52.4924],[-128.7882,52.4971],[-128.7914,52.4997],[-128.799,52.4963],[-128.7881,52.5063],[-128.7967,52.5104],[-128.8073,52.5065],[-128.8062,52.5094],[-128.8009,52.51],[-128.8028,52.5137],[-128.8068,52.5131],[-128.8046,52.5154],[-128.8098,52.5142],[-128.8126,52.5229],[-128.8221,52.5197],[-128.8204,52.5147],[-128.8279,52.5148],[-128.8237,52.5224],[-128.8282,52.5257],[-128.824,52.5303],[-128.8249,52.5384],[-128.8203,52.5404],[-128.8261,52.5417],[-128.8185,52.5447],[-128.814,52.5584],[-128.7384,52.5101],[-128.7308,52.5125],[-128.744,52.5229],[-128.7373,52.5259],[-128.7275,52.525],[-128.7066,52.5337],[-128.7053,52.5289],[-128.6797,52.5271],[-128.6802,52.5282],[-128.6922,52.5293],[-128.6927,52.5321],[-128.6982,52.5307],[-128.7188,52.5408],[-128.729,52.5404],[-128.7324,52.5463],[-128.7281,52.5495],[-128.7021,52.5515],[-128.695,52.5457],[-128.6881,52.5475],[-128.6557,52.5382],[-128.6598,52.5419],[-128.673,52.5437],[-128.6772,52.5493],[-128.7078,52.5541],[-128.6524,52.5577],[-128.6616,52.5573],[-128.6689,52.5633],[-128.669,52.5566],[-128.6982,52.5614],[-128.7024,52.5574],[-128.7125,52.5583],[-128.7019,52.5694],[-128.6935,52.5702],[-128.7016,52.5724],[-128.691,52.5838],[-128.7001,52.5866],[-128.6964,52.5931],[-128.7013,52.5987],[-128.7044,52.5892],[-128.713,52.5868],[-128.7053,52.5856],[-128.7094,52.5761],[-128.7166,52.5802],[-128.7226,52.577],[-128.7121,52.568],[-128.7177,52.5671],[-128.7181,52.5641],[-128.714,52.565],[-128.7138,52.5592],[-128.7098,52.556],[-128.7157,52.5526],[-128.7214,52.5553],[-128.713,52.5569],[-128.7279,52.5582],[-128.7215,52.5618],[-128.7427,52.561],[-128.7389,52.5693],[-128.7463,52.5647],[-128.7408,52.5663],[-128.7448,52.5606],[-128.7559,52.559],[-128.7511,52.5762],[-128.7355,52.5831],[-128.7504,52.5846],[-128.755,52.5929],[-128.7183,52.597],[-128.7365,52.5721],[-128.7236,52.58],[-128.728,52.5829],[-128.7178,52.5964],[-128.7049,52.602],[-128.6303,52.6079],[-128.5833,52.5987],[-128.5778,52.6123],[-128.5769,52.6358],[-128.5665,52.6442],[-128.5593,52.6638],[-128.5614,52.6684],[-128.5481,52.6765]]],[[[-124.6032,49.8031],[-124.5876,49.7785],[-124.5628,49.7635],[-124.5771,49.7623],[-124.5342,49.757],[-124.5141,49.7491],[-124.4997,49.7353],[-124.4755,49.736],[-124.429,49.7241],[-124.4186,49.7271],[-124.4133,49.7219],[-124.3989,49.7223],[-124.3816,49.7133],[-124.3567,49.7082],[-124.3217,49.6632],[-124.2591,49.61],[-124.1685,49.555],[-124.1481,49.5371],[-124.1238,49.4945],[-124.1413,49.4886],[-124.1692,49.5009],[-124.1744,49.5089],[-124.2075,49.5282],[-124.2267,49.5284],[-124.2354,49.5376],[-124.2528,49.5424],[-124.2593,49.5489],[-124.2791,49.5477],[-124.3014,49.568],[-124.3303,49.5749],[-124.3527,49.5887],[-124.398,49.6026],[-124.4093,49.6137],[-124.4361,49.6202],[-124.4388,49.6393],[-124.4677,49.6536],[-124.4661,49.6594],[-124.4774,49.6787],[-124.4992,49.6716],[-124.5221,49.6917],[-124.5967,49.7139],[-124.6084,49.7213],[-124.6203,49.7218],[-124.6237,49.7293],[-124.6356,49.7349],[-124.6323,49.7426],[-124.6391,49.7463],[-124.6345,49.7484],[-124.6389,49.7536],[-124.631,49.7529],[-124.6231,49.7674],[-124.6285,49.7773],[-124.6375,49.7809],[-124.629,49.7884],[-124.6372,49.7991],[-124.6303,49.8012],[-124.6145,49.7924],[-124.6129,49.7987],[-124.6032,49.8031]]],[[[-128.0932,51.6885],[-128.0934,51.6718],[-128.1009,51.6636],[-128.0981,51.6562],[-128.1125,51.656],[-128.1187,51.6646],[-128.1228,51.6557],[-128.1339,51.658],[-128.1301,51.6539],[-128.1188,51.6523],[-128.1208,51.6422],[-128.1089,51.6523],[-128.0934,51.6502],[-128.1079,51.6393],[-128.0908,51.6456],[-128.0871,51.6385],[-128.0835,51.6498],[-128.0771,51.6424],[-128.0743,51.6518],[-127.9557,51.6468],[-127.9491,51.6346],[-127.9147,51.6083],[-127.9019,51.5762],[-127.8952,51.5698],[-127.8973,51.5527],[-127.9112,51.5328],[-127.9397,51.5284],[-127.91,51.5245],[-127.8867,51.4963],[-127.8757,51.4634],[-127.8789,51.4446],[-127.8852,51.439],[-127.8905,51.441],[-127.8875,51.4384],[-127.894,51.433],[-127.8872,51.4271],[-127.8947,51.4272],[-127.9046,51.4174],[-127.9125,51.4259],[-127.9192,51.4213],[-127.9295,51.4278],[-127.9384,51.4269],[-127.9346,51.432],[-127.946,51.4319],[-127.9449,51.44],[-127.9567,51.44],[-127.95,51.4458],[-127.9512,51.4523],[-127.9631,51.4514],[-127.954,51.4571],[-127.9688,51.4614],[-127.9794,51.4569],[-127.9856,51.4673],[-127.9967,51.4697],[-128.0054,51.479],[-128.0167,51.4745],[-128.0172,51.4658],[-128.0252,51.4623],[-128.0463,51.4675],[-128.0436,51.4722],[-128.0533,51.4735],[-128.0592,51.4685],[-128.0589,51.4736],[-128.0679,51.4709],[-128.0692,51.4761],[-128.0874,51.4805],[-128.0924,51.4898],[-128.0928,51.5064],[-128.1113,51.5272],[-128.107,51.5331],[-128.115,51.5491],[-128.1176,51.5745],[-128.1288,51.5849],[-128.1408,51.5879],[-128.1418,51.5947],[-128.1512,51.5995],[-128.145,51.6055],[-128.1496,51.6107],[-128.1425,51.6113],[-128.1487,51.6235],[-128.1443,51.6254],[-128.1509,51.6258],[-128.1448,51.6273],[-128.1505,51.6289],[-128.1432,51.6362],[-128.1552,51.64],[-128.1499,51.6436],[-128.1535,51.6457],[-128.1387,51.6541],[-128.1445,51.6582],[-128.1537,51.6558],[-128.1547,51.6625],[-128.1169,51.6677],[-128.112,51.683],[-128.0932,51.6885]]],[[[-127.9942,52.0762],[-127.9496,52.0611],[-127.9549,52.0565],[-127.9538,52.045],[-127.9489,52.0504],[-127.9492,52.0444],[-127.9583,52.0392],[-127.9617,52.0243],[-127.9467,52.0077],[-127.9546,51.9691],[-127.9659,51.9391],[-127.98,51.9407],[-127.9832,51.9365],[-127.9858,51.9202],[-127.9784,51.9261],[-127.98,51.9381],[-127.966,51.937],[-127.9787,51.911],[-127.9856,51.9172],[-127.9882,51.9049],[-127.9942,51.9007],[-127.9991,51.9043],[-128.0014,51.8984],[-128.0219,51.8988],[-128.0227,51.9057],[-128.0336,51.9006],[-128.0136,51.8965],[-128.0113,51.8896],[-128.0103,51.8959],[-128.0052,51.896],[-128.0138,51.8736],[-128.0113,51.8705],[-128.0178,51.8626],[-128.0148,51.8432],[-128.0232,51.8419],[-128.0215,51.8506],[-128.0307,51.8394],[-128.0701,51.8422],[-128.0737,51.839],[-128.0278,51.833],[-128.0359,51.8186],[-128.0418,51.8177],[-128.0447,51.8279],[-128.0525,51.8188],[-128.0591,51.8189],[-128.0507,51.8093],[-128.0582,51.7989],[-128.061,51.8032],[-128.0629,51.7935],[-128.0676,51.7897],[-128.0721,51.793],[-128.0776,51.7861],[-128.0801,51.7936],[-128.0859,51.7877],[-128.1054,51.7859],[-128.1021,51.7893],[-128.1079,51.7884],[-128.1099,51.7944],[-128.1019,51.8014],[-128.1021,51.8052],[-128.0897,51.8061],[-128.1007,51.8061],[-128.0993,51.8145],[-128.1087,51.8107],[-128.1101,51.8237],[-128.1199,51.807],[-128.1334,51.8078],[-128.1286,51.8147],[-128.134,51.8125],[-128.1331,51.8191],[-128.1251,51.8194],[-128.1127,51.8267],[-128.1104,51.8375],[-128.1009,51.8406],[-128.1141,51.8413],[-128.1196,51.8361],[-128.1188,51.848],[-128.1142,51.8442],[-128.1123,51.8518],[-128.1234,51.8503],[-128.1274,51.8573],[-128.114,51.8614],[-128.1129,51.8734],[-128.108,51.876],[-128.1121,51.8826],[-128.088,51.9046],[-128.0913,51.9129],[-128.0871,51.9233],[-128.0788,51.9292],[-128.0702,51.9272],[-128.0698,51.9327],[-128.0565,51.9316],[-128.0551,51.9273],[-128.0433,51.9289],[-128.0393,51.9355],[-128.0323,51.929],[-128.0333,51.9446],[-128.0314,51.9463],[-128.0202,51.9453],[-128.0221,51.9471],[-128.0494,51.9514],[-128.0412,51.9445],[-128.0496,51.94],[-128.0461,51.9355],[-128.0527,51.9318],[-128.0701,51.9333],[-128.0758,51.9368],[-128.0724,51.9477],[-128.0791,51.9473],[-128.0755,51.9491],[-128.0892,51.9479],[-128.0876,51.9522],[-128.0988,51.9455],[-128.1042,51.9596],[-128.131,51.9572],[-128.1301,51.9562],[-128.1239,51.9559],[-128.1222,51.9545],[-128.1332,51.9511],[-128.1268,51.9514],[-128.1317,51.9455],[-128.1261,51.9492],[-128.1252,51.9433],[-128.1187,51.9427],[-128.1198,51.9477],[-128.113,51.9468],[-128.1077,51.9407],[-128.1125,51.9342],[-128.0988,51.9368],[-128.1024,51.9349],[-128.098,51.9336],[-128.1011,51.9228],[-128.0928,51.9056],[-128.1066,51.8942],[-128.1186,51.8754],[-128.1257,51.8751],[-128.1187,51.8843],[-128.1233,51.8825],[-128.1263,51.8874],[-128.1192,51.8947],[-128.1211,51.8978],[-128.1302,51.8877],[-128.1319,51.8768],[-128.1426,51.8717],[-128.153,51.8744],[-128.1531,51.8822],[-128.1496,51.8858],[-128.137,51.883],[-128.1319,51.8877],[-128.1374,51.8924],[-128.1504,51.8892],[-128.1542,51.885],[-128.1532,51.8794],[-128.1566,51.8829],[-128.1642,51.8757],[-128.1586,51.8773],[-128.1569,51.8712],[-128.1636,51.87],[-128.1622,51.8521],[-128.1688,51.8462],[-128.176,51.8539],[-128.1703,51.8618],[-128.1727,51.8651],[-128.2031,51.8602],[-128.2134,51.8722],[-128.2153,51.8612],[-128.2287,51.8618],[-128.2299,51.8666],[-128.233,51.8634],[-128.2354,51.8731],[-128.2329,51.8759],[-128.2307,51.8714],[-128.2303,51.8768],[-128.2338,51.8809],[-128.2288,51.882],[-128.2348,51.882],[-128.2371,51.8872],[-128.2361,51.8813],[-128.2432,51.8786],[-128.2457,51.8825],[-128.2397,51.8834],[-128.2506,51.8899],[-128.2374,51.8882],[-128.2358,51.8931],[-128.2329,51.8876],[-128.2254,51.889],[-128.2325,51.8904],[-128.2378,51.9002],[-128.2287,51.8959],[-128.2249,51.9014],[-128.2097,51.8917],[-128.2023,51.9073],[-128.1943,51.9051],[-128.188,51.9116],[-128.1907,51.9054],[-128.1851,51.9024],[-128.1819,51.9111],[-128.1922,51.9129],[-128.1921,51.9208],[-128.1841,51.9255],[-128.1894,51.9248],[-128.1602,51.9342],[-128.1718,51.9132],[-128.1663,51.911],[-128.1748,51.9096],[-128.1718,51.9056],[-128.1769,51.8975],[-128.1737,51.8977],[-128.1722,51.9046],[-128.1597,51.9113],[-128.1602,51.9193],[-128.1641,51.9199],[-128.1629,51.9268],[-128.1556,51.9297],[-128.1601,51.9284],[-128.1588,51.9317],[-128.1294,51.9388],[-128.1373,51.9421],[-128.1502,51.9374],[-128.1487,51.943],[-128.1598,51.9354],[-128.1801,51.9327],[-128.1878,51.9373],[-128.1905,51.9338],[-128.1916,51.9389],[-128.1969,51.9358],[-128.2026,51.947],[-128.1975,51.9539],[-128.2045,51.9643],[-128.1956,51.9686],[-128.1959,51.9743],[-128.1879,51.9737],[-128.1931,51.9806],[-128.1812,51.9857],[-128.1775,51.9939],[-128.1637,51.9979],[-128.1672,52.0201],[-128.1575,52.028],[-128.1529,52.0374],[-128.1565,52.0396],[-128.1234,52.0551],[-128.1257,52.059],[-128.1218,52.063],[-128.1054,52.0503],[-128.1123,52.0615],[-128.1079,52.0638],[-128.1137,52.0672],[-128.1127,52.0734],[-128.0899,52.0591],[-128.0945,52.0569],[-128.0912,52.0477],[-128.0792,52.0499],[-128.0809,52.0548],[-128.0668,52.0441],[-128.0644,52.0464],[-128.0729,52.0566],[-128.0668,52.0574],[-128.0565,52.0494],[-128.0611,52.054],[-128.0532,52.0543],[-128.0653,52.062],[-128.0505,52.0555],[-128.0541,52.0618],[-128.0502,52.0652],[-128.0288,52.0601],[-128.0207,52.0649],[-128.009,52.059],[-128.0188,52.0664],[-128.0172,52.0717],[-127.9942,52.0762]]],[[[-129.2747,52.8269],[-129.215,52.8031],[-129.2035,52.7907],[-129.1714,52.7718],[-129.1761,52.7665],[-129.1604,52.7664],[-129.1566,52.76],[-129.1133,52.7431],[-129.0939,52.7269],[-129.0891,52.7166],[-129.0869,52.7209],[-129.0675,52.7009],[-129.0615,52.7007],[-129.0578,52.696],[-129.0613,52.6925],[-129.0399,52.6806],[-129.0133,52.6733],[-129.0168,52.6667],[-129.0044,52.6687],[-128.9895,52.6543],[-128.9949,52.6512],[-128.9784,52.6452],[-128.9376,52.6136],[-128.931,52.6127],[-128.9285,52.5951],[-128.9431,52.5636],[-128.9381,52.5579],[-128.9346,52.5284],[-128.9465,52.4802],[-128.9435,52.4757],[-128.954,52.4753],[-128.9597,52.4657],[-128.9642,52.4693],[-128.9681,52.4582],[-128.9716,52.464],[-128.9744,52.4533],[-128.9806,52.4621],[-128.9839,52.4552],[-128.994,52.4581],[-128.9941,52.4617],[-128.9969,52.4567],[-128.9993,52.4606],[-128.9901,52.4793],[-129.0007,52.4697],[-128.9925,52.4848],[-129.0019,52.4887],[-129.0079,52.4809],[-129.0162,52.4799],[-129.0082,52.4883],[-128.9976,52.4911],[-129.0013,52.4931],[-128.997,52.4959],[-129.0069,52.5043],[-129.0073,52.5105],[-129.0165,52.5139],[-129.0226,52.5362],[-129.0241,52.5356],[-129.0253,52.5299],[-129.033,52.5303],[-129.0315,52.5262],[-129.0397,52.5265],[-129.0353,52.5366],[-129.0288,52.5353],[-129.0371,52.5428],[-129.0371,52.5414],[-129.0341,52.5386],[-129.0424,52.5313],[-129.0404,52.5295],[-129.0481,52.5309],[-129.043,52.5259],[-129.0355,52.5227],[-129.0377,52.5153],[-129.0614,52.5176],[-129.0596,52.5212],[-129.0659,52.5237],[-129.0627,52.5205],[-129.0701,52.516],[-129.0727,52.5225],[-129.0861,52.5247],[-129.0882,52.5328],[-129.0803,52.5348],[-129.0886,52.5352],[-129.0982,52.5459],[-129.0892,52.5487],[-129.0959,52.551],[-129.1079,52.543],[-129.1181,52.5441],[-129.1319,52.5619],[-129.1353,52.5568],[-129.1395,52.5618],[-129.1456,52.5734],[-129.142,52.58],[-129.1476,52.5784],[-129.1473,52.5847],[-129.1416,52.5855],[-129.1311,52.6026],[-129.123,52.6066],[-129.1538,52.5993],[-129.1581,52.6042],[-129.1687,52.6026],[-129.1782,52.6075],[-129.1757,52.6153],[-129.1869,52.6179],[-129.1826,52.622],[-129.2119,52.6279],[-129.213,52.6347],[-129.2005,52.6336],[-129.1995,52.6405],[-129.2034,52.643],[-129.2033,52.6371],[-129.2108,52.6365],[-129.2096,52.641],[-129.2152,52.6478],[-129.2157,52.642],[-129.2177,52.6478],[-129.2199,52.6449],[-129.2165,52.6427],[-129.2216,52.6396],[-129.2209,52.6451],[-129.2302,52.6562],[-129.225,52.6618],[-129.2329,52.6683],[-129.2227,52.6728],[-129.2152,52.6662],[-129.2147,52.6695],[-129.2061,52.6669],[-129.2078,52.6615],[-129.2017,52.6685],[-129.2404,52.6804],[-129.2367,52.6842],[-129.2411,52.6851],[-129.2385,52.6918],[-129.2431,52.6953],[-129.2352,52.6918],[-129.2337,52.6874],[-129.1893,52.6747],[-129.1751,52.6754],[-129.2173,52.6865],[-129.2347,52.6952],[-129.2263,52.6972],[-129.2694,52.7094],[-129.2819,52.7192],[-129.2845,52.7275],[-129.2766,52.7355],[-129.2616,52.737],[-129.2756,52.7363],[-129.2878,52.7416],[-129.2946,52.7474],[-129.2914,52.7506],[-129.3026,52.7545],[-129.3054,52.7616],[-129.2989,52.77],[-129.303,52.7786],[-129.2793,52.7871],[-129.2787,52.7923],[-129.292,52.8049],[-129.294,52.8177],[-129.2747,52.8269]]],[[[-127.2591,52.4247],[-127.2374,52.4234],[-127.2306,52.4186],[-127.2496,52.3913],[-127.2444,52.3729],[-127.2337,52.3664],[-127.206,52.3614],[-127.1966,52.3544],[-127.2089,52.3437],[-127.2176,52.3431],[-127.2111,52.3357],[-127.2164,52.3347],[-127.2124,52.3316],[-127.2143,52.3219],[-127.2346,52.3169],[-127.2419,52.3035],[-127.2604,52.2881],[-127.2825,52.2903],[-127.2896,52.2799],[-127.2973,52.2795],[-127.2968,52.2711],[-127.3064,52.2736],[-127.3109,52.2634],[-127.348,52.2649],[-127.3596,52.2625],[-127.3577,52.2595],[-127.3685,52.2489],[-127.4063,52.2521],[-127.4179,52.2451],[-127.4276,52.2465],[-127.4379,52.2416],[-127.436,52.2364],[-127.4467,52.2304],[-127.4561,52.2169],[-127.4929,52.2129],[-127.519,52.1978],[-127.5121,52.1923],[-127.5175,52.1844],[-127.5677,52.1853],[-127.5839,52.1724],[-127.5781,52.1689],[-127.5741,52.1513],[-127.5952,52.1453],[-127.6078,52.1471],[-127.6152,52.1399],[-127.627,52.1423],[-127.6332,52.139],[-127.6378,52.1426],[-127.6637,52.1059],[-127.6676,52.0966],[-127.6633,52.0892],[-127.6687,52.085],[-127.6692,52.0719],[-127.6797,52.0644],[-127.681,52.0537],[-127.6962,52.0383],[-127.6918,52.0302],[-127.6915,52.0021],[-127.7097,51.966],[-127.7454,51.9694],[-127.7749,51.9664],[-127.7806,51.9587],[-127.8049,51.9546],[-127.8179,51.9601],[-127.819,51.9516],[-127.8441,51.9378],[-127.8518,51.9414],[-127.8628,51.9378],[-127.8682,51.9422],[-127.875,51.9337],[-127.8826,51.9425],[-127.8922,51.9316],[-127.8981,51.9333],[-127.8855,51.9606],[-127.89,51.9611],[-127.8782,51.9668],[-127.8944,51.9716],[-127.8993,51.9788],[-127.8938,51.9893],[-127.8974,51.9898],[-127.8946,51.9934],[-127.9027,52.0121],[-127.8935,52.0262],[-127.8948,52.0396],[-127.8762,52.0535],[-127.8679,52.0524],[-127.8677,52.0422],[-127.8589,52.0506],[-127.8344,52.0597],[-127.8517,52.062],[-127.8624,52.0776],[-127.8666,52.074],[-127.8685,52.0544],[-127.8782,52.0629],[-127.8896,52.0632],[-127.8787,52.0806],[-127.8839,52.0842],[-127.8827,52.0954],[-127.8625,52.0936],[-127.7504,52.1063],[-127.7519,52.1116],[-127.777,52.1118],[-127.8234,52.1038],[-127.8477,52.1152],[-127.8477,52.1198],[-127.8385,52.122],[-127.842,52.1267],[-127.8572,52.122],[-127.8609,52.1265],[-127.8562,52.1341],[-127.8598,52.1397],[-127.8488,52.1625],[-127.8248,52.1803],[-127.8157,52.1962],[-127.7834,52.2172],[-127.7661,52.2461],[-127.7543,52.2435],[-127.7468,52.2482],[-127.7159,52.2494],[-127.6539,52.2688],[-127.625,52.2607],[-127.5971,52.2241],[-127.5914,52.2302],[-127.5926,52.2367],[-127.6168,52.2694],[-127.5901,52.2752],[-127.5722,52.2873],[-127.5655,52.2982],[-127.5523,52.2968],[-127.5305,52.3091],[-127.5076,52.3136],[-127.4938,52.3107],[-127.47,52.3202],[-127.4594,52.3329],[-127.4505,52.3332],[-127.4447,52.3724],[-127.4316,52.3844],[-127.3898,52.3867],[-127.3805,52.3964],[-127.3798,52.4055],[-127.3558,52.3995],[-127.328,52.4022],[-127.3131,52.4102],[-127.3072,52.4081],[-127.3059,52.4122],[-127.2964,52.4114],[-127.2757,52.4383],[-127.2591,52.4247]]],[[[-129.0027,53.3011],[-128.9674,53.2845],[-128.9518,53.2901],[-128.9222,53.2889],[-128.9208,53.2954],[-128.9083,53.299],[-128.898,53.2913],[-128.8865,53.2715],[-128.8703,53.259],[-128.8458,53.2499],[-128.8128,53.227],[-128.7142,53.1765],[-128.6945,53.1591],[-128.6857,53.163],[-128.634,53.1549],[-128.6074,53.132],[-128.5995,53.1157],[-128.5866,53.108],[-128.5757,53.0938],[-128.5634,53.0578],[-128.537,53.0217],[-128.5221,52.9433],[-128.5263,52.9229],[-128.5221,52.9001],[-128.5284,52.8951],[-128.5305,52.8836],[-128.5411,52.8835],[-128.5441,52.859],[-128.5408,52.8395],[-128.5439,52.8318],[-128.5491,52.8344],[-128.5454,52.8008],[-128.5555,52.7827],[-128.5645,52.7365],[-128.5759,52.7303],[-128.5824,52.7385],[-128.5764,52.7414],[-128.5884,52.7517],[-128.5939,52.7474],[-128.5698,52.686],[-128.5736,52.6835],[-128.5823,52.6891],[-128.5783,52.6784],[-128.5911,52.6712],[-128.6004,52.6739],[-128.6141,52.6624],[-128.6273,52.6584],[-128.6304,52.6547],[-128.6274,52.6449],[-128.6342,52.6434],[-128.6334,52.6391],[-128.6502,52.6329],[-128.6737,52.6392],[-128.6761,52.6435],[-128.6803,52.6393],[-128.6583,52.6284],[-128.6441,52.6281],[-128.62,52.6454],[-128.6244,52.6525],[-128.6069,52.6587],[-128.6048,52.6667],[-128.576,52.6688],[-128.5784,52.6494],[-128.591,52.6423],[-128.5848,52.6332],[-128.5941,52.627],[-128.5917,52.6151],[-128.5961,52.6056],[-128.6198,52.6067],[-128.6328,52.6125],[-128.7014,52.6066],[-128.7084,52.6082],[-128.7129,52.6173],[-128.7217,52.6056],[-128.7551,52.6003],[-128.7599,52.6055],[-128.7507,52.643],[-128.7542,52.654],[-128.7348,52.6545],[-128.7465,52.6615],[-128.738,52.6694],[-128.7456,52.6916],[-128.7424,52.7031],[-128.7573,52.7258],[-128.7614,52.7483],[-128.7246,52.7448],[-128.7539,52.7497],[-128.7595,52.7572],[-128.7553,52.7674],[-128.7438,52.7721],[-128.7475,52.7814],[-128.7358,52.7838],[-128.7277,52.8108],[-128.7314,52.8228],[-128.7136,52.8548],[-128.6966,52.869],[-128.6827,52.8572],[-128.6779,52.859],[-128.6886,52.8678],[-128.686,52.8779],[-128.6736,52.8873],[-128.6641,52.886],[-128.6558,52.9004],[-128.6577,52.9144],[-128.6497,52.9369],[-128.6522,52.9601],[-128.6599,52.9647],[-128.6585,52.9708],[-128.6686,52.9704],[-128.6696,52.9655],[-128.6767,52.9721],[-128.6742,52.9687],[-128.6806,52.9697],[-128.6816,52.9635],[-128.6895,52.9615],[-128.6829,52.9555],[-128.6841,52.9419],[-128.6743,52.9244],[-128.6773,52.9083],[-128.6982,52.8934],[-128.718,52.894],[-128.7187,52.902],[-128.7267,52.9056],[-128.7407,52.9248],[-128.7438,52.9233],[-128.7397,52.916],[-128.7442,52.9161],[-128.7208,52.8836],[-128.7349,52.85],[-128.7467,52.8374],[-128.7815,52.8476],[-128.8131,52.8486],[-128.8132,52.8478],[-128.8111,52.8472],[-128.7971,52.8462],[-128.7948,52.8444],[-128.7862,52.8452],[-128.7765,52.8424],[-128.7534,52.828],[-128.754,52.8171],[-128.7659,52.8197],[-128.7511,52.8052],[-128.758,52.8034],[-128.7663,52.8119],[-128.7659,52.8192],[-128.7717,52.8172],[-128.7735,52.8104],[-128.768,52.8065],[-128.7722,52.8065],[-128.7739,52.7901],[-128.7788,52.7868],[-128.7748,52.7831],[-128.7761,52.7735],[-128.7844,52.7558],[-128.7942,52.7525],[-128.7864,52.7464],[-128.791,52.7372],[-128.7899,52.7226],[-128.7877,52.7229],[-128.7847,52.7251],[-128.7837,52.7277],[-128.7823,52.7275],[-128.7644,52.7034],[-128.763,52.6687],[-128.7908,52.6643],[-128.7917,52.6683],[-128.7822,52.6755],[-128.7863,52.6838],[-128.7979,52.6862],[-128.7938,52.706],[-128.7994,52.6953],[-128.8044,52.6962],[-128.8022,52.7094],[-128.8065,52.7143],[-128.8072,52.6942],[-128.8164,52.6719],[-128.823,52.6705],[-128.8206,52.6752],[-128.8259,52.68],[-128.847,52.6762],[-128.8344,52.6718],[-128.8371,52.6697],[-128.8523,52.6725],[-128.8523,52.6676],[-128.8663,52.6716],[-128.8686,52.6681],[-128.8441,52.6654],[-128.8364,52.6612],[-128.8422,52.6588],[-128.8475,52.6636],[-128.8449,52.658],[-128.8544,52.656],[-128.854,52.6601],[-128.8581,52.6552],[-128.8665,52.6624],[-128.8826,52.6613],[-128.8764,52.6578],[-128.8901,52.6577],[-128.8818,52.6543],[-128.8846,52.6522],[-128.88,52.6488],[-128.8927,52.6489],[-128.8971,52.6565],[-128.9288,52.6639],[-128.9276,52.6705],[-128.945,52.6805],[-128.9562,52.6797],[-128.9579,52.6825],[-128.952,52.6826],[-129.0064,52.702],[-129.0022,52.7042],[-129.0055,52.7116],[-129.001,52.7117],[-129.0015,52.7164],[-128.9912,52.721],[-128.9784,52.7193],[-128.9809,52.7253],[-128.9728,52.7261],[-128.9748,52.7306],[-128.9782,52.7283],[-128.976,52.7431],[-128.9848,52.74],[-128.9875,52.7299],[-128.9826,52.7234],[-128.9865,52.7228],[-128.987,52.7271],[-128.9959,52.725],[-129.0098,52.7083],[-129.0404,52.7223],[-129.0626,52.7385],[-129.0673,52.751],[-129.0699,52.7478],[-129.0754,52.7524],[-129.0527,52.7602],[-129.0355,52.7597],[-128.9871,52.7756],[-128.9991,52.7743],[-129.0078,52.7789],[-129.0122,52.7711],[-129.0455,52.7624],[-129.0787,52.7652],[-129.0957,52.7828],[-129.1034,52.7849],[-129.0622,52.7806],[-129.0533,52.7859],[-129.0542,52.7865],[-129.0619,52.7855],[-129.0676,52.7828],[-129.0656,52.7854],[-129.1032,52.7862],[-129.0754,52.8006],[-129.079,52.8031],[-129.0757,52.806],[-129.1034,52.7915],[-129.1133,52.7972],[-129.1371,52.8478],[-129.1346,52.8536],[-129.1283,52.8517],[-129.1335,52.8569],[-129.1268,52.8574],[-129.1288,52.8637],[-129.1344,52.8645],[-129.133,52.8744],[-129.126,52.8735],[-129.1251,52.8822],[-129.0862,52.8747],[-129.0709,52.8691],[-129.0665,52.8622],[-129.0421,52.858],[-129.0258,52.843],[-129.002,52.8384],[-129.0315,52.8531],[-129.0355,52.8581],[-129.0306,52.8594],[-129.0365,52.8637],[-129.0306,52.8662],[-129.063,52.87],[-129.0698,52.8779],[-129.0957,52.8877],[-129.0503,52.9049],[-129.03,52.9048],[-129.0313,52.9112],[-129.0102,52.9258],[-128.9809,52.9318],[-128.9771,52.9401],[-128.9882,52.943],[-128.973,52.9633],[-128.9448,52.9748],[-128.9552,52.9763],[-128.9752,52.9679],[-128.9773,52.9718],[-128.9709,52.975],[-128.9746,52.9758],[-128.9728,52.9824],[-128.9318,53.0134],[-128.9281,53.0209],[-128.8986,53.0267],[-128.9006,53.0306],[-128.9199,53.0328],[-128.9369,53.0249],[-128.943,53.0124],[-128.9539,53.012],[-128.9556,53.0052],[-128.9754,52.9938],[-128.9864,52.9768],[-128.9867,52.959],[-129.0078,52.9398],[-129.05,52.9148],[-129.0924,52.9013],[-129.1141,52.8983],[-129.1272,52.8998],[-129.1297,52.9041],[-129.1268,52.9059],[-129.1316,52.9158],[-129.1279,52.9221],[-129.1373,52.9534],[-129.1314,52.956],[-129.1378,52.9571],[-129.1314,52.9803],[-129.1362,52.9806],[-129.1404,52.969],[-129.136,52.9669],[-129.1403,52.9629],[-129.1486,52.9694],[-129.1527,52.9622],[-129.1459,52.9591],[-129.1479,52.9442],[-129.1398,52.9382],[-129.1374,52.926],[-129.1488,52.9276],[-129.1518,52.9413],[-129.1491,52.9232],[-129.1634,52.9221],[-129.1569,52.9167],[-129.1708,52.9214],[-129.1692,52.9287],[-129.178,52.9319],[-129.1768,52.9371],[-129.1834,52.9337],[-129.1894,52.9483],[-129.1841,52.9545],[-129.1914,52.9492],[-129.1915,52.9543],[-129.1981,52.9516],[-129.1966,52.9716],[-129.1799,52.9645],[-129.2009,52.9807],[-129.1963,52.9893],[-129.2009,52.9985],[-129.1932,53.0172],[-129.1966,53.021],[-129.1923,53.0206],[-129.1827,53.0315],[-129.186,53.0341],[-129.1757,53.0402],[-129.1723,53.0516],[-129.1608,53.0539],[-129.1688,53.055],[-129.1657,53.0609],[-129.1741,53.058],[-129.1835,53.0672],[-129.125,53.0782],[-129.1172,53.0736],[-129.1222,53.0651],[-129.1177,53.0529],[-129.112,53.0691],[-129.1026,53.0656],[-129.0957,53.069],[-129.0981,53.0759],[-129.1105,53.0785],[-129.1101,53.084],[-129.0973,53.0821],[-129.0822,53.097],[-129.0874,53.0988],[-129.0844,53.1122],[-129.0893,53.1147],[-129.0807,53.1389],[-129.085,53.1416],[-129.0887,53.1604],[-129.0859,53.166],[-129.0909,53.1709],[-129.0893,53.1819],[-129.0968,53.185],[-129.0949,53.1896],[-129.062,53.1977],[-129.0559,53.2124],[-129.0374,53.1988],[-129.017,53.1972],[-129.0012,53.1801],[-128.9962,53.1829],[-128.9901,53.1793],[-128.995,53.1731],[-128.9859,53.1538],[-128.9878,53.1457],[-128.9779,53.1377],[-128.9736,53.1419],[-128.9756,53.1508],[-128.9896,53.1737],[-128.9693,53.1718],[-128.9457,53.1583],[-128.9183,53.1661],[-128.894,53.1577],[-128.8903,53.1619],[-128.9144,53.1698],[-128.9485,53.1646],[-128.9554,53.1685],[-128.9522,53.1704],[-128.9901,53.1847],[-128.9988,53.1956],[-129.0399,53.2034],[-129.053,53.213],[-129.0645,53.2274],[-129.0682,53.2434],[-129.0764,53.2478],[-129.0897,53.2693],[-129.0766,53.2694],[-129.0742,53.2731],[-129.0928,53.2817],[-129.0958,53.2876],[-129.0399,53.3076],[-129.0027,53.3011]]],[[[-124.2634,50.8454],[-124.2556,50.8402],[-124.2611,50.829],[-124.2596,50.8219],[-124.2435,50.8161],[-124.2151,50.8241],[-124.1948,50.8063],[-124.1944,50.8008],[-124.1862,50.8032],[-124.1779,50.7978],[-124.1629,50.7985],[-124.1417,50.7915],[-124.1313,50.7943],[-124.1316,50.8023],[-124.1232,50.8104],[-124.1304,50.8172],[-124.1251,50.8206],[-124.1283,50.8253],[-124.1248,50.8324],[-124.0772,50.8242],[-124.0667,50.8358],[-124.0423,50.8368],[-124.0334,50.833],[-124.0374,50.8177],[-124.0309,50.8115],[-123.9743,50.804],[-123.9702,50.8],[-123.9802,50.7856],[-123.9591,50.7769],[-123.9531,50.7571],[-123.9379,50.7489],[-123.9179,50.7577],[-123.922,50.7386],[-123.8917,50.721],[-123.8743,50.7212],[-123.8606,50.7099],[-123.8233,50.7186],[-123.8417,50.736],[-123.8333,50.7429],[-123.8433,50.7545],[-123.8429,50.7655],[-123.8136,50.7919],[-123.792,50.7961],[-123.8064,50.8065],[-123.8111,50.8172],[-123.8314,50.8228],[-123.8281,50.8347],[-123.7926,50.8305],[-123.7665,50.8388],[-123.733,50.8408],[-123.7288,50.8305],[-123.7246,50.8311],[-123.7251,50.8133],[-123.7199,50.8013],[-123.7066,50.7924],[-123.6964,50.7922],[-123.6889,50.7997],[-123.6789,50.8011],[-123.64,50.7952],[-123.6192,50.7857],[-123.6128,50.7763],[-123.5445,50.8012],[-123.5251,50.7978],[-123.4967,50.7791],[-123.4543,50.7982],[-123.4391,50.7965],[-123.4077,50.7806],[-123.3655,50.8006],[-123.3607,50.7915],[-123.3583,50.7612],[-123.3382,50.7497],[-123.3213,50.7314],[-123.2748,50.7327],[-123.2358,50.723],[-123.2001,50.6885],[-123.1982,50.675],[-123.1807,50.6566],[-123.1573,50.6532],[-123.1671,50.6428],[-123.1673,50.6367],[-123.1216,50.6292],[-123.0815,50.594],[-123.0446,50.5773],[-123.0317,50.5841],[-123.0316,50.5881],[-123.0438,50.5948],[-123.0427,50.599],[-123.0188,50.6011],[-123.0042,50.5911],[-122.9908,50.5762],[-122.9899,50.5692],[-122.9785,50.5687],[-122.9513,50.5472],[-122.9409,50.5529],[-122.9418,50.5624],[-122.9279,50.6012],[-122.9069,50.6035],[-122.8887,50.6142],[-122.8649,50.617],[-122.8328,50.6462],[-122.8014,50.6462],[-122.7806,50.6533],[-122.7776,50.656],[-122.7846,50.6618],[-122.7802,50.6654],[-122.7515,50.6541],[-122.729,50.6561],[-122.7039,50.6436],[-122.6781,50.6521],[-122.6292,50.6528],[-122.6089,50.6343],[-122.6125,50.6156],[-122.6099,50.5998],[-122.5504,50.5798],[-122.5372,50.5805],[-122.5041,50.5665],[-122.4783,50.5666],[-122.4781,50.5777],[-122.467,50.5782],[-122.4624,50.5974],[-122.4498,50.602],[-122.4482,50.6195],[-122.4369,50.6193],[-122.4371,50.6303],[-122.4274,50.6303],[-122.4316,50.6158],[-122.429,50.6036],[-122.4329,50.5989],[-122.4089,50.5913],[-122.4271,50.574],[-122.4553,50.5614],[-122.4189,50.5526],[-122.3609,50.5244],[-122.3378,50.5206],[-122.3239,50.508],[-122.3147,50.5077],[-122.3115,50.4949],[-122.2873,50.4754],[-122.3041,50.463],[-122.3044,50.4309],[-122.3359,50.4162],[-122.3965,50.4111],[-122.4068,50.4053],[-122.4079,50.3993],[-122.4143,50.3985],[-122.446,50.4303],[-122.4981,50.4446],[-122.5054,50.441],[-122.494,50.4257],[-122.4954,50.4202],[-122.5173,50.4197],[-122.5252,50.4148],[-122.5232,50.3999],[-122.5275,50.3905],[-122.4868,50.3906],[-122.4769,50.3835],[-122.4707,50.3586],[-122.4388,50.3353],[-122.4081,50.3329],[-122.3664,50.3116],[-122.3576,50.2874],[-122.3737,50.2616],[-122.347,50.2507],[-122.3579,50.2355],[-122.3535,50.231],[-122.3029,50.2297],[-122.2727,50.2235],[-122.2701,50.2191],[-122.2789,50.2143],[-122.277,50.2053],[-122.3014,50.2004],[-122.303,50.1931],[-122.3184,50.1857],[-122.316,50.1746],[-122.2986,50.1728],[-122.2914,50.155],[-122.2737,50.1466],[-122.2776,50.1377],[-122.258,50.1226],[-122.6389,50.1244],[-122.6606,50.1364],[-122.6612,50.1455],[-122.6555,50.1487],[-122.6894,50.1438],[-122.6959,50.1479],[-122.7402,50.1468],[-122.7442,50.1452],[-122.7442,50.1367],[-122.7919,50.1388],[-122.7952,50.1337],[-122.7818,50.1191],[-122.8056,50.0895],[-122.8012,50.081],[-122.8039,50.0684],[-122.8004,50.0568],[-122.7861,50.0493],[-122.7923,50.0414],[-122.7637,50.0339],[-122.7637,50.0237],[-122.7452,50.0164],[-122.7205,50.0241],[-122.7043,50.0204],[-122.6809,50.0239],[-122.6804,50.0088],[-122.6877,50.0009],[-122.6696,49.9788],[-122.7072,49.9608],[-122.7137,49.9503],[-122.7361,49.9534],[-122.757,49.9443],[-122.7689,49.9456],[-122.7674,49.9357],[-122.7753,49.9286],[-122.7908,49.9363],[-122.807,49.9162],[-122.8557,49.9194],[-122.8655,49.9032],[-122.8861,49.8924],[-122.9006,49.8967],[-122.9117,49.9117],[-122.93,49.9166],[-122.9499,49.9076],[-122.9516,49.9019],[-122.9641,49.8995],[-122.9671,49.8851],[-122.9782,49.8792],[-122.985,49.8841],[-122.9922,49.8807],[-122.9891,49.8671],[-123.0078,49.844],[-122.9897,49.833],[-122.9162,49.8313],[-122.902,49.8225],[-122.8812,49.8273],[-122.8715,49.8231],[-122.8702,49.7862],[-122.8505,49.7749],[-122.8597,49.7662],[-122.8591,49.759],[-122.8444,49.7467],[-122.8527,49.7408],[-122.8293,49.7282],[-122.8223,49.7144],[-122.8061,49.7089],[-122.8151,49.6973],[-122.8115,49.6909],[-122.8409,49.6791],[-122.8534,49.6672],[-122.828,49.6563],[-122.8215,49.647],[-122.825,49.6399],[-122.8134,49.6347],[-122.8185,49.6285],[-122.8023,49.6231],[-122.8207,49.6124],[-122.8477,49.6149],[-122.8474,49.6071],[-122.8254,49.5961],[-122.8311,49.5924],[-122.8139,49.5792],[-122.8154,49.5736],[-122.804,49.5699],[-122.9403,49.57],[-122.9395,49.5648],[-122.9124,49.542],[-122.9012,49.5242],[-122.8971,49.5156],[-122.9025,49.5089],[-122.8835,49.4874],[-122.889,49.4841],[-122.8831,49.471],[-122.8902,49.4651],[-122.8766,49.4471],[-122.8795,49.4432],[-122.8732,49.4325],[-122.8869,49.3971],[-122.8796,49.3807],[-122.8915,49.3754],[-122.8915,49.3615],[-122.9043,49.3581],[-122.9125,49.3457],[-122.9351,49.3329],[-122.9489,49.3294],[-122.9368,49.3216],[-122.9486,49.3157],[-122.9486,49.3048],[-122.956,49.3006],[-122.9969,49.3082],[-123.0093,49.3021],[-123.0087,49.3],[-123.0067,49.2989],[-122.9999,49.2981],[-123.0085,49.2968],[-123.0111,49.3007],[-123.0213,49.2967],[-123.0237,49.3034],[-123.0248,49.2962],[-123.027,49.3015],[-123.03,49.2971],[-123.0394,49.2983],[-123.0392,49.3024],[-123.0416,49.2995],[-123.0559,49.3061],[-123.0705,49.305],[-123.0901,49.3148],[-123.1018,49.3133],[-123.1022,49.3171],[-123.1029,49.3106],[-123.103,49.314],[-123.1101,49.31],[-123.1164,49.3138],[-123.115,49.3085],[-123.153,49.3265],[-123.1696,49.3273],[-123.2122,49.341],[-123.249,49.3404],[-123.2651,49.3298],[-123.2698,49.337],[-123.2672,49.3444],[-123.2724,49.3475],[-123.2683,49.3569],[-123.2843,49.3577],[-123.2826,49.362],[-123.2876,49.3647],[-123.2845,49.3721],[-123.2935,49.3725],[-123.2751,49.3808],[-123.272,49.3747],[-123.2343,49.4183],[-123.2413,49.4505],[-123.2404,49.469],[-123.2459,49.4707],[-123.2444,49.4813],[-123.2502,49.4847],[-123.2471,49.4944],[-123.2501,49.5023],[-123.2613,49.5083],[-123.2628,49.5195],[-123.245,49.5486],[-123.2369,49.551],[-123.228,49.5839],[-123.2218,49.5891],[-123.2251,49.5937],[-123.2169,49.6111],[-123.2059,49.6206],[-123.208,49.6293],[-123.2249,49.6471],[-123.2191,49.6552],[-123.1899,49.6569],[-123.1692,49.6664],[-123.157,49.6795],[-123.1516,49.6968],[-123.143,49.7015],[-123.1437,49.7083],[-123.1445,49.7076],[-123.1438,49.7021],[-123.1514,49.699],[-123.1636,49.6834],[-123.1667,49.6862],[-123.1566,49.6944],[-123.1613,49.6924],[-123.171,49.6835],[-123.2062,49.6811],[-123.2571,49.6639],[-123.261,49.6464],[-123.251,49.6267],[-123.2492,49.6115],[-123.2555,49.6098],[-123.256,49.6008],[-123.2614,49.5996],[-123.27,49.5852],[-123.3243,49.5799],[-123.3335,49.571],[-123.3455,49.5689],[-123.3554,49.5543],[-123.3815,49.5624],[-123.3947,49.5601],[-123.4016,49.5529],[-123.4779,49.5284],[-123.4805,49.5212],[-123.4928,49.5185],[-123.4962,49.5013],[-123.47,49.4855],[-123.4832,49.4814],[-123.4873,49.467],[-123.4746,49.4585],[-123.4668,49.4431],[-123.4794,49.4277],[-123.4824,49.4165],[-123.4954,49.4122],[-123.5074,49.4001],[-123.5003,49.3936],[-123.5144,49.3875],[-123.5388,49.384],[-123.5576,49.3908],[-123.5691,49.4019],[-123.6448,49.4186],[-123.6841,49.4361],[-123.7232,49.4384],[-123.7456,49.4707],[-123.7922,49.4657],[-123.8161,49.467],[-123.8577,49.4785],[-123.8628,49.4755],[-123.8565,49.4687],[-123.8882,49.4735],[-123.9081,49.4848],[-123.9123,49.4983],[-123.9083,49.512],[-123.9392,49.5122],[-123.9403,49.5074],[-123.9532,49.5099],[-123.9469,49.5037],[-123.9646,49.5092],[-123.9686,49.5145],[-123.96,49.5131],[-123.9648,49.5161],[-123.9597,49.523],[-123.964,49.5278],[-123.9578,49.53],[-123.9411,49.5233],[-123.967,49.5382],[-123.9689,49.5371],[-123.9714,49.5384],[-123.9776,49.5369],[-123.9895,49.5504],[-124.0017,49.5553],[-124.0017,49.5661],[-124.0042,49.5725],[-124.0098,49.5723],[-124.0152,49.5942],[-124.0214,49.5968],[-124.0271,49.6087],[-124.0376,49.612],[-124.0308,49.6123],[-124.0346,49.6139],[-124.0317,49.6178],[-124.0295,49.6144],[-124.0277,49.6193],[-124.0334,49.6209],[-124.0288,49.6241],[-123.9862,49.624],[-123.9963,49.6293],[-123.9849,49.639],[-123.9894,49.6407],[-124.0012,49.6294],[-124.0188,49.6266],[-124.0266,49.6324],[-124.0246,49.6292],[-124.0299,49.6277],[-124.0339,49.6304],[-124.0288,49.6315],[-124.0373,49.6354],[-124.0581,49.6312],[-124.0622,49.6384],[-124.0726,49.6372],[-124.0744,49.6451],[-124.0683,49.6518],[-124.0729,49.6514],[-124.0743,49.6573],[-124.0655,49.6708],[-124.0669,49.6938],[-124.0354,49.7235],[-124.0342,49.7415],[-124.0141,49.7535],[-123.989,49.7524],[-123.9898,49.7584],[-123.9712,49.7669],[-123.9297,49.7543],[-123.9327,49.7482],[-123.9082,49.7472],[-123.9061,49.7406],[-123.8888,49.7302],[-123.8903,49.6997],[-123.8641,49.6757],[-123.8596,49.6521],[-123.8468,49.6374],[-123.8418,49.6202],[-123.8158,49.5953],[-123.8179,49.5873],[-123.8094,49.5754],[-123.8151,49.5719],[-123.8063,49.5686],[-123.8087,49.565],[-123.8,49.5528],[-123.8017,49.5487],[-123.7929,49.547],[-123.7999,49.5412],[-123.7969,49.5347],[-123.7895,49.5326],[-123.8003,49.5235],[-123.7944,49.5162],[-123.7985,49.5125],[-123.7748,49.5015],[-123.7647,49.4928],[-123.7675,49.4858],[-123.7567,49.4806],[-123.7523,49.4818],[-123.7452,49.5023],[-123.7566,49.5068],[-123.7582,49.5106],[-123.7544,49.5114],[-123.7584,49.5138],[-123.7643,49.5112],[-123.7795,49.5222],[-123.7698,49.526],[-123.7636,49.5349],[-123.7654,49.539],[-123.7591,49.5435],[-123.765,49.5463],[-123.7673,49.5562],[-123.7774,49.5578],[-123.7761,49.5626],[-123.7821,49.5639],[-123.7807,49.5739],[-123.7858,49.5838],[-123.783,49.5902],[-123.7901,49.6021],[-123.7713,49.6077],[-123.7596,49.6181],[-123.7323,49.6242],[-123.7185,49.6368],[-123.6903,49.6416],[-123.6627,49.6378],[-123.6458,49.643],[-123.6323,49.6533],[-123.6073,49.6562],[-123.5908,49.6615],[-123.5858,49.6676],[-123.563,49.6715],[-123.5541,49.6778],[-123.557,49.6817],[-123.5445,49.6817],[-123.5433,49.6886],[-123.5325,49.6945],[-123.525,49.7062],[-123.5314,49.7113],[-123.5357,49.6982],[-123.5476,49.6969],[-123.5624,49.6807],[-123.5742,49.6829],[-123.5775,49.68],[-123.5716,49.6793],[-123.5918,49.6768],[-123.6292,49.6626],[-123.6511,49.6636],[-123.6644,49.6493],[-123.6874,49.6535],[-123.7287,49.6492],[-123.8028,49.6331],[-123.8047,49.6245],[-123.8083,49.6308],[-123.825,49.6347],[-123.829,49.6449],[-123.8393,49.65],[-123.8403,49.6594],[-123.8316,49.6654],[-123.8182,49.6547],[-123.8269,49.676],[-123.7929,49.6871],[-123.7868,49.6917],[-123.7871,49.7023],[-123.7802,49.7028],[-123.7751,49.7119],[-123.752,49.716],[-123.7395,49.7232],[-123.7273,49.7372],[-123.7176,49.7601],[-123.7199,49.7801],[-123.7157,49.786],[-123.7272,49.7872],[-123.7231,49.7793],[-123.7283,49.7722],[-123.7283,49.7591],[-123.7371,49.7466],[-123.7371,49.7389],[-123.751,49.7243],[-123.788,49.711],[-123.8084,49.6911],[-123.8387,49.6864],[-123.8636,49.7105],[-123.8682,49.7263],[-123.8896,49.7365],[-123.8925,49.7493],[-123.9335,49.7643],[-123.947,49.7754],[-123.9204,49.7846],[-123.9242,49.7975],[-123.8952,49.8134],[-123.8853,49.8343],[-123.8737,49.8444],[-123.8785,49.8577],[-123.8682,49.8796],[-123.8864,49.9066],[-123.8658,49.917],[-123.8749,49.9246],[-123.8976,49.9152],[-123.9367,49.9193],[-123.9633,49.9405],[-123.9742,49.9572],[-123.9744,49.9803],[-123.9564,49.9977],[-123.908,50.0037],[-123.8985,50.0135],[-123.8655,50.0286],[-123.8223,50.0343],[-123.7897,50.0463],[-123.7836,50.0528],[-123.7929,50.0582],[-123.787,50.0685],[-123.7429,50.087],[-123.7421,50.0928],[-123.7485,50.0979],[-123.7594,50.0985],[-123.765,50.1066],[-123.7907,50.115],[-123.8114,50.1413],[-123.8508,50.1635],[-123.8292,50.1744],[-123.8105,50.176],[-123.7736,50.1884],[-123.766,50.1951],[-123.7652,50.2018],[-123.7702,50.206],[-123.7983,50.1876],[-123.8081,50.1902],[-123.8249,50.1786],[-123.837,50.1788],[-123.8565,50.1621],[-123.9505,50.1947],[-123.9718,50.2113],[-123.9897,50.2102],[-123.9731,50.1859],[-123.9508,50.1778],[-123.9392,50.1658],[-123.8539,50.1354],[-123.8532,50.1288],[-123.8332,50.1047],[-123.8163,50.102],[-123.8023,50.093],[-123.8234,50.079],[-123.8421,50.0578],[-123.9374,50.0193],[-123.9651,50.0205],[-123.9777,50.0151],[-123.9898,50.0018],[-124.0142,49.9956],[-124.0082,49.9853],[-124.0101,49.9759],[-124.0061,49.9711],[-124.0097,49.9685],[-123.9852,49.9399],[-123.9754,49.9166],[-123.9612,49.9052],[-123.9114,49.8874],[-123.9033,49.8783],[-123.9206,49.8484],[-123.9215,49.8277],[-123.9304,49.8261],[-123.9276,49.8336],[-123.9309,49.8377],[-123.9455,49.8384],[-123.9595,49.8269],[-123.9529,49.8224],[-123.9667,49.8172],[-123.9594,49.8075],[-123.9705,49.8047],[-124.0012,49.8126],[-124.0057,49.8194],[-123.9998,49.8255],[-124.0047,49.8322],[-123.994,49.8361],[-123.9958,49.8424],[-124.016,49.8696],[-124.0334,49.8749],[-124.0314,49.8934],[-124.0169,49.914],[-124.0246,49.9209],[-124.0328,49.915],[-124.0321,49.9315],[-124.0387,49.932],[-124.0397,49.9212],[-124.0664,49.8756],[-124.0779,49.8696],[-124.073,49.8637],[-124.0538,49.8593],[-124.0566,49.8531],[-124.0384,49.8358],[-124.053,49.8348],[-124.0559,49.8382],[-124.0663,49.834],[-124.0803,49.8425],[-124.0897,49.8398],[-124.0925,49.8235],[-124.1004,49.817],[-124.0787,49.7995],[-124.1018,49.7981],[-124.1126,49.7916],[-124.1206,49.7923],[-124.1197,49.7867],[-124.1254,49.7836],[-124.1434,49.7799],[-124.1706,49.779],[-124.1737,49.784],[-124.1825,49.7781],[-124.2056,49.7762],[-124.219,49.7821],[-124.2778,49.7754],[-124.2804,49.773],[-124.2722,49.7669],[-124.272,49.7608],[-124.2664,49.764],[-124.2611,49.7604],[-124.264,49.7578],[-124.2598,49.7495],[-124.269,49.7408],[-124.2761,49.7432],[-124.2779,49.7524],[-124.28,49.7476],[-124.2886,49.7492],[-124.2852,49.7555],[-124.2965,49.7626],[-124.3108,49.7572],[-124.3177,49.7632],[-124.3114,49.7675],[-124.3304,49.7734],[-124.3453,49.7698],[-124.3523,49.7767],[-124.3707,49.7763],[-124.367,49.7711],[-124.379,49.774],[-124.3961,49.7664],[-124.4085,49.7676],[-124.4498,49.7776],[-124.4722,49.7948],[-124.4979,49.7956],[-124.5265,49.8044],[-124.5303,49.846],[-124.5563,49.8719],[-124.5668,49.872],[-124.565,49.8748],[-124.6068,49.8958],[-124.6194,49.8955],[-124.6313,49.905],[-124.6235,49.9059],[-124.6251,49.9084],[-124.6997,49.9367],[-124.7334,49.9593],[-124.7522,49.9635],[-124.7596,49.9701],[-124.7598,49.9777],[-124.7642,49.9781],[-124.7613,49.9826],[-124.7694,49.9877],[-124.7753,49.9856],[-124.7799,49.9967],[-124.8062,50.0107],[-124.812,50.0248],[-124.8226,50.0297],[-124.8176,50.037],[-124.8354,50.048],[-124.8374,50.0592],[-124.8435,50.062],[-124.8089,50.064],[-124.8022,50.0564],[-124.7907,50.0564],[-124.7945,50.0537],[-124.7775,50.0397],[-124.7673,50.0385],[-124.7334,50.013],[-124.7422,50.0261],[-124.7363,50.0262],[-124.724,50.0153],[-124.7224,50.0076],[-124.7313,50.0105],[-124.7194,49.9952],[-124.7022,49.9856],[-124.6837,49.9651],[-124.6746,49.9641],[-124.6889,49.9877],[-124.7064,49.999],[-124.7036,50.0072],[-124.7195,50.0354],[-124.708,50.044],[-124.7104,50.0563],[-124.6994,50.0596],[-124.7082,50.0618],[-124.7069,50.0664],[-124.6859,50.0658],[-124.6522,50.0767],[-124.6528,50.0798],[-124.6637,50.0827],[-124.6946,50.0666],[-124.7036,50.0731],[-124.7078,50.0712],[-124.7085,50.0819],[-124.7237,50.0827],[-124.7177,50.0733],[-124.7314,50.0537],[-124.723,50.0453],[-124.7398,50.0413],[-124.7431,50.0364],[-124.7474,50.0427],[-124.7548,50.0424],[-124.7404,50.0524],[-124.7441,50.0567],[-124.7477,50.0538],[-124.7467,50.0495],[-124.7598,50.0469],[-124.7595,50.0413],[-124.7656,50.0423],[-124.7758,50.0577],[-124.7963,50.0638],[-124.8061,50.0753],[-124.7957,50.0753],[-124.794,50.0688],[-124.7867,50.0672],[-124.7759,50.0734],[-124.7794,50.0757],[-124.7455,50.0857],[-124.7247,50.084],[-124.7217,50.0925],[-124.701,50.0987],[-124.7002,50.1029],[-124.7079,50.1043],[-124.6897,50.1244],[-124.7066,50.1275],[-124.7123,50.1239],[-124.7108,50.1169],[-124.7073,50.1173],[-124.7122,50.1142],[-124.7292,50.1197],[-124.7279,50.1235],[-124.7012,50.1379],[-124.6687,50.1422],[-124.6824,50.1416],[-124.6643,50.1467],[-124.6691,50.1474],[-124.6606,50.1502],[-124.658,50.1551],[-124.6315,50.161],[-124.6307,50.1682],[-124.6122,50.186],[-124.614,50.1901],[-124.606,50.1998],[-124.6163,50.2041],[-124.6141,50.2347],[-124.5972,50.2342],[-124.5905,50.2474],[-124.6205,50.2624],[-124.6252,50.2685],[-124.6215,50.2759],[-124.6329,50.2849],[-124.6328,50.2934],[-124.6642,50.3068],[-124.6608,50.3126],[-124.6657,50.3173],[-124.6798,50.3114],[-124.7359,50.3256],[-124.6984,50.3395],[-124.6847,50.3604],[-124.6704,50.3709],[-124.6743,50.3758],[-124.6667,50.3896],[-124.6455,50.4038],[-124.6315,50.3998],[-124.5257,50.3966],[-124.4986,50.4225],[-124.4845,50.4253],[-124.4731,50.4215],[-124.4661,50.4271],[-124.4456,50.4311],[-124.4389,50.439],[-124.4108,50.4398],[-124.3804,50.4589],[-124.3781,50.4774],[-124.3635,50.4852],[-124.3728,50.4939],[-124.368,50.4986],[-124.388,50.4943],[-124.405,50.476],[-124.4039,50.4718],[-124.428,50.4607],[-124.5303,50.4358],[-124.5451,50.4206],[-124.5804,50.42],[-124.5813,50.459],[-124.5673,50.4637],[-124.5622,50.4757],[-124.5491,50.4841],[-124.5174,50.4843],[-124.5165,50.514],[-124.5176,50.5221],[-124.5329,50.5287],[-124.5362,50.5382],[-124.554,50.5398],[-124.5579,50.5502],[-124.5644,50.5535],[-124.5612,50.5594],[-124.5829,50.5742],[-124.5767,50.5775],[-124.5865,50.5912],[-124.5681,50.6042],[-124.5722,50.614],[-124.583,50.6215],[-124.5804,50.63],[-124.6034,50.6379],[-124.5996,50.6523],[-124.6048,50.6596],[-124.5906,50.6632],[-124.5769,50.6566],[-124.5577,50.671],[-124.5353,50.6767],[-124.5237,50.6902],[-124.4949,50.7002],[-124.492,50.6971],[-124.4959,50.6932],[-124.4961,50.6736],[-124.4918,50.6703],[-124.4759,50.6607],[-124.4685,50.6674],[-124.4532,50.6682],[-124.4431,50.6821],[-124.4169,50.6988],[-124.4093,50.7136],[-124.384,50.7199],[-124.3692,50.7381],[-124.3469,50.7486],[-124.3596,50.7646],[-124.3825,50.7772],[-124.3517,50.7898],[-124.3599,50.8003],[-124.3268,50.8194],[-124.3343,50.8372],[-124.3147,50.8424],[-124.3139,50.8505],[-124.2682,50.8641],[-124.2611,50.8617],[-124.2634,50.8454]]],[[[-127.0043,53.3036],[-127.0004,53.2922],[-126.9857,53.2877],[-126.9781,53.262],[-126.9798,53.2583],[-127.0005,53.2562],[-127.0044,53.2456],[-127.001,53.2411],[-127.0054,53.2359],[-127.0273,53.2323],[-127.0426,53.2145],[-127.0374,53.2072],[-127.0447,53.1976],[-127.0272,53.1988],[-127.0257,53.1939],[-127.0128,53.1877],[-127.0175,53.1792],[-127.015,53.1719],[-127.0026,53.1624],[-127.0018,53.1549],[-126.9929,53.1515],[-126.9928,53.1327],[-127.0137,53.1269],[-127.0313,53.1155],[-127.0258,53.1109],[-127.0278,53.1052],[-127.0086,53.0853],[-127.0178,53.0791],[-127.0154,53.0731],[-126.9967,53.0654],[-126.9481,53.0919],[-126.9419,53.0909],[-126.9405,53.085],[-126.8876,53.083],[-126.8756,53.088],[-126.8679,53.1076],[-126.8399,53.1064],[-126.8134,53.0865],[-126.8123,53.0773],[-126.7952,53.0656],[-126.7896,53.0506],[-126.7974,53.0282],[-126.7904,53.0199],[-126.7913,53.0024],[-126.7875,52.9963],[-126.7818,52.9962],[-126.7738,53.0077],[-126.7519,52.9918],[-126.7204,52.9922],[-126.7107,52.988],[-126.7105,52.9828],[-126.7067,52.9911],[-126.6882,52.9949],[-126.6878,53.0036],[-126.6719,53.0156],[-126.6724,53.0228],[-126.6624,53.0249],[-126.6524,53.0343],[-126.6227,53.0],[-125.0,53.0],[-124.9997,52.0716],[-125.3457,51.7732],[-125.3542,51.7743],[-125.3631,51.7931],[-125.3938,51.803],[-125.4057,51.8138],[-125.4194,51.8175],[-125.4186,51.8233],[-125.4035,51.8316],[-125.4059,51.8364],[-125.4321,51.8401],[-125.4433,51.8358],[-125.4646,51.8407],[-125.459,51.8506],[-125.4628,51.8615],[-125.4726,51.8631],[-125.4874,51.8824],[-125.4982,51.8868],[-125.4981,51.895],[-125.4831,51.9146],[-125.4896,51.9207],[-125.504,51.9202],[-125.517,51.9349],[-125.5283,51.9392],[-125.5492,51.9238],[-125.553,51.9147],[-125.568,51.9193],[-125.5857,51.9017],[-125.6113,51.9031],[-125.6549,51.922],[-125.6616,51.9351],[-125.6748,51.9378],[-125.6788,51.9503],[-125.7011,51.9665],[-125.6992,51.9865],[-125.7172,52.011],[-125.7546,52.0263],[-125.8022,52.0348],[-125.8068,52.0418],[-125.8203,52.0453],[-125.8282,52.0535],[-125.8524,52.0452],[-125.8533,52.0347],[-125.8649,52.0315],[-125.8722,52.0119],[-125.8344,51.994],[-125.8296,51.9803],[-125.8777,51.975],[-125.8763,51.9646],[-125.8966,51.9527],[-125.8904,51.946],[-125.9001,51.9392],[-125.8929,51.9367],[-125.8906,51.9304],[-125.8974,51.9138],[-125.8811,51.9069],[-125.8774,51.9007],[-125.8972,51.9016],[-125.9052,51.8928],[-125.9217,51.9027],[-125.9354,51.8948],[-125.9365,51.8879],[-125.9324,51.8857],[-125.9369,51.871],[-125.933,51.8591],[-125.9369,51.8561],[-125.9334,51.8524],[-125.9412,51.8387],[-125.9537,51.8371],[-125.9585,51.8307],[-125.9604,51.8041],[-125.9793,51.7972],[-125.9736,51.7821],[-125.9495,51.7776],[-125.9433,51.7707],[-125.9443,51.7607],[-125.9578,51.7586],[-125.9622,51.7474],[-125.9835,51.7414],[-125.9847,51.7339],[-126.001,51.7287],[-126.0021,51.723],[-125.9805,51.693],[-125.9562,51.6922],[-125.9527,51.6864],[-125.9423,51.6846],[-125.9381,51.6752],[-125.9224,51.664],[-125.948,51.6571],[-125.9447,51.6334],[-125.96,51.6236],[-125.9625,51.604],[-125.9806,51.5967],[-125.9861,51.5818],[-126.0165,51.5923],[-126.026,51.6013],[-126.0495,51.5956],[-126.051,51.586],[-126.0626,51.5819],[-126.0488,51.5708],[-126.0546,51.5602],[-126.0775,51.5496],[-126.0742,51.5457],[-126.086,51.5341],[-126.0819,51.5265],[-126.1133,51.5175],[-126.1135,51.5041],[-126.1058,51.4982],[-126.1072,51.4887],[-126.0969,51.4767],[-126.1057,51.4602],[-126.1443,51.4585],[-126.1483,51.4497],[-126.169,51.4447],[-126.177,51.4318],[-126.1854,51.4392],[-126.195,51.4367],[-126.215,51.4527],[-126.2402,51.4541],[-126.2505,51.4497],[-126.2661,51.4549],[-126.2716,51.4492],[-126.2811,51.4494],[-126.289,51.4571],[-126.3003,51.4564],[-126.3072,51.4628],[-126.3245,51.4567],[-126.3385,51.4647],[-126.3643,51.451],[-126.3684,51.4599],[-126.3792,51.4623],[-126.3784,51.474],[-126.4272,51.4756],[-126.4263,51.483],[-126.4438,51.4896],[-126.4536,51.4821],[-126.4564,51.4664],[-126.4659,51.46],[-126.4652,51.4544],[-126.4779,51.4544],[-126.4797,51.4422],[-126.4886,51.4351],[-126.4868,51.43],[-126.4937,51.4299],[-126.4976,51.4246],[-126.5066,51.4273],[-126.5314,51.4161],[-126.5372,51.4088],[-126.5528,51.4168],[-126.5621,51.4131],[-126.5678,51.4041],[-126.588,51.4046],[-126.5941,51.4059],[-126.6004,51.4176],[-126.6112,51.4197],[-126.6228,51.4423],[-126.6599,51.4464],[-126.6832,51.4683],[-126.7021,51.4786],[-126.7128,51.4681],[-126.7074,51.4558],[-126.7203,51.4536],[-126.732,51.4343],[-126.7166,51.4263],[-126.7097,51.414],[-126.7004,51.408],[-126.7005,51.3958],[-126.7132,51.3928],[-126.7115,51.3762],[-126.7193,51.3648],[-126.7303,51.3597],[-126.7225,51.3526],[-126.7249,51.3459],[-126.7374,51.3365],[-126.7528,51.3328],[-126.7546,51.3138],[-126.7723,51.3095],[-126.7676,51.2983],[-126.8155,51.2942],[-126.8216,51.2995],[-126.8155,51.3131],[-126.8209,51.3219],[-126.8514,51.3214],[-126.8624,51.3169],[-126.8686,51.3062],[-126.8948,51.3059],[-126.8929,51.3003],[-126.902,51.2906],[-126.923,51.2864],[-126.9123,51.2605],[-126.9218,51.2571],[-126.9193,51.2519],[-126.9238,51.2422],[-126.9581,51.2337],[-126.9977,51.2423],[-127.0293,51.2298],[-127.041,51.2358],[-127.0658,51.2298],[-127.0716,51.2323],[-127.0878,51.22],[-127.0962,51.2235],[-127.1294,51.2179],[-127.147,51.2082],[-127.1704,51.2028],[-127.1974,51.2056],[-127.2101,51.1987],[-127.2338,51.2196],[-127.2697,51.2195],[-127.2731,51.2156],[-127.2698,51.213],[-127.2748,51.212],[-127.3104,51.2151],[-127.3251,51.2091],[-127.3456,51.2187],[-127.3744,51.2164],[-127.3885,51.2231],[-127.3863,51.2303],[-127.439,51.2273],[-127.484,51.2343],[-127.4908,51.2289],[-127.4852,51.2268],[-127.4884,51.2209],[-127.4727,51.2184],[-127.4569,51.2036],[-127.471,51.2014],[-127.4821,51.206],[-127.496,51.2002],[-127.5236,51.2075],[-127.5275,51.2021],[-127.5438,51.1971],[-127.5748,51.1972],[-127.6019,51.1866],[-127.6123,51.191],[-127.6473,51.183],[-127.666,51.1936],[-127.7391,51.1912],[-127.7391,51.1623],[-127.7721,51.1587],[-127.7871,51.1631],[-127.7879,51.171],[-127.7807,51.1715],[-127.7832,51.1781],[-127.774,51.1765],[-127.7712,51.1831],[-127.786,51.1897],[-127.7832,51.1949],[-127.7973,51.1973],[-127.7895,51.197],[-127.7809,51.204],[-127.7825,51.2105],[-127.7712,51.2149],[-127.7709,51.2198],[-127.7855,51.2316],[-127.7782,51.2296],[-127.782,51.2309],[-127.7806,51.237],[-127.7717,51.2392],[-127.7663,51.249],[-127.7668,51.2459],[-127.7338,51.2591],[-127.71,51.2557],[-127.677,51.2724],[-127.6618,51.2717],[-127.632,51.2814],[-127.6105,51.277],[-127.6258,51.2701],[-127.609,51.2732],[-127.6061,51.2712],[-127.6116,51.2692],[-127.6013,51.2689],[-127.5934,51.2738],[-127.6082,51.2756],[-127.6,51.2758],[-127.6061,51.2793],[-127.6,51.2842],[-127.5721,51.28],[-127.5917,51.273],[-127.5996,51.2652],[-127.5822,51.2606],[-127.5721,51.2645],[-127.4685,51.2649],[-127.4634,51.2695],[-127.4419,51.2719],[-127.4254,51.2688],[-127.4182,51.2766],[-127.4654,51.2775],[-127.4499,51.2838],[-127.3828,51.29],[-127.3778,51.2852],[-127.3567,51.2909],[-127.3484,51.2896],[-127.3525,51.2809],[-127.3434,51.2908],[-127.3006,51.2922],[-127.2051,51.3082],[-127.179,51.3183],[-127.1571,51.317],[-127.1231,51.3379],[-127.1286,51.3409],[-127.1438,51.3322],[-127.1701,51.3268],[-127.1464,51.3421],[-127.1476,51.3543],[-127.1357,51.3605],[-127.1237,51.3607],[-127.1169,51.3531],[-127.0782,51.3485],[-127.0564,51.3526],[-127.0636,51.3543],[-127.1159,51.3588],[-127.1069,51.3732],[-127.1065,51.3831],[-127.1159,51.3881],[-127.1113,51.3938],[-127.1167,51.3999],[-127.1243,51.3926],[-127.1222,51.3779],[-127.1281,51.3693],[-127.1568,51.3619],[-127.1575,51.3502],[-127.1647,51.343],[-127.1855,51.3389],[-127.1926,51.3248],[-127.2149,51.3177],[-127.3179,51.3005],[-127.3679,51.3051],[-127.3381,51.3074],[-127.3455,51.3089],[-127.3405,51.315],[-127.348,51.3271],[-127.3349,51.3349],[-127.2822,51.3353],[-127.265,51.34],[-127.2367,51.3375],[-127.2099,51.3459],[-127.1752,51.3481],[-127.1982,51.3502],[-127.2384,51.3398],[-127.2694,51.3421],[-127.3459,51.3384],[-127.3533,51.3303],[-127.3542,51.3101],[-127.3699,51.307],[-127.4394,51.3167],[-127.4738,51.3134],[-127.5152,51.3217],[-127.5404,51.32],[-127.5201,51.33],[-127.4874,51.3351],[-127.5231,51.3325],[-127.5174,51.3389],[-127.5299,51.3354],[-127.5341,51.3388],[-127.503,51.3471],[-127.5089,51.3405],[-127.5051,51.3393],[-127.4999,51.3468],[-127.4863,51.3513],[-127.4273,51.3637],[-127.423,51.3667],[-127.4303,51.3656],[-127.4301,51.3704],[-127.4175,51.3744],[-127.4173,51.3796],[-127.3771,51.3885],[-127.357,51.3984],[-127.3555,51.4092],[-127.3954,51.3865],[-127.4453,51.3741],[-127.4287,51.3762],[-127.4357,51.3684],[-127.467,51.3659],[-127.47,51.3665],[-127.458,51.3718],[-127.4719,51.3712],[-127.5167,51.3517],[-127.5724,51.338],[-127.5786,51.3371],[-127.578,51.3424],[-127.6543,51.333],[-127.6619,51.3405],[-127.6751,51.3409],[-127.6911,51.3388],[-127.6924,51.3321],[-127.7017,51.3254],[-127.7116,51.328],[-127.716,51.323],[-127.7285,51.3219],[-127.729,51.3273],[-127.7412,51.3311],[-127.7421,51.3267],[-127.7377,51.3256],[-127.7427,51.3229],[-127.7363,51.324],[-127.7389,51.3192],[-127.7557,51.3201],[-127.7521,51.3282],[-127.7806,51.3206],[-127.7787,51.3251],[-127.768,51.3268],[-127.7753,51.3266],[-127.7713,51.3314],[-127.7768,51.3351],[-127.7876,51.3352],[-127.7803,51.3389],[-127.7878,51.3463],[-127.7814,51.3523],[-127.7897,51.3503],[-127.7874,51.3528],[-127.7927,51.3564],[-127.7756,51.3673],[-127.7843,51.3724],[-127.7755,51.3737],[-127.7764,51.3689],[-127.7686,51.3662],[-127.7553,51.3692],[-127.737,51.3858],[-127.7376,51.3932],[-127.7213,51.4018],[-127.7225,51.396],[-127.7157,51.4005],[-127.7107,51.3973],[-127.717,51.3932],[-127.6939,51.4033],[-127.6916,51.4006],[-127.6986,51.3981],[-127.6671,51.4033],[-127.6656,51.3825],[-127.6744,51.3792],[-127.6699,51.3773],[-127.6715,51.3681],[-127.6669,51.3685],[-127.632,51.4326],[-127.598,51.4484],[-127.5878,51.4654],[-127.5657,51.4729],[-127.5409,51.4654],[-127.5436,51.4582],[-127.5534,51.4623],[-127.5465,51.455],[-127.4681,51.4378],[-127.466,51.4335],[-127.4854,51.4125],[-127.5571,51.4018],[-127.4766,51.4039],[-127.4708,51.4061],[-127.4645,51.4197],[-127.4462,51.4319],[-127.4482,51.4369],[-127.4387,51.4378],[-127.3151,51.4274],[-127.3145,51.4063],[-127.3038,51.4006],[-127.2519,51.4082],[-127.3107,51.4079],[-127.301,51.4117],[-127.3037,51.425],[-127.3104,51.4272],[-127.3043,51.4308],[-127.3182,51.4418],[-127.316,51.4469],[-127.3263,51.4634],[-127.3273,51.4614],[-127.3186,51.4434],[-127.3244,51.4395],[-127.3806,51.4401],[-127.3953,51.4449],[-127.4247,51.4424],[-127.4451,51.4472],[-127.4781,51.4447],[-127.534,51.4575],[-127.5358,51.4752],[-127.5406,51.4773],[-127.5331,51.4842],[-127.5372,51.4868],[-127.5546,51.4732],[-127.5608,51.4728],[-127.5634,51.4776],[-127.5618,51.5012],[-127.5366,51.5071],[-127.5454,51.4887],[-127.5211,51.5131],[-127.5125,51.5555],[-127.5148,51.574],[-127.5207,51.5681],[-127.5238,51.5733],[-127.5116,51.5895],[-127.5133,51.6045],[-127.5048,51.6232],[-127.4937,51.6273],[-127.4746,51.6242],[-127.4512,51.6314],[-127.4413,51.6398],[-127.4091,51.6363],[-127.3907,51.6447],[-127.3872,51.6517],[-127.3904,51.6542],[-127.3838,51.6563],[-127.3612,51.6566],[-127.3498,51.6516],[-127.3255,51.6655],[-127.2657,51.6667],[-127.2502,51.6785],[-127.2622,51.685],[-127.3354,51.6927],[-127.3412,51.7005],[-127.3373,51.7122],[-127.338,51.7128],[-127.3401,51.7131],[-127.3414,51.7122],[-127.3409,51.7135],[-127.3467,51.7191],[-127.3491,51.7192],[-127.3528,51.7179],[-127.3607,51.7021],[-127.357,51.6925],[-127.3648,51.6818],[-127.3952,51.6828],[-127.4231,51.6713],[-127.4285,51.6656],[-127.4228,51.6622],[-127.4296,51.657],[-127.4513,51.6645],[-127.4522,51.6704],[-127.439,51.6897],[-127.4349,51.7057],[-127.4449,51.725],[-127.4488,51.7547],[-127.4375,51.7663],[-127.4177,51.7624],[-127.396,51.7654],[-127.3791,51.7793],[-127.3789,51.7918],[-127.3868,51.7962],[-127.3705,51.8106],[-127.364,51.8231],[-127.3565,51.8233],[-127.3513,51.868],[-127.356,51.8716],[-127.3616,51.8692],[-127.3635,51.8731],[-127.3714,51.8326],[-127.3795,51.8263],[-127.3842,51.8124],[-127.3948,51.8066],[-127.4004,51.7818],[-127.4133,51.7709],[-127.4213,51.7733],[-127.4277,51.7686],[-127.445,51.7856],[-127.4519,51.7797],[-127.451,51.7705],[-127.463,51.7504],[-127.4633,51.7331],[-127.4552,51.7171],[-127.4543,51.6986],[-127.4578,51.6952],[-127.4877,51.6961],[-127.5263,51.7061],[-127.5447,51.7021],[-127.5614,51.7124],[-127.5747,51.7063],[-127.6177,51.7105],[-127.6602,51.7064],[-127.5755,51.6969],[-127.5514,51.6824],[-127.5309,51.692],[-127.4841,51.6853],[-127.4561,51.6863],[-127.4692,51.6666],[-127.4676,51.6604],[-127.4848,51.6463],[-127.5294,51.6446],[-127.5341,51.6407],[-127.55,51.6637],[-127.5481,51.6381],[-127.5557,51.6282],[-127.5595,51.6082],[-127.573,51.5951],[-127.5737,51.586],[-127.5809,51.5784],[-127.5923,51.576],[-127.5954,51.5662],[-127.6244,51.5497],[-127.6388,51.5285],[-127.6615,51.5168],[-127.6763,51.5131],[-127.6719,51.5197],[-127.6748,51.5226],[-127.669,51.526],[-127.6855,51.5273],[-127.6804,51.5333],[-127.6879,51.5369],[-127.7136,51.5334],[-127.7363,51.5219],[-127.7487,51.5264],[-127.748,51.5309],[-127.7539,51.533],[-127.7472,51.537],[-127.755,51.5388],[-127.7572,51.5452],[-127.7709,51.5378],[-127.7702,51.5226],[-127.7808,51.517],[-127.7869,51.5227],[-127.7759,51.5259],[-127.7826,51.5269],[-127.7797,51.5302],[-127.7958,51.5289],[-127.8012,51.533],[-127.7915,51.5379],[-127.7916,51.5428],[-127.7975,51.5425],[-127.7916,51.5468],[-127.7927,51.5511],[-127.7794,51.5593],[-127.7669,51.5585],[-127.7521,51.5711],[-127.7879,51.5558],[-127.7884,51.5602],[-127.795,51.5614],[-127.7928,51.5728],[-127.7972,51.5743],[-127.794,51.5772],[-127.8001,51.5791],[-127.7857,51.5894],[-127.7959,51.5955],[-127.7831,51.6058],[-127.7857,51.6089],[-127.7732,51.61],[-127.7766,51.6006],[-127.7711,51.5989],[-127.7752,51.5961],[-127.7598,51.5998],[-127.7565,51.5827],[-127.752,51.5934],[-127.744,51.5978],[-127.7437,51.5986],[-127.7531,51.5949],[-127.7445,51.6067],[-127.7354,51.6021],[-127.7304,51.6085],[-127.7217,51.6024],[-127.7173,51.6078],[-127.665,51.6023],[-127.6789,51.6039],[-127.6885,51.6135],[-127.6874,51.6146],[-127.6926,51.6205],[-127.6855,51.6259],[-127.6868,51.6345],[-127.6931,51.6218],[-127.6971,51.6245],[-127.7016,51.6167],[-127.706,51.6195],[-127.7123,51.6149],[-127.7147,51.6188],[-127.7209,51.6144],[-127.725,51.6173],[-127.7236,51.6238],[-127.7146,51.6255],[-127.7199,51.6293],[-127.7155,51.6357],[-127.7157,51.6513],[-127.7221,51.6499],[-127.7269,51.6282],[-127.7347,51.6381],[-127.7384,51.6311],[-127.7519,51.629],[-127.7545,51.6239],[-127.7574,51.629],[-127.7512,51.6307],[-127.7496,51.637],[-127.7636,51.6535],[-127.7604,51.6432],[-127.7681,51.642],[-127.7696,51.6322],[-127.7828,51.6354],[-127.7843,51.6441],[-127.7951,51.6473],[-127.7932,51.644],[-127.7891,51.6426],[-127.7933,51.6371],[-127.7921,51.6231],[-127.8168,51.624],[-127.8139,51.6264],[-127.8204,51.628],[-127.8182,51.6313],[-127.825,51.643],[-127.8194,51.6605],[-127.8225,51.663],[-127.8142,51.6648],[-127.8209,51.6677],[-127.818,51.6691],[-127.8211,51.6702],[-127.8247,51.6658],[-127.8378,51.6434],[-127.8438,51.6457],[-127.8424,51.639],[-127.8438,51.6445],[-127.8536,51.645],[-127.8501,51.6459],[-127.8524,51.6522],[-127.8562,51.6507],[-127.8592,51.6584],[-127.8698,51.6611],[-127.8673,51.6684],[-127.8737,51.6737],[-127.8768,51.6694],[-127.8769,51.6822],[-127.8819,51.682],[-127.879,51.6832],[-127.8827,51.687],[-127.8785,51.6895],[-127.8804,51.6957],[-127.8896,51.6927],[-127.888,51.7033],[-127.882,51.7031],[-127.8814,51.6974],[-127.8573,51.7137],[-127.8695,51.714],[-127.8862,51.7068],[-127.8851,51.7125],[-127.8915,51.7152],[-127.8838,51.7251],[-127.8887,51.7304],[-127.8729,51.7566],[-127.8807,51.7724],[-127.8736,51.7736],[-127.8831,51.7765],[-127.8817,51.7823],[-127.8945,51.8019],[-127.8912,51.8091],[-127.8974,51.8157],[-127.892,51.8282],[-127.8734,51.8413],[-127.8933,51.8387],[-127.8876,51.8432],[-127.8686,51.8438],[-127.8732,51.8507],[-127.8819,51.8519],[-127.8704,51.8583],[-127.8656,51.8563],[-127.8685,51.8612],[-127.8626,51.862],[-127.8587,51.8694],[-127.853,51.8679],[-127.8488,51.8746],[-127.8553,51.8757],[-127.8715,51.8664],[-127.8682,51.8791],[-127.8571,51.8842],[-127.8635,51.8888],[-127.8743,51.8768],[-127.8798,51.8816],[-127.8868,51.8782],[-127.888,51.8862],[-127.8824,51.8971],[-127.8715,51.9053],[-127.8679,51.897],[-127.8672,51.9038],[-127.8598,51.9066],[-127.852,51.8994],[-127.8427,51.9037],[-127.8439,51.9],[-127.8388,51.8983],[-127.8422,51.9125],[-127.8233,51.9273],[-127.8052,51.9363],[-127.7763,51.9362],[-127.7475,51.9528],[-127.7141,51.9468],[-127.7045,51.9406],[-127.6844,51.9531],[-127.6773,51.9482],[-127.6679,51.9512],[-127.666,51.9604],[-127.674,51.9663],[-127.6543,51.9844],[-127.6515,52.0056],[-127.6348,52.0131],[-127.6301,52.0247],[-127.6508,52.0249],[-127.6553,52.0295],[-127.6416,52.0612],[-127.6325,52.0664],[-127.6255,52.0851],[-127.613,52.0964],[-127.6143,52.1047],[-127.6075,52.1215],[-127.5551,52.1232],[-127.5291,52.1468],[-127.5271,52.1583],[-127.5092,52.1538],[-127.4911,52.1573],[-127.4743,52.1464],[-127.4633,52.1269],[-127.4691,52.1218],[-127.4638,52.116],[-127.4648,52.1096],[-127.4743,52.0998],[-127.5016,52.0969],[-127.5499,52.1053],[-127.5771,52.102],[-127.6036,52.0643],[-127.603,52.0491],[-127.6164,52.0368],[-127.612,52.0313],[-127.6076,52.0333],[-127.6076,52.0381],[-127.5852,52.0459],[-127.5792,52.0645],[-127.5542,52.0898],[-127.5345,52.0893],[-127.5134,52.0769],[-127.5095,52.0822],[-127.4915,52.0848],[-127.4672,52.0769],[-127.4386,52.0917],[-127.4322,52.101],[-127.4352,52.1074],[-127.4015,52.0996],[-127.3847,52.1019],[-127.3868,52.1126],[-127.4097,52.1094],[-127.4176,52.1156],[-127.4347,52.1177],[-127.4319,52.127],[-127.4372,52.1395],[-127.4542,52.1596],[-127.4566,52.176],[-127.4729,52.1824],[-127.4714,52.1882],[-127.4662,52.1864],[-127.4577,52.1916],[-127.4262,52.1885],[-127.4,52.2042],[-127.3994,52.2174],[-127.3733,52.2257],[-127.3587,52.2208],[-127.3401,52.2332],[-127.3278,52.2279],[-127.3151,52.2302],[-127.3144,52.2353],[-127.2918,52.2311],[-127.2912,52.2372],[-127.2639,52.2513],[-127.2577,52.2612],[-127.2348,52.262],[-127.2237,52.273],[-127.2128,52.2728],[-127.2054,52.2932],[-127.1822,52.2926],[-127.1817,52.3029],[-127.1756,52.3071],[-127.1773,52.3142],[-127.1646,52.3088],[-127.1599,52.3106],[-127.1627,52.3152],[-127.1545,52.3172],[-127.1288,52.31],[-127.116,52.3115],[-127.0845,52.2984],[-127.0305,52.3103],[-127.0204,52.3024],[-127.0001,52.2983],[-126.9562,52.2613],[-126.9378,52.2308],[-126.9425,52.2137],[-126.9271,52.1886],[-126.8368,52.1481],[-126.8123,52.1301],[-126.7942,52.1084],[-126.7657,52.0914],[-126.7558,52.0762],[-126.6967,52.0263],[-126.6929,52.0118],[-126.7022,51.9981],[-126.6955,51.9959],[-126.6984,51.9922],[-126.6905,51.996],[-126.6863,51.9932],[-126.6935,51.9936],[-126.6934,51.9921],[-126.6884,51.9911],[-126.6945,51.9846],[-126.6836,51.9768],[-126.6817,51.9629],[-126.6664,51.9644],[-126.6689,51.9804],[-126.6807,51.9948],[-126.6715,52.005],[-126.682,52.0094],[-126.6867,52.019],[-126.6816,52.0279],[-126.6724,52.0318],[-126.6802,52.037],[-126.6742,52.0387],[-126.6744,52.0474],[-126.7198,52.0754],[-126.7498,52.1135],[-126.7831,52.1312],[-126.7978,52.1504],[-126.8154,52.1611],[-126.8441,52.167],[-126.8449,52.1741],[-126.851,52.178],[-126.8602,52.182],[-126.8641,52.178],[-126.9006,52.1968],[-126.914,52.2153],[-126.9205,52.2404],[-126.9162,52.2525],[-126.9397,52.2765],[-126.9504,52.2977],[-126.9649,52.3096],[-126.9599,52.3151],[-126.9454,52.3177],[-126.9352,52.3292],[-126.9346,52.3417],[-126.9279,52.3494],[-126.9101,52.3423],[-126.888,52.3496],[-126.8794,52.3629],[-126.8186,52.3696],[-126.8048,52.3764],[-126.7843,52.3728],[-126.7803,52.3851],[-126.7752,52.3859],[-126.7813,52.3882],[-126.7746,52.394],[-126.798,52.3999],[-126.88,52.3809],[-126.9107,52.3704],[-126.9154,52.3641],[-126.9278,52.3689],[-126.9564,52.3669],[-126.9861,52.332],[-127.0339,52.3397],[-127.0536,52.3337],[-127.1084,52.3338],[-127.1307,52.3457],[-127.135,52.3398],[-127.1638,52.3433],[-127.1649,52.3525],[-127.1846,52.3767],[-127.1994,52.3847],[-127.2169,52.3853],[-127.2122,52.3937],[-127.1902,52.4066],[-127.1894,52.4233],[-127.2032,52.4395],[-127.2216,52.448],[-127.2206,52.4435],[-127.2423,52.4504],[-127.24,52.4547],[-127.2334,52.4528],[-127.2307,52.4603],[-127.2226,52.4607],[-127.2226,52.4681],[-127.2156,52.4715],[-127.2185,52.4846],[-127.2378,52.514],[-127.2362,52.5294],[-127.2297,52.5358],[-127.192,52.54],[-127.1877,52.5576],[-127.1687,52.5616],[-127.1484,52.5746],[-127.117,52.5781],[-127.1056,52.5852],[-127.1046,52.6002],[-127.0998,52.6057],[-127.0743,52.6173],[-127.0379,52.6284],[-127.0059,52.6254],[-126.9873,52.6292],[-126.9846,52.6405],[-126.9765,52.6432],[-126.9781,52.6556],[-126.972,52.6648],[-126.976,52.6707],[-126.9742,52.6806],[-126.9449,52.6988],[-126.9306,52.7013],[-126.919,52.7113],[-126.916,52.7238],[-126.9407,52.7353],[-126.9577,52.7622],[-126.9586,52.767],[-126.9515,52.7722],[-126.9559,52.7815],[-126.9484,52.7902],[-126.954,52.8042],[-126.974,52.8057],[-126.9822,52.8128],[-126.9631,52.8344],[-126.9665,52.8394],[-126.9788,52.842],[-127.0103,52.8388],[-127.0377,52.8633],[-127.0711,52.8823],[-127.0841,52.8841],[-127.0864,52.8768],[-127.0751,52.8648],[-126.9959,52.8129],[-126.9943,52.8001],[-126.987,52.7938],[-127.0023,52.7637],[-126.9772,52.738],[-126.9733,52.724],[-126.9629,52.7163],[-126.9747,52.7142],[-126.9872,52.6969],[-127.009,52.6842],[-127.0097,52.6681],[-127.0188,52.67],[-127.0322,52.6646],[-127.0379,52.6426],[-127.0786,52.6352],[-127.1126,52.6217],[-127.1342,52.5938],[-127.1473,52.5949],[-127.1648,52.6053],[-127.167,52.6019],[-127.1696,52.6087],[-127.1732,52.6018],[-127.1628,52.5887],[-127.1819,52.5776],[-127.2169,52.5677],[-127.2436,52.5823],[-127.2208,52.5623],[-127.2209,52.5575],[-127.2556,52.5428],[-127.2536,52.5394],[-127.2637,52.5304],[-127.2646,52.5204],[-127.2703,52.5206],[-127.2659,52.4983],[-127.2865,52.4976],[-127.2641,52.4877],[-127.2601,52.4759],[-127.271,52.4694],[-127.2722,52.4627],[-127.3068,52.4535],[-127.3171,52.4429],[-127.3234,52.4458],[-127.3132,52.4549],[-127.3184,52.457],[-127.3283,52.4451],[-127.3223,52.4402],[-127.3229,52.4299],[-127.3441,52.4179],[-127.3763,52.4236],[-127.4087,52.4177],[-127.4288,52.427],[-127.4714,52.4674],[-127.4908,52.4761],[-127.4983,52.4892],[-127.5274,52.5179],[-127.5364,52.5209],[-127.5431,52.5313],[-127.5693,52.5463],[-127.6013,52.5766],[-127.6052,52.5897],[-127.6211,52.6094],[-127.6328,52.6071],[-127.6277,52.5953],[-127.6172,52.5871],[-127.615,52.573],[-127.6019,52.5592],[-127.5176,52.4902],[-127.4859,52.4513],[-127.4537,52.4253],[-127.4253,52.4147],[-127.4173,52.4057],[-127.4258,52.4013],[-127.4369,52.4143],[-127.4543,52.407],[-127.4608,52.403],[-127.4581,52.4007],[-127.4646,52.3948],[-127.4615,52.3898],[-127.4708,52.3785],[-127.4811,52.3756],[-127.4964,52.3867],[-127.5412,52.3999],[-127.532,52.3911],[-127.4978,52.3816],[-127.4819,52.3657],[-127.4766,52.3524],[-127.4899,52.3377],[-127.5382,52.3314],[-127.5463,52.3237],[-127.5612,52.3225],[-127.5718,52.3162],[-127.6004,52.3197],[-127.6064,52.3148],[-127.6047,52.2958],[-127.6198,52.2866],[-127.6352,52.2832],[-127.6466,52.2908],[-127.6723,52.2943],[-127.6829,52.2929],[-127.6927,52.2832],[-127.7169,52.272],[-127.7593,52.2717],[-127.7627,52.2783],[-127.7598,52.2874],[-127.7475,52.2931],[-127.7519,52.313],[-127.732,52.3292],[-127.7337,52.3395],[-127.718,52.35],[-127.6953,52.3459],[-127.6854,52.3518],[-127.7228,52.3604],[-127.7439,52.3431],[-127.7499,52.3273],[-127.7612,52.3197],[-127.7613,52.3003],[-127.7691,52.296],[-127.7796,52.2761],[-127.7871,52.2732],[-127.785,52.2678],[-127.8189,52.2504],[-127.8229,52.239],[-127.8334,52.2349],[-127.8606,52.2027],[-127.8676,52.2044],[-127.877,52.1982],[-127.8874,52.2037],[-127.8831,52.2085],[-127.888,52.2056],[-127.8985,52.2248],[-127.8951,52.237],[-127.9018,52.2492],[-127.9008,52.2588],[-127.9084,52.27],[-127.9254,52.2804],[-127.9303,52.2922],[-127.9322,52.3004],[-127.9277,52.3069],[-127.9326,52.3168],[-127.9233,52.3374],[-127.9264,52.3476],[-127.9061,52.3558],[-127.8841,52.3565],[-127.8662,52.3628],[-127.8459,52.341],[-127.8383,52.3352],[-127.8378,52.3384],[-127.8494,52.3534],[-127.8568,52.3742],[-127.8509,52.3769],[-127.8547,52.3889],[-127.862,52.3916],[-127.8642,52.3876],[-127.8755,52.3954],[-127.8819,52.4088],[-127.8816,52.4207],[-127.8873,52.4242],[-127.8825,52.4268],[-127.8919,52.4272],[-127.8926,52.414],[-127.8983,52.414],[-127.9246,52.4296],[-127.9274,52.4449],[-127.9102,52.4489],[-127.8887,52.4617],[-127.89,52.4827],[-127.8718,52.4953],[-127.8578,52.4905],[-127.8475,52.4932],[-127.8467,52.4853],[-127.8298,52.473],[-127.8133,52.476],[-127.8116,52.4573],[-127.8021,52.4513],[-127.7838,52.4489],[-127.7605,52.4618],[-127.7435,52.4634],[-127.7294,52.4518],[-127.7131,52.4502],[-127.7419,52.4755],[-127.7869,52.4525],[-127.7841,52.4553],[-127.7924,52.4558],[-127.8025,52.4662],[-127.8005,52.4734],[-127.8065,52.4832],[-127.8217,52.4817],[-127.8316,52.49],[-127.8378,52.4998],[-127.8303,52.5116],[-127.8402,52.5155],[-127.8384,52.5125],[-127.847,52.5047],[-127.8582,52.5002],[-127.8822,52.5036],[-127.8935,52.5004],[-127.9056,52.4849],[-127.9054,52.4676],[-127.9257,52.4507],[-127.9322,52.4511],[-127.9322,52.4587],[-127.9399,52.4652],[-127.946,52.4457],[-127.9383,52.4291],[-127.8929,52.3889],[-127.883,52.3724],[-127.9439,52.358],[-127.9433,52.3252],[-127.9734,52.3138],[-127.9897,52.3229],[-128.0109,52.3201],[-128.0069,52.3223],[-128.0058,52.3431],[-127.9983,52.3549],[-128.0032,52.3642],[-128.0092,52.3624],[-128.0124,52.3692],[-127.9893,52.3847],[-127.9832,52.4253],[-127.9871,52.4351],[-127.976,52.4506],[-127.9748,52.4617],[-127.9622,52.4702],[-127.9596,52.4779],[-127.9481,52.4768],[-127.9446,52.4718],[-127.9407,52.4751],[-127.9384,52.4683],[-127.9341,52.4697],[-127.9301,52.4749],[-127.936,52.4747],[-127.9307,52.4774],[-127.9337,52.4802],[-127.9621,52.4794],[-127.9731,52.4699],[-127.9862,52.4677],[-127.992,52.4548],[-128.0018,52.4465],[-127.9946,52.4256],[-127.9995,52.4197],[-127.9944,52.4005],[-128.0168,52.3919],[-128.0011,52.3898],[-128.0004,52.3846],[-128.0149,52.3789],[-128.0199,52.3713],[-128.0098,52.3548],[-128.016,52.3489],[-128.0179,52.3208],[-128.0257,52.3193],[-128.0448,52.3454],[-128.0592,52.3827],[-128.0697,52.3957],[-128.0782,52.4254],[-128.0859,52.4325],[-128.0846,52.4362],[-128.0836,52.4325],[-128.0789,52.4342],[-128.0777,52.458],[-128.0297,52.4662],[-128.0364,52.4691],[-128.0383,52.4801],[-128.0461,52.4835],[-128.0343,52.4924],[-128.0292,52.4897],[-128.0313,52.4933],[-128.036,52.4966],[-128.0353,52.4975],[-128.0297,52.5009],[-128.0202,52.4974],[-128.0177,52.5046],[-128.0078,52.5056],[-128.0059,52.512],[-127.9788,52.5177],[-127.9903,52.5236],[-128.0127,52.5173],[-128.0103,52.5251],[-128.0157,52.5312],[-128.0341,52.5349],[-128.0385,52.5272],[-128.0245,52.5135],[-128.0448,52.5192],[-128.0544,52.5129],[-128.0704,52.5113],[-128.0749,52.5215],[-128.0886,52.533],[-128.0951,52.5481],[-128.1021,52.5511],[-128.0964,52.5607],[-128.0955,52.5896],[-128.0637,52.6057],[-128.0477,52.607],[-128.0393,52.6133],[-128.0356,52.6258],[-128.0288,52.6231],[-128.0255,52.6302],[-128.0338,52.6346],[-128.0421,52.6321],[-128.0431,52.6501],[-128.0506,52.6534],[-128.0487,52.6265],[-128.0707,52.6146],[-128.087,52.5986],[-128.1081,52.6008],[-128.1127,52.5971],[-128.1147,52.5745],[-128.1087,52.5582],[-128.1141,52.5482],[-128.0986,52.536],[-128.0823,52.5122],[-128.0914,52.5208],[-128.0939,52.5127],[-128.101,52.5156],[-128.1061,52.5114],[-128.0959,52.4969],[-128.1008,52.4881],[-128.1081,52.488],[-128.1056,52.4716],[-128.1136,52.4639],[-128.1243,52.4634],[-128.1237,52.4561],[-128.1419,52.4398],[-128.1543,52.4504],[-128.1612,52.474],[-128.1628,52.4712],[-128.1636,52.4683],[-128.1578,52.4468],[-128.1604,52.4452],[-128.207,52.4631],[-128.15,52.431],[-128.1491,52.415],[-128.1647,52.3945],[-128.1702,52.3976],[-128.1828,52.3752],[-128.1928,52.3734],[-128.1871,52.3689],[-128.1983,52.3664],[-128.1987,52.3625],[-128.213,52.3735],[-128.2086,52.3754],[-128.2199,52.3772],[-128.2251,52.4012],[-128.2303,52.4026],[-128.2269,52.3933],[-128.2334,52.397],[-128.238,52.4037],[-128.2207,52.3612],[-128.2144,52.3581],[-128.2114,52.3678],[-128.2027,52.3591],[-128.2052,52.3515],[-128.2119,52.3503],[-128.2132,52.3424],[-128.2242,52.3363],[-128.2231,52.3301],[-128.2317,52.3269],[-128.2343,52.3137],[-128.2594,52.2928],[-128.2578,52.3059],[-128.2635,52.2953],[-128.2624,52.2857],[-128.2949,52.2559],[-128.317,52.2607],[-128.322,52.2658],[-128.2938,52.2862],[-128.3172,52.2752],[-128.3296,52.2755],[-128.3217,52.273],[-128.3243,52.2691],[-128.3434,52.2691],[-128.3485,52.2637],[-128.3583,52.2662],[-128.3595,52.2791],[-128.3326,52.2776],[-128.3236,52.2798],[-128.3216,52.2849],[-128.3499,52.2827],[-128.3627,52.289],[-128.357,52.2972],[-128.3607,52.2947],[-128.3656,52.289],[-128.3701,52.2946],[-128.3607,52.3065],[-128.3542,52.3075],[-128.3558,52.3083],[-128.3591,52.3081],[-128.3573,52.3108],[-128.3508,52.3113],[-128.3485,52.3162],[-128.3522,52.313],[-128.3539,52.3164],[-128.3507,52.3197],[-128.3259,52.3325],[-128.3292,52.334],[-128.321,52.3433],[-128.3239,52.3576],[-128.3288,52.3449],[-128.3255,52.3391],[-128.3346,52.3335],[-128.343,52.3378],[-128.3343,52.3409],[-128.3377,52.3566],[-128.3315,52.3633],[-128.3408,52.3678],[-128.3395,52.3718],[-128.3329,52.3724],[-128.3354,52.3748],[-128.3191,52.3849],[-128.3115,52.3991],[-128.3049,52.4012],[-128.2756,52.4054],[-128.2604,52.3902],[-128.2656,52.4028],[-128.2614,52.4035],[-128.2655,52.4053],[-128.2512,52.4092],[-128.2542,52.419],[-128.2471,52.4186],[-128.2449,52.4271],[-128.2333,52.4249],[-128.2338,52.4335],[-128.2384,52.4426],[-128.234,52.4395],[-128.2312,52.4498],[-128.2258,52.4482],[-128.2247,52.4744],[-128.194,52.4845],[-128.1762,52.4845],[-128.1851,52.494],[-128.182,52.5045],[-128.2082,52.5219],[-128.1849,52.5312],[-128.1898,52.5379],[-128.189,52.5512],[-128.1769,52.5525],[-128.1739,52.5578],[-128.1829,52.5658],[-128.176,52.5759],[-128.1979,52.5804],[-128.1771,52.596],[-128.1904,52.607],[-128.1571,52.6207],[-128.1363,52.6119],[-128.1168,52.6127],[-128.1005,52.6448],[-128.1396,52.6473],[-128.1436,52.6578],[-128.1548,52.6674],[-128.1501,52.6701],[-128.1533,52.6742],[-128.1391,52.6832],[-128.1162,52.6837],[-128.1137,52.6761],[-128.0957,52.681],[-128.0653,52.6969],[-128.0629,52.7088],[-128.0493,52.7141],[-127.9942,52.7152],[-127.9635,52.7093],[-127.948,52.7209],[-127.9271,52.7245],[-127.9203,52.7181],[-127.9244,52.6992],[-127.9157,52.6836],[-127.9168,52.6719],[-127.9004,52.6727],[-127.8888,52.6767],[-127.8847,52.683],[-127.8671,52.6865],[-127.8453,52.6759],[-127.8498,52.671],[-127.8489,52.661],[-127.8286,52.6686],[-127.8004,52.6618],[-127.7791,52.677],[-127.792,52.693],[-127.7787,52.7022],[-127.7604,52.7045],[-127.7453,52.718],[-127.7188,52.7198],[-127.713,52.7337],[-127.7187,52.7365],[-127.7165,52.7487],[-127.7105,52.7561],[-127.7307,52.775],[-127.7114,52.7798],[-127.7007,52.7742],[-127.6925,52.7895],[-127.6751,52.7911],[-127.6691,52.7854],[-127.6428,52.7793],[-127.607,52.7813],[-127.5992,52.76],[-127.6229,52.7431],[-127.6249,52.735],[-127.5812,52.721],[-127.5774,52.7168],[-127.5794,52.7075],[-127.5699,52.7013],[-127.5678,52.6917],[-127.5611,52.6904],[-127.5498,52.6969],[-127.5356,52.6908],[-127.5145,52.6963],[-127.5026,52.6917],[-127.5063,52.6811],[-127.4941,52.6815],[-127.4871,52.6889],[-127.4683,52.6847],[-127.4721,52.6971],[-127.4658,52.7088],[-127.4253,52.7204],[-127.4121,52.732],[-127.3949,52.7333],[-127.3857,52.7466],[-127.3661,52.7525],[-127.3643,52.756],[-127.38,52.7654],[-127.3804,52.7753],[-127.3553,52.8069],[-127.3446,52.8078],[-127.3414,52.7976],[-127.3156,52.7969],[-127.2901,52.8172],[-127.2735,52.8106],[-127.256,52.8177],[-127.2199,52.8226],[-127.2237,52.8385],[-127.2179,52.8426],[-127.2154,52.8544],[-127.249,52.8615],[-127.2615,52.8759],[-127.2808,52.8842],[-127.2732,52.8947],[-127.3,52.9044],[-127.2762,52.9455],[-127.2286,52.9602],[-127.2493,52.9667],[-127.2631,52.9821],[-127.2583,52.9903],[-127.2378,53.0017],[-127.2525,53.0412],[-127.2726,53.0555],[-127.2814,53.0564],[-127.2825,53.0651],[-127.2892,53.071],[-127.307,53.074],[-127.3244,53.0672],[-127.3562,53.0827],[-127.4189,53.08],[-127.4425,53.0842],[-127.4515,53.1006],[-127.4336,53.1216],[-127.4741,53.1222],[-127.4772,53.1422],[-127.4568,53.1443],[-127.4403,53.1603],[-127.4081,53.1604],[-127.4018,53.1686],[-127.4087,53.1771],[-127.3998,53.1868],[-127.3832,53.1785],[-127.3559,53.1768],[-127.354,53.1893],[-127.3636,53.2024],[-127.3599,53.2133],[-127.3637,53.2222],[-127.3344,53.2271],[-127.3251,53.2205],[-127.3181,53.2051],[-127.3095,53.2059],[-127.2901,53.2254],[-127.2885,53.2353],[-127.2796,53.2463],[-127.2836,53.2719],[-127.2615,53.2773],[-127.2549,53.2743],[-127.2534,53.262],[-127.2465,53.2559],[-127.2249,53.2476],[-127.2156,53.2507],[-127.2021,53.2471],[-127.1925,53.253],[-127.1953,53.2628],[-127.1674,53.2729],[-127.1511,53.2713],[-127.1319,53.2464],[-127.1328,53.2399],[-127.1143,53.2381],[-127.0962,53.2431],[-127.0837,53.2377],[-127.0769,53.24],[-127.0797,53.2489],[-127.0695,53.2601],[-127.0748,53.278],[-127.0604,53.294],[-127.0043,53.3036]]]]}},{"type":"Feature","properties":{"hsda_code":41,"hsda":"South Vancouver Island","health_authority":"Vancouver Island","area_km2":2371},"geometry":{"type":"MultiPolygon","coordinates":[[[[-123.5378,48.3133],[-123.549,48.3103],[-123.5435,48.3172],[-123.5378,48.3133]]],[[[-123.2362,48.8261],[-123.2443,48.83],[-123.2429,48.8344],[-123.2384,48.8339],[-123.2362,48.8261]]],[[[-123.2523,48.44],[-123.2529,48.4309],[-123.2578,48.431],[-123.2603,48.4375],[-123.2573,48.4352],[-123.2523,48.44]]],[[[-123.2805,48.6619],[-123.3009,48.6621],[-123.2987,48.6654],[-123.2805,48.6619]]],[[[-123.2424,48.4406],[-123.2459,48.44],[-123.2497,48.4339],[-123.2462,48.4342],[-123.2444,48.439],[-123.2408,48.4354],[-123.2498,48.4329],[-123.2512,48.4371],[-123.2488,48.441],[-123.2424,48.4406]]],[[[-123.6058,48.9704],[-123.5921,48.9658],[-123.5889,48.9605],[-123.5923,48.9594],[-123.6058,48.9704]]],[[[-123.2777,48.5712],[-123.2723,48.5686],[-123.2718,48.562],[-123.2814,48.5613],[-123.2865,48.5675],[-123.2777,48.5712]]],[[[-123.4196,48.7102],[-123.4124,48.7096],[-123.4075,48.7023],[-123.4251,48.7024],[-123.4196,48.7102]]],[[[-123.2431,48.4296],[-123.2293,48.4287],[-123.2246,48.4242],[-123.2421,48.4195],[-123.2498,48.4252],[-123.2431,48.4296]]],[[[-123.0611,48.7976],[-123.0612,48.7937],[-123.0511,48.7936],[-123.0683,48.7903],[-123.1022,48.7982],[-123.0727,48.7936],[-123.076,48.7977],[-123.0611,48.7976]]],[[[-123.3646,48.6856],[-123.3734,48.6789],[-123.3862,48.6787],[-123.3877,48.6859],[-123.3813,48.6868],[-123.3883,48.6912],[-123.3646,48.6856]]],[[[-123.4133,48.8937],[-123.397,48.8776],[-123.4115,48.8805],[-123.4285,48.8936],[-123.4156,48.893],[-123.4202,48.8967],[-123.4133,48.8937]]],[[[-123.1892,48.8144],[-123.2037,48.8141],[-123.2088,48.8222],[-123.2158,48.8199],[-123.2337,48.8288],[-123.2335,48.8333],[-123.1892,48.8144]]],[[[-123.3659,48.735],[-123.3603,48.7262],[-123.3713,48.7175],[-123.3807,48.7189],[-123.387,48.7261],[-123.3659,48.735]]],[[[-123.3586,48.617],[-123.3441,48.6034],[-123.3432,48.6041],[-123.3461,48.6061],[-123.3368,48.6049],[-123.334,48.5957],[-123.3525,48.5903],[-123.3572,48.5959],[-123.3546,48.598],[-123.3505,48.5917],[-123.3557,48.6047],[-123.3784,48.6173],[-123.3586,48.617]]],[[[-123.3167,48.7317],[-123.2905,48.715],[-123.3013,48.7023],[-123.2983,48.699],[-123.3108,48.7032],[-123.3329,48.7183],[-123.3249,48.7277],[-123.331,48.7307],[-123.3167,48.7317]]],[[[-123.4052,48.85],[-123.351,48.827],[-123.3564,48.8287],[-123.3544,48.821],[-123.3662,48.8256],[-123.3602,48.8163],[-123.3773,48.8218],[-123.3642,48.8092],[-123.3719,48.8113],[-123.4007,48.8293],[-123.3793,48.8229],[-123.4037,48.8341],[-123.3937,48.8317],[-123.4064,48.8402],[-123.4081,48.8436],[-123.3945,48.8398],[-123.4052,48.85]]],[[[-123.3087,48.6175],[-123.2936,48.6165],[-123.2687,48.602],[-123.2725,48.5956],[-123.2696,48.5902],[-123.2848,48.5933],[-123.2956,48.5891],[-123.2961,48.5939],[-123.3091,48.6016],[-123.3132,48.6126],[-123.3368,48.6267],[-123.3411,48.6331],[-123.3412,48.6376],[-123.3354,48.637],[-123.3406,48.6372],[-123.34,48.6355],[-123.3346,48.6357],[-123.3373,48.6301],[-123.3407,48.6346],[-123.3388,48.6302],[-123.3323,48.6244],[-123.3275,48.6244],[-123.3279,48.6345],[-123.3466,48.654],[-123.3371,48.6483],[-123.3226,48.6367],[-123.3087,48.6175]]],[[[-123.2585,48.7675],[-123.2056,48.7568],[-123.1734,48.7446],[-123.1874,48.7459],[-123.1812,48.7404],[-123.1835,48.7358],[-123.2074,48.732],[-123.2298,48.7447],[-123.2298,48.7524],[-123.2468,48.7555],[-123.2585,48.7675]]],[[[-123.2895,48.874],[-123.2762,48.8651],[-123.2461,48.8561],[-123.2732,48.8589],[-123.244,48.8468],[-123.2513,48.8457],[-123.2465,48.8309],[-123.2547,48.8292],[-123.2308,48.8229],[-123.2328,48.8179],[-123.2279,48.8142],[-123.2423,48.8201],[-123.3276,48.8329],[-123.3186,48.8349],[-123.3341,48.842],[-123.321,48.8428],[-123.3458,48.8564],[-123.3014,48.8507],[-123.297,48.8586],[-123.3051,48.8647],[-123.2895,48.874]]],[[[-123.3104,48.8222],[-123.3002,48.8162],[-123.2858,48.8158],[-123.2766,48.808],[-123.278,48.8005],[-123.2717,48.8022],[-123.2546,48.7911],[-123.2504,48.7797],[-123.2397,48.7701],[-123.2734,48.7795],[-123.2753,48.7731],[-123.2569,48.7643],[-123.2679,48.7609],[-123.2644,48.7557],[-123.24,48.7462],[-123.2316,48.7362],[-123.2715,48.7494],[-123.314,48.7699],[-123.311,48.771],[-123.3193,48.7785],[-123.3077,48.7796],[-123.3179,48.7887],[-123.3097,48.7939],[-123.3141,48.7955],[-123.3022,48.7964],[-123.3261,48.8052],[-123.3274,48.808],[-123.3178,48.8108],[-123.3273,48.8189],[-123.3104,48.8222]]],[[[-123.0928,48.7876],[-123.0444,48.7844],[-123.0591,48.7795],[-123.1119,48.7791],[-123.0904,48.7724],[-123.0937,48.7643],[-123.1262,48.7671],[-123.1343,48.7628],[-123.1538,48.7633],[-123.202,48.7744],[-123.2017,48.7832],[-123.2144,48.7919],[-123.2128,48.7961],[-123.202,48.7954],[-123.2008,48.787],[-123.1954,48.793],[-123.2013,48.798],[-123.1721,48.7954],[-123.202,48.805],[-123.2053,48.8116],[-123.1923,48.8074],[-123.1889,48.8139],[-123.0928,48.7876]]],[[[-123.5759,49.0132],[-123.5194,48.9661],[-123.4893,48.9501],[-123.4665,48.9462],[-123.4064,48.919],[-123.3448,48.9048],[-123.3345,48.8932],[-123.3419,48.8921],[-123.3246,48.8798],[-123.3251,48.8871],[-123.3121,48.88],[-123.319,48.8766],[-123.3105,48.8725],[-123.3147,48.8713],[-123.3111,48.8682],[-123.3135,48.8621],[-123.3468,48.8671],[-123.3541,48.8592],[-123.3825,48.8654],[-123.3923,48.8717],[-123.3873,48.8751],[-123.3991,48.8874],[-123.3907,48.8845],[-123.3879,48.8907],[-123.3995,48.8977],[-123.4078,48.898],[-123.4034,48.8937],[-123.4067,48.8935],[-123.4106,48.8955],[-123.407,48.9009],[-123.4151,48.9057],[-123.5367,48.9539],[-123.5629,48.9724],[-123.5888,48.9989],[-123.586,49.0128],[-123.5759,49.0132]]],[[[-123.5966,48.9459],[-123.5471,48.9187],[-123.5304,48.9145],[-123.5033,48.8929],[-123.4923,48.8925],[-123.4939,48.8876],[-123.4253,48.851],[-123.4194,48.8425],[-123.4433,48.857],[-123.462,48.8604],[-123.4695,48.8652],[-123.4827,48.8679],[-123.4803,48.8658],[-123.4761,48.864],[-123.4708,48.865],[-123.468,48.8598],[-123.4543,48.8567],[-123.425,48.8405],[-123.4453,48.8509],[-123.449,48.8494],[-123.4424,48.8436],[-123.4895,48.8597],[-123.4846,48.8552],[-123.5017,48.8575],[-123.4949,48.852],[-123.4998,48.8511],[-123.496,48.8472],[-123.4734,48.8401],[-123.47,48.8338],[-123.4252,48.8111],[-123.4197,48.8025],[-123.3916,48.7971],[-123.3888,48.7898],[-123.3781,48.786],[-123.3761,48.7774],[-123.3666,48.7755],[-123.3669,48.771],[-123.3721,48.7666],[-123.379,48.7695],[-123.3838,48.7557],[-123.3927,48.7535],[-123.4096,48.7598],[-123.4283,48.7552],[-123.4451,48.7691],[-123.4616,48.7722],[-123.4255,48.7334],[-123.4869,48.7136],[-123.5008,48.716],[-123.5246,48.7349],[-123.5515,48.7479],[-123.5487,48.751],[-123.563,48.761],[-123.563,48.7666],[-123.5473,48.7728],[-123.5442,48.779],[-123.554,48.7878],[-123.544,48.7921],[-123.5175,48.7903],[-123.571,48.8209],[-123.5716,48.8477],[-123.5491,48.866],[-123.5264,48.861],[-123.5724,48.8778],[-123.581,48.8873],[-123.5733,48.8865],[-123.5907,48.8966],[-123.5923,48.9126],[-123.5862,48.9176],[-123.5987,48.9333],[-123.5975,48.9422],[-123.5922,48.9411],[-123.5966,48.9459]]],[[[-124.2808,48.7228],[-124.1979,48.6542],[-124.1678,48.6542],[-124.1678,48.6506],[-124.1514,48.6469],[-124.1514,48.6433],[-124.1406,48.6433],[-124.1406,48.6397],[-124.1127,48.6398],[-124.1124,48.6513],[-124.0152,48.6512],[-124.0152,48.6455],[-123.9476,48.6457],[-123.9476,48.6383],[-123.9327,48.6383],[-123.9181,48.6424],[-123.9165,48.6497],[-123.9077,48.6519],[-123.9077,48.6449],[-123.8987,48.6364],[-123.854,48.6389],[-123.8539,48.6027],[-123.8313,48.6053],[-123.8312,48.599],[-123.8094,48.599],[-123.8008,48.5936],[-123.8008,48.5878],[-123.8201,48.5878],[-123.8201,48.5744],[-123.7786,48.5744],[-123.7786,48.5817],[-123.784,48.5817],[-123.7895,48.5941],[-123.7713,48.5944],[-123.7713,48.601],[-123.7657,48.6046],[-123.7444,48.6056],[-123.7462,48.6229],[-123.723,48.6228],[-123.7231,48.6193],[-123.7162,48.6193],[-123.7163,48.613],[-123.7026,48.613],[-123.7026,48.6166],[-123.6944,48.6166],[-123.6944,48.622],[-123.6889,48.622],[-123.689,48.603],[-123.6691,48.603],[-123.6692,48.5919],[-123.6582,48.5921],[-123.6617,48.6074],[-123.6672,48.6074],[-123.6585,48.6089],[-123.6586,48.6025],[-123.6481,48.5972],[-123.6481,48.5809],[-123.64,48.5809],[-123.6455,48.5627],[-123.6346,48.5627],[-123.6346,48.5475],[-123.628,48.5475],[-123.6279,48.5329],[-123.609,48.5293],[-123.609,48.5221],[-123.5873,48.522],[-123.5874,48.5257],[-123.5817,48.5257],[-123.5794,48.536],[-123.5554,48.536],[-123.5446,48.5267],[-123.5429,48.5159],[-123.5494,48.5129],[-123.554,48.5],[-123.5511,48.485],[-123.5479,48.4991],[-123.5348,48.5173],[-123.537,48.547],[-123.5058,48.5534],[-123.4876,48.5777],[-123.4737,48.573],[-123.4766,48.5665],[-123.4754,48.5602],[-123.4643,48.5591],[-123.4752,48.564],[-123.4692,48.5674],[-123.471,48.57],[-123.4617,48.5709],[-123.4703,48.5799],[-123.4646,48.5902],[-123.4806,48.5975],[-123.4747,48.5993],[-123.4812,48.6068],[-123.4645,48.6291],[-123.4799,48.6286],[-123.4739,48.641],[-123.446,48.6552],[-123.4553,48.6654],[-123.4705,48.6642],[-123.4889,48.6771],[-123.4741,48.6805],[-123.4732,48.6863],[-123.4848,48.6889],[-123.4834,48.6926],[-123.4392,48.699],[-123.4074,48.6869],[-123.4026,48.6887],[-123.4009,48.6849],[-123.4054,48.6831],[-123.3962,48.6759],[-123.4099,48.6741],[-123.414,48.6818],[-123.425,48.6764],[-123.4225,48.6749],[-123.416,48.6788],[-123.4135,48.6756],[-123.4219,48.6719],[-123.4156,48.6729],[-123.413,48.6681],[-123.409,48.6697],[-123.409,48.6657],[-123.4042,48.6695],[-123.3969,48.6672],[-123.4036,48.6652],[-123.4003,48.6602],[-123.3925,48.662],[-123.3971,48.6529],[-123.3936,48.6462],[-123.4103,48.6283],[-123.3931,48.6004],[-123.3888,48.5996],[-123.3947,48.5928],[-123.3729,48.5893],[-123.3775,48.5915],[-123.3719,48.5983],[-123.3699,48.5966],[-123.3726,48.5913],[-123.3672,48.56],[-123.362,48.5581],[-123.3657,48.5492],[-123.3612,48.5428],[-123.3665,48.5321],[-123.3647,48.5147],[-123.3283,48.4952],[-123.3068,48.4964],[-123.3003,48.4888],[-123.3028,48.4767],[-123.2757,48.4639],[-123.2645,48.4513],[-123.2721,48.4497],[-123.2805,48.4502],[-123.2884,48.4591],[-123.2975,48.4569],[-123.2993,48.4533],[-123.2912,48.4486],[-123.2916,48.4382],[-123.3,48.4374],[-123.3076,48.4275],[-123.3001,48.4248],[-123.2937,48.4116],[-123.3146,48.4128],[-123.3215,48.4056],[-123.3242,48.41],[-123.3277,48.4115],[-123.3406,48.4102],[-123.3489,48.4029],[-123.3914,48.4146],[-123.3861,48.4189],[-123.3875,48.4236],[-123.3692,48.421],[-123.3718,48.4341],[-123.3686,48.4342],[-123.3711,48.4357],[-123.3774,48.4342],[-123.3746,48.4383],[-123.38,48.4425],[-123.3885,48.4408],[-123.4227,48.4524],[-123.4201,48.4586],[-123.4113,48.4596],[-123.4173,48.4635],[-123.425,48.4635],[-123.4328,48.4564],[-123.4297,48.4531],[-123.422,48.4608],[-123.4262,48.4547],[-123.4227,48.4511],[-123.383,48.4385],[-123.3727,48.428],[-123.3928,48.4301],[-123.3981,48.4279],[-123.394,48.4238],[-123.3981,48.424],[-123.3971,48.4193],[-123.4099,48.4168],[-123.4202,48.4219],[-123.4192,48.4261],[-123.4244,48.4252],[-123.4321,48.4282],[-123.4374,48.428],[-123.4385,48.4328],[-123.4204,48.4326],[-123.4229,48.4357],[-123.4365,48.4407],[-123.4308,48.4428],[-123.4359,48.4459],[-123.4337,48.45],[-123.4395,48.4488],[-123.4546,48.4585],[-123.4638,48.4567],[-123.4499,48.4492],[-123.4471,48.4309],[-123.4478,48.4298],[-123.4597,48.4325],[-123.474,48.4285],[-123.4726,48.4174],[-123.4547,48.4309],[-123.4887,48.396],[-123.4781,48.3861],[-123.5043,48.3876],[-123.5065,48.3832],[-123.5154,48.3895],[-123.5223,48.3884],[-123.5211,48.3865],[-123.5109,48.3861],[-123.5441,48.3553],[-123.54,48.3403],[-123.527,48.343],[-123.5347,48.3372],[-123.5791,48.3494],[-123.5597,48.3428],[-123.5398,48.3249],[-123.5404,48.32],[-123.5607,48.3089],[-123.5642,48.3135],[-123.5782,48.3152],[-123.5865,48.3099],[-123.5909,48.3157],[-123.6013,48.3148],[-123.6034,48.3198],[-123.5917,48.3278],[-123.5886,48.3427],[-123.6086,48.3339],[-123.6273,48.3371],[-123.635,48.3278],[-123.6294,48.3259],[-123.6355,48.3245],[-123.6379,48.3168],[-123.653,48.3137],[-123.6707,48.3218],[-123.6698,48.3253],[-123.6857,48.3357],[-123.7141,48.3386],[-123.711,48.3425],[-123.7185,48.347],[-123.7155,48.3534],[-123.703,48.3586],[-123.7049,48.363],[-123.7171,48.3658],[-123.7015,48.3747],[-123.6823,48.3764],[-123.6779,48.3672],[-123.652,48.3657],[-123.6532,48.3638],[-123.6622,48.3614],[-123.6522,48.3578],[-123.6501,48.3654],[-123.6355,48.3629],[-123.6367,48.372],[-123.6235,48.3699],[-123.637,48.3738],[-123.6336,48.3779],[-123.6384,48.3816],[-123.6328,48.3896],[-123.6479,48.3859],[-123.6549,48.3945],[-123.6623,48.389],[-123.6548,48.3908],[-123.6542,48.3871],[-123.6819,48.3883],[-123.6915,48.3775],[-123.6983,48.3844],[-123.7064,48.3826],[-123.732,48.3643],[-123.7263,48.3568],[-123.711,48.3584],[-123.7341,48.3539],[-123.7536,48.3592],[-123.7619,48.3714],[-123.8221,48.3569],[-123.8375,48.371],[-123.8659,48.3812],[-123.8972,48.3821],[-123.9211,48.3766],[-123.9409,48.3852],[-123.9488,48.3955],[-123.9856,48.395],[-123.9878,48.4016],[-123.9932,48.4068],[-124.0367,48.4206],[-124.0698,48.4229],[-124.0955,48.4353],[-124.1069,48.4323],[-124.1161,48.4394],[-124.2068,48.4573],[-124.2923,48.4848],[-124.2916,48.4912],[-124.3095,48.5043],[-124.365,48.5087],[-124.3998,48.5213],[-124.406,48.5184],[-124.4336,48.5232],[-124.4585,48.5314],[-124.4479,48.5435],[-124.4269,48.5537],[-124.3811,48.5644],[-124.3933,48.5666],[-124.4018,48.5606],[-124.403,48.5684],[-124.4138,48.5766],[-124.4043,48.5815],[-124.4142,48.5818],[-124.4168,48.5751],[-124.4662,48.5611],[-124.496,48.5432],[-124.5029,48.5442],[-124.4994,48.5926],[-124.4892,48.5926],[-124.4891,48.635],[-124.4454,48.635],[-124.4455,48.6269],[-124.4175,48.6258],[-124.4162,48.6356],[-124.4109,48.6356],[-124.4105,48.6658],[-124.3778,48.6661],[-124.3785,48.6951],[-124.3566,48.6953],[-124.3562,48.6809],[-124.2797,48.6818],[-124.2808,48.7228]]]]}},{"type":"Feature","properties":{"hsda_code":42,"hsda":"Central Vancouver Island","health_authority":"Vancouver Island","area_km2":12598},"geometry":{"type":"MultiPolygon","coordinates":[[[[-125.1638,48.8712],[-125.1657,48.865],[-125.1738,48.8662],[-125.1658,48.8719],[-125.1638,48.8712]]],[[[-125.3319,48.9148],[-125.3416,48.9125],[-125.3497,48.9163],[-125.3484,48.9173],[-125.3319,48.9148]]],[[[-124.1621,49.351],[-124.1538,49.3478],[-124.1528,49.3443],[-124.1606,49.3431],[-124.1621,49.351]]],[[[-125.9717,49.3037],[-125.9727,49.3013],[-125.9707,49.2982],[-125.9848,49.299],[-125.9717,49.3037]]],[[[-125.2918,48.9295],[-125.2787,48.9232],[-125.2912,48.922],[-125.2879,48.9243],[-125.2918,48.9295]]],[[[-125.0254,48.9283],[-125.0304,48.9262],[-125.0241,48.9248],[-125.0273,48.9191],[-125.0357,48.9282],[-125.0254,48.9283]]],[[[-123.6575,48.8951],[-123.6726,48.9008],[-123.6747,48.9072],[-123.6575,48.8951]]],[[[-123.6908,49.07],[-123.6843,49.0649],[-123.6925,49.0627],[-123.6981,49.0681],[-123.6908,49.07]]],[[[-125.9251,49.1619],[-125.9284,49.153],[-125.9415,49.159],[-125.9323,49.1596],[-125.9251,49.1619]]],[[[-125.8729,49.202],[-125.8723,49.1929],[-125.8788,49.1932],[-125.8763,49.1962],[-125.8834,49.2006],[-125.8729,49.202]]],[[[-126.0776,49.2199],[-126.0888,49.2186],[-126.0963,49.226],[-126.0776,49.2199]]],[[[-123.9161,49.1834],[-123.915,49.1736],[-123.9194,49.1706],[-123.9264,49.1782],[-123.9235,49.1832],[-123.9161,49.1834]]],[[[-124.1853,49.4805],[-124.2058,49.4847],[-124.2088,49.4883],[-124.1853,49.4805]]],[[[-124.2837,49.4498],[-124.2967,49.4485],[-124.303,49.4545],[-124.2837,49.4498]]],[[[-125.1689,48.8551],[-125.1622,48.8484],[-125.1799,48.85],[-125.1783,48.8543],[-125.1689,48.8551]]],[[[-125.3361,48.9256],[-125.3214,48.9221],[-125.3333,48.9172],[-125.344,48.9229],[-125.3361,48.9256]]],[[[-126.0587,49.1888],[-126.0515,49.1823],[-126.054,49.1784],[-126.0684,49.1819],[-126.0661,49.1887],[-126.0587,49.1888]]],[[[-125.263,48.9174],[-125.2894,48.9168],[-125.2748,48.9198],[-125.2763,48.9256],[-125.2742,48.9259],[-125.263,48.9174]]],[[[-125.3474,48.9923],[-125.3372,48.9865],[-125.3549,48.9816],[-125.3556,48.9897],[-125.3474,48.9923]]],[[[-125.2427,48.9157],[-125.2524,48.9089],[-125.2631,48.913],[-125.2606,48.9171],[-125.2427,48.9157]]],[[[-124.2408,49.5176],[-124.2348,49.5083],[-124.2474,49.5107],[-124.2528,49.5164],[-124.2408,49.5176]]],[[[-123.7159,49.0863],[-123.6951,49.0764],[-123.696,49.0709],[-123.7033,49.0729],[-123.7159,49.0863]]],[[[-123.6173,48.9994],[-123.6168,48.9912],[-123.6348,49.0038],[-123.6281,49.0061],[-123.6173,48.9994]]],[[[-125.3469,49.0035],[-125.3379,49.0016],[-125.3323,48.9937],[-125.3464,48.9945],[-125.3469,49.0035]]],[[[-125.3154,48.9143],[-125.3107,48.9084],[-125.315,48.9063],[-125.3352,48.9091],[-125.3302,48.9135],[-125.3154,48.9143]]],[[[-125.332,48.9014],[-125.3285,48.8932],[-125.3398,48.8933],[-125.3339,48.8933],[-125.3361,48.8984],[-125.3488,48.9009],[-125.3533,48.9065],[-125.332,48.9014]]],[[[-125.1918,48.9723],[-125.1887,48.9679],[-125.1949,48.9576],[-125.1925,48.9542],[-125.1973,48.9528],[-125.2033,48.9586],[-125.1918,48.9723]]],[[[-125.2125,48.8352],[-125.2035,48.8289],[-125.2223,48.8202],[-125.2254,48.8247],[-125.2125,48.8352]]],[[[-125.2117,48.9436],[-125.2272,48.9463],[-125.2036,48.96],[-125.2117,48.9436]]],[[[-125.7348,49.1388],[-125.7308,49.1307],[-125.748,49.1307],[-125.7479,49.1404],[-125.7348,49.1388]]],[[[-125.9477,49.1476],[-125.9338,49.1425],[-125.9404,49.1299],[-125.9504,49.1394],[-125.9477,49.1476]]],[[[-125.2385,48.9286],[-125.2537,48.9245],[-125.2484,48.9277],[-125.2544,48.932],[-125.2708,48.9303],[-125.265,48.933],[-125.2642,48.9373],[-125.2385,48.9286]]],[[[-125.7722,49.1224],[-125.754,49.1185],[-125.7511,49.1138],[-125.7632,49.1094],[-125.7815,49.1158],[-125.7722,49.1224]]],[[[-123.7198,49.0924],[-123.736,49.0918],[-123.7573,49.1075],[-123.7589,49.1113],[-123.7198,49.0924]]],[[[-125.2012,48.8503],[-125.1826,48.8473],[-125.1896,48.8299],[-125.2042,48.8427],[-125.2015,48.8471],[-125.2082,48.8471],[-125.2012,48.8503]]],[[[-126.0561,49.3235],[-126.0323,49.3065],[-126.0526,49.3042],[-126.0587,49.3108],[-126.0544,49.3137],[-126.0587,49.3184],[-126.0561,49.3235]]],[[[-123.7841,49.134],[-123.767,49.1238],[-123.8171,49.1362],[-123.7841,49.134]]],[[[-125.3051,48.8811],[-125.2895,48.8671],[-125.3096,48.8637],[-125.3174,48.867],[-125.3184,48.8747],[-125.3024,48.8738],[-125.3109,48.8805],[-125.3051,48.8811]]],[[[-124.2112,49.5097],[-124.1947,49.5029],[-124.198,49.4982],[-124.1838,49.4894],[-124.2008,49.489],[-124.2128,49.4956],[-124.2061,49.4966],[-124.211,49.4997],[-124.2082,49.5022],[-124.2154,49.5043],[-124.2112,49.5097]]],[[[-125.1146,48.8926],[-125.1309,48.8813],[-125.1395,48.8821],[-125.1521,48.8747],[-125.163,48.8767],[-125.15,48.8847],[-125.1423,48.8829],[-125.1408,48.8905],[-125.1311,48.8958],[-125.1338,48.8974],[-125.1146,48.8926]]],[[[-123.9246,49.1984],[-123.9274,49.194],[-123.9212,49.1897],[-123.9273,49.1802],[-123.9355,49.1836],[-123.936,49.1767],[-123.9475,49.1948],[-123.9443,49.2026],[-123.9246,49.1984]]],[[[-125.0382,48.9878],[-125.0219,48.9815],[-125.0325,48.9789],[-125.0299,48.9748],[-125.034,48.9735],[-125.0375,48.9755],[-125.0312,48.9843],[-125.0383,48.9779],[-125.0441,48.9796],[-125.048,48.9687],[-125.0665,48.9623],[-125.0834,48.9666],[-125.0789,48.9702],[-125.0813,48.9756],[-125.0688,48.9855],[-125.0382,48.9878]]],[[[-126.0845,49.4196],[-126.0721,49.4153],[-126.0786,49.4102],[-126.0665,49.4097],[-126.0922,49.4003],[-126.0939,49.397],[-126.087,49.3997],[-126.0844,49.3961],[-126.0926,49.3905],[-126.126,49.4055],[-126.1107,49.4167],[-126.0845,49.4196]]],[[[-123.658,48.9834],[-123.6384,48.9783],[-123.6357,48.9826],[-123.6376,48.9772],[-123.6285,48.9548],[-123.6315,48.934],[-123.6396,48.9376],[-123.6384,48.9423],[-123.6524,48.9446],[-123.662,48.9573],[-123.6613,48.9653],[-123.6564,48.9678],[-123.6692,48.9803],[-123.658,48.9834]]],[[[-123.6755,49.0164],[-123.6532,48.9945],[-123.6526,48.9885],[-123.6763,48.9835],[-123.6681,48.9694],[-123.6744,48.9695],[-123.6787,48.9815],[-123.6914,48.9815],[-123.7096,49.018],[-123.7017,49.018],[-123.6947,49.0114],[-123.6889,49.0171],[-123.678,49.0049],[-123.69,49.0224],[-123.6755,49.0164]]],[[[-125.0501,48.9524],[-125.046,48.9412],[-125.0562,48.9364],[-125.0573,48.921],[-125.0668,48.9097],[-125.0811,48.9078],[-125.0871,48.8967],[-125.116,48.8958],[-125.1185,48.905],[-125.1044,48.9093],[-125.1113,48.9166],[-125.1009,48.919],[-125.108,48.9241],[-125.106,48.9266],[-125.094,48.9325],[-125.0985,48.9332],[-125.0844,48.9358],[-125.0887,48.9396],[-125.0697,48.9485],[-125.0683,48.9534],[-125.0501,48.9524]]],[[[-123.6717,49.1092],[-123.6672,49.1013],[-123.6697,49.0932],[-123.6185,49.0574],[-123.5961,49.0297],[-123.5919,49.0178],[-123.6005,49.0127],[-123.6098,49.016],[-123.6295,49.0386],[-123.6439,49.0407],[-123.6569,49.0555],[-123.6564,49.0695],[-123.6975,49.0987],[-123.7162,49.1247],[-123.701,49.1245],[-123.7025,49.1285],[-123.6717,49.1092]]],[[[-126.0124,49.2166],[-125.9876,49.2091],[-125.9655,49.2102],[-125.9603,49.2047],[-125.9525,49.2075],[-125.956,49.2028],[-125.9317,49.1863],[-125.945,49.1874],[-125.9449,49.1827],[-125.9513,49.1828],[-125.9611,49.1873],[-125.9554,49.1817],[-125.9574,49.176],[-125.9691,49.1707],[-125.9624,49.1623],[-125.9663,49.1607],[-125.9621,49.1508],[-125.9668,49.1526],[-125.9697,49.1477],[-125.9725,49.1516],[-125.9843,49.1494],[-126.0068,49.162],[-126.0182,49.1594],[-126.0221,49.1656],[-126.009,49.1684],[-126.0072,49.1763],[-126.0118,49.1802],[-126.0052,49.1858],[-126.0235,49.1895],[-126.0307,49.1858],[-126.0367,49.1925],[-126.0347,49.2037],[-126.0387,49.2052],[-126.0124,49.2166]]],[[[-123.8199,49.2026],[-123.8193,49.1861],[-123.7951,49.1801],[-123.7719,49.1677],[-123.7042,49.1594],[-123.6971,49.1533],[-123.7028,49.1529],[-123.6998,49.1485],[-123.6904,49.1433],[-123.6922,49.1336],[-123.7058,49.1303],[-123.7127,49.1346],[-123.7101,49.1387],[-123.7211,49.1366],[-123.7174,49.1294],[-123.7634,49.13],[-123.7877,49.1398],[-123.8402,49.1498],[-123.8686,49.1634],[-123.8701,49.1762],[-123.8638,49.1733],[-123.8563,49.1774],[-123.864,49.1799],[-123.8609,49.1835],[-123.873,49.192],[-123.8605,49.1928],[-123.8673,49.1965],[-123.8593,49.1995],[-123.8535,49.1997],[-123.8568,49.194],[-123.8199,49.2026]]],[[[-124.3451,49.5203],[-124.3497,49.5179],[-124.3448,49.5107],[-124.3337,49.5139],[-124.2954,49.5089],[-124.2986,49.5128],[-124.2917,49.5149],[-124.2937,49.5123],[-124.2868,49.5051],[-124.278,49.5039],[-124.2816,49.5018],[-124.271,49.4985],[-124.263,49.502],[-124.2554,49.4921],[-124.2592,49.5016],[-124.2503,49.5011],[-124.2533,49.5071],[-124.2387,49.5057],[-124.2336,49.5023],[-124.2386,49.4993],[-124.2218,49.4913],[-124.22,49.4834],[-124.2108,49.4768],[-124.1949,49.4787],[-124.1867,49.4713],[-124.1753,49.4711],[-124.1743,49.467],[-124.1797,49.4643],[-124.1697,49.4616],[-124.1648,49.4531],[-124.1685,49.453],[-124.162,49.4507],[-124.1692,49.4508],[-124.1665,49.4424],[-124.1796,49.4389],[-124.2067,49.4533],[-124.224,49.4556],[-124.2433,49.4696],[-124.246,49.4582],[-124.2651,49.4612],[-124.2633,49.4554],[-124.2736,49.4624],[-124.284,49.4554],[-124.3077,49.4629],[-124.3083,49.4582],[-124.3169,49.4596],[-124.3314,49.4696],[-124.3661,49.4761],[-124.3636,49.4788],[-124.3693,49.4805],[-124.3619,49.4874],[-124.3533,49.4846],[-124.3571,49.4801],[-124.3483,49.4819],[-124.3581,49.489],[-124.3464,49.4938],[-124.352,49.4953],[-124.3556,49.4939],[-124.3512,49.4974],[-124.3543,49.5008],[-124.3794,49.4955],[-124.383,49.5083],[-124.3775,49.5166],[-124.3607,49.5206],[-124.3642,49.5254],[-124.3451,49.5203]]],[[[-125.8629,49.2424],[-125.798,49.2355],[-125.7926,49.2303],[-125.7892,49.2339],[-125.7891,49.2294],[-125.7811,49.2337],[-125.7704,49.2223],[-125.7672,49.1963],[-125.7714,49.1935],[-125.7782,49.1961],[-125.7782,49.201],[-125.7878,49.2027],[-125.7913,49.2244],[-125.8044,49.2237],[-125.7983,49.2122],[-125.8033,49.2074],[-125.8017,49.2056],[-125.7967,49.2092],[-125.7915,49.2022],[-125.7995,49.1995],[-125.7923,49.1783],[-125.799,49.1523],[-125.7933,49.1553],[-125.7924,49.15],[-125.8032,49.1496],[-125.8201,49.1381],[-125.799,49.1402],[-125.7907,49.1296],[-125.794,49.1213],[-125.8123,49.1309],[-125.8149,49.1295],[-125.815,49.1248],[-125.8174,49.1243],[-125.8531,49.1342],[-125.8575,49.1399],[-125.8557,49.1475],[-125.8749,49.1531],[-125.8751,49.1582],[-125.86,49.1603],[-125.8676,49.1816],[-125.8595,49.1892],[-125.8583,49.2014],[-125.8526,49.2007],[-125.8463,49.2109],[-125.8374,49.2126],[-125.8457,49.2313],[-125.8547,49.223],[-125.8616,49.2273],[-125.8637,49.2215],[-125.8539,49.2185],[-125.8633,49.209],[-125.8791,49.2162],[-125.8829,49.2116],[-125.8822,49.2165],[-125.8906,49.2143],[-125.882,49.1939],[-125.8932,49.195],[-125.8896,49.1934],[-125.8933,49.1899],[-125.8933,49.1732],[-125.9043,49.1772],[-125.9059,49.1729],[-125.9184,49.1735],[-125.9259,49.1777],[-125.9213,49.184],[-125.9121,49.182],[-125.9298,49.2045],[-125.9288,49.22],[-125.9334,49.2239],[-125.8989,49.2245],[-125.8941,49.2351],[-125.9,49.2365],[-125.8926,49.2412],[-125.8629,49.2424]]],[[[-126.0989,49.3889],[-126.1026,49.3821],[-126.0813,49.3653],[-126.0834,49.3442],[-126.075,49.3273],[-126.0814,49.3089],[-126.0753,49.3023],[-126.0714,49.2806],[-126.0738,49.2737],[-126.0811,49.2751],[-126.0732,49.2674],[-126.0576,49.2671],[-126.0654,49.2755],[-126.0578,49.2792],[-126.0648,49.2783],[-126.0703,49.285],[-126.0659,49.288],[-126.0706,49.2998],[-126.069,49.3005],[-126.0659,49.2993],[-126.0567,49.2914],[-126.0579,49.2822],[-126.047,49.2704],[-126.0553,49.2649],[-126.0548,49.2607],[-126.0814,49.2569],[-126.0836,49.2477],[-126.0992,49.2557],[-126.093,49.2521],[-126.0992,49.2478],[-126.1123,49.2573],[-126.1358,49.2563],[-126.1331,49.2663],[-126.1476,49.2751],[-126.1547,49.2715],[-126.1695,49.2748],[-126.1748,49.2676],[-126.1888,49.2623],[-126.2131,49.2762],[-126.2142,49.2818],[-126.2308,49.2836],[-126.2248,49.2914],[-126.2278,49.2932],[-126.2158,49.2986],[-126.2254,49.3051],[-126.2209,49.3069],[-126.2237,49.3113],[-126.2375,49.3139],[-126.2333,49.3172],[-126.2379,49.3213],[-126.2314,49.3249],[-126.2409,49.3327],[-126.2336,49.3344],[-126.2382,49.3356],[-126.2358,49.342],[-126.2288,49.3439],[-126.2367,49.3486],[-126.2285,49.3547],[-126.2345,49.3587],[-126.2261,49.3622],[-126.2258,49.3664],[-126.2327,49.3696],[-126.2323,49.3737],[-126.2251,49.3745],[-126.2329,49.3766],[-126.2307,49.3941],[-126.2244,49.3893],[-126.2148,49.394],[-126.2042,49.3907],[-126.1905,49.3798],[-126.1944,49.3755],[-126.1902,49.3736],[-126.1519,49.3929],[-126.1291,49.3929],[-126.1282,49.3983],[-126.0989,49.3889]]],[[[-125.3833,49.6084],[-125.2333,49.4903],[-125.2067,49.4912],[-125.2067,49.4943],[-125.1663,49.4904],[-125.1717,49.508],[-125.1338,49.5019],[-125.1338,49.5092],[-125.1283,49.5109],[-125.1422,49.511],[-125.1421,49.5219],[-125.1477,49.5219],[-125.1499,49.5291],[-125.1423,49.5291],[-125.1259,49.5146],[-125.1084,49.5146],[-125.1067,49.5039],[-125.0934,49.5021],[-125.0935,49.4931],[-125.0824,49.4911],[-125.0687,49.477],[-125.053,49.4765],[-125.0528,49.4803],[-125.0334,49.4855],[-125.0359,49.4927],[-125.0249,49.4928],[-125.0196,49.4801],[-125.0249,49.4801],[-125.025,49.4748],[-125.014,49.4694],[-125.0167,49.4639],[-125.0111,49.4583],[-124.9961,49.4565],[-124.9974,49.4528],[-124.9837,49.4529],[-124.9836,49.4456],[-124.9725,49.4428],[-124.9725,49.432],[-124.9155,49.4269],[-124.9024,49.4324],[-124.859,49.4325],[-124.8563,49.4195],[-124.823,49.4193],[-124.823,49.4049],[-124.734,49.4049],[-124.7344,49.4408],[-124.7571,49.4408],[-124.7568,49.4557],[-124.7461,49.4515],[-124.7247,49.4656],[-124.736,49.4662],[-124.7251,49.4676],[-124.7196,49.4591],[-124.6853,49.4486],[-124.6544,49.4257],[-124.6413,49.4221],[-124.6299,49.4045],[-124.6115,49.4014],[-124.5735,49.3803],[-124.5375,49.3765],[-124.5028,49.3652],[-124.4859,49.369],[-124.4584,49.3543],[-124.417,49.3603],[-124.3646,49.3537],[-124.3612,49.3485],[-124.3557,49.3518],[-124.3592,49.3486],[-124.3533,49.3479],[-124.3572,49.3456],[-124.3336,49.3367],[-124.3203,49.3235],[-124.3001,49.3296],[-124.2964,49.329],[-124.302,49.3265],[-124.2914,49.3253],[-124.2865,49.331],[-124.2926,49.3306],[-124.2848,49.3317],[-124.2641,49.3252],[-124.2629,49.3139],[-124.2532,49.3057],[-124.2386,49.3038],[-124.2411,49.3132],[-124.2234,49.3003],[-124.2136,49.3019],[-124.2069,49.2938],[-124.1984,49.2954],[-124.198,49.2996],[-124.2143,49.315],[-124.1937,49.304],[-124.1863,49.3073],[-124.1897,49.3118],[-124.1857,49.3126],[-124.1696,49.3016],[-124.1663,49.2941],[-124.1358,49.2907],[-124.1383,49.2866],[-124.1202,49.2792],[-124.1184,49.2716],[-124.1089,49.2702],[-124.1378,49.2647],[-124.1736,49.2735],[-124.1742,49.27],[-124.1933,49.2685],[-124.1796,49.2563],[-124.1411,49.2516],[-124.1261,49.2564],[-124.083,49.2572],[-124.0527,49.248],[-124.034,49.2489],[-124.0077,49.2387],[-123.9644,49.2366],[-123.9648,49.2302],[-123.9486,49.2231],[-123.953,49.2279],[-123.9483,49.2289],[-123.9402,49.2129],[-123.9669,49.2077],[-123.9695,49.2014],[-123.9562,49.1923],[-123.9485,49.1932],[-123.9408,49.1764],[-123.944,49.1724],[-123.9422,49.1714],[-123.9375,49.1725],[-123.9349,49.1663],[-123.9234,49.162],[-123.9275,49.1454],[-123.9153,49.1311],[-123.9175,49.136],[-123.9104,49.1335],[-123.9114,49.1371],[-123.9073,49.1345],[-123.9012,49.1391],[-123.8984,49.1349],[-123.8979,49.1359],[-123.9016,49.1409],[-123.8966,49.1385],[-123.8917,49.1384],[-123.8883,49.1394],[-123.8868,49.1419],[-123.8891,49.1353],[-123.8848,49.1378],[-123.8854,49.1408],[-123.8798,49.1374],[-123.8945,49.1667],[-123.8867,49.1525],[-123.8719,49.1424],[-123.8185,49.1357],[-123.8045,49.1199],[-123.8004,49.0968],[-123.805,49.0952],[-123.8004,49.0914],[-123.8096,49.094],[-123.8063,49.0924],[-123.7979,49.0901],[-123.7956,49.0912],[-123.794,49.0891],[-123.7938,49.0903],[-123.7819,49.0731],[-123.785,49.0733],[-123.7681,49.062],[-123.7706,49.0595],[-123.7607,49.0544],[-123.7602,49.0531],[-123.756,49.0495],[-123.7604,49.0494],[-123.7467,49.0399],[-123.7637,49.0279],[-123.7673,49.0291],[-123.7667,49.0312],[-123.7685,49.029],[-123.7819,49.0297],[-123.7917,49.0264],[-123.7903,49.0204],[-123.7725,49.0157],[-123.7609,49.0045],[-123.7613,48.9894],[-123.7573,48.9868],[-123.7723,48.9889],[-123.7694,48.9812],[-123.7792,48.9921],[-123.7965,48.9966],[-123.8451,49.0251],[-123.8512,49.0235],[-123.8511,49.0287],[-123.8601,49.0211],[-123.8456,49.0184],[-123.8476,49.0139],[-123.8198,49.0021],[-123.8146,48.9954],[-123.8077,48.9955],[-123.8037,48.9802],[-123.7735,48.9617],[-123.7559,48.9582],[-123.7384,48.938],[-123.7158,48.9281],[-123.7103,48.9183],[-123.7036,48.9186],[-123.7058,48.9299],[-123.6925,48.904],[-123.6789,48.9027],[-123.6717,48.8981],[-123.6784,48.8961],[-123.673,48.8913],[-123.6663,48.8914],[-123.6718,48.8897],[-123.6671,48.891],[-123.668,48.8863],[-123.6623,48.8846],[-123.6672,48.8823],[-123.6599,48.8823],[-123.6639,48.8781],[-123.6459,48.8825],[-123.6362,48.862],[-123.6198,48.8611],[-123.6149,48.8542],[-123.5924,48.8482],[-123.5843,48.8243],[-123.6011,48.8217],[-123.6097,48.8133],[-123.5991,48.7878],[-123.5974,48.8009],[-123.5889,48.8086],[-123.5625,48.799],[-123.5653,48.7877],[-123.558,48.7811],[-123.5661,48.7803],[-123.5806,48.7682],[-123.5698,48.7428],[-123.5804,48.7535],[-123.5863,48.7529],[-123.5979,48.7685],[-123.6005,48.7611],[-123.5966,48.7579],[-123.6012,48.7559],[-123.6249,48.7665],[-123.6292,48.7614],[-123.644,48.7605],[-123.6452,48.7596],[-123.6378,48.7593],[-123.6331,48.7605],[-123.6394,48.7558],[-123.6242,48.7484],[-123.636,48.7513],[-123.6384,48.7527],[-123.6398,48.7471],[-123.645,48.7464],[-123.586,48.7337],[-123.5552,48.7159],[-123.5552,48.705],[-123.5349,48.6939],[-123.5339,48.6599],[-123.5401,48.6543],[-123.5542,48.6593],[-123.5595,48.6556],[-123.5571,48.655],[-123.5547,48.6562],[-123.5505,48.6462],[-123.5289,48.6318],[-123.5185,48.6149],[-123.5233,48.5983],[-123.5147,48.5676],[-123.5209,48.5608],[-123.5291,48.5621],[-123.5544,48.5538],[-123.5587,48.5435],[-123.5554,48.536],[-123.5794,48.536],[-123.5817,48.5257],[-123.5874,48.5257],[-123.5873,48.522],[-123.609,48.5221],[-123.609,48.5293],[-123.6279,48.5329],[-123.628,48.5475],[-123.6346,48.5475],[-123.6346,48.5627],[-123.6455,48.5627],[-123.64,48.5809],[-123.6481,48.5809],[-123.6481,48.5972],[-123.6586,48.6025],[-123.6585,48.6089],[-123.6672,48.6074],[-123.6617,48.6074],[-123.6582,48.5921],[-123.6692,48.5919],[-123.6691,48.603],[-123.689,48.603],[-123.6889,48.622],[-123.6944,48.622],[-123.6944,48.6166],[-123.7026,48.6166],[-123.7026,48.613],[-123.7163,48.613],[-123.7162,48.6193],[-123.7231,48.6193],[-123.723,48.6228],[-123.7462,48.6229],[-123.7444,48.6056],[-123.7657,48.6046],[-123.7713,48.601],[-123.7713,48.5944],[-123.7895,48.5941],[-123.784,48.5817],[-123.7786,48.5817],[-123.7786,48.5744],[-123.8201,48.5744],[-123.8201,48.5878],[-123.8008,48.5878],[-123.8008,48.5936],[-123.8094,48.599],[-123.8312,48.599],[-123.8313,48.6053],[-123.8539,48.6027],[-123.854,48.6389],[-123.8987,48.6364],[-123.9077,48.6449],[-123.9077,48.6519],[-123.9165,48.6497],[-123.9181,48.6424],[-123.9327,48.6383],[-123.9476,48.6383],[-123.9476,48.6457],[-124.0152,48.6455],[-124.0152,48.6512],[-124.1124,48.6513],[-124.1127,48.6398],[-124.1406,48.6397],[-124.1406,48.6433],[-124.1514,48.6433],[-124.1514,48.6469],[-124.1678,48.6506],[-124.1678,48.6542],[-124.1979,48.6542],[-124.2808,48.7228],[-124.2797,48.6818],[-124.3562,48.6809],[-124.3566,48.6953],[-124.3785,48.6951],[-124.3778,48.6661],[-124.4105,48.6658],[-124.4109,48.6356],[-124.4162,48.6356],[-124.4175,48.6258],[-124.4455,48.6269],[-124.4454,48.635],[-124.4891,48.635],[-124.4892,48.5926],[-124.4994,48.5926],[-124.5036,48.5441],[-124.5503,48.555],[-124.5497,48.5586],[-124.5546,48.5561],[-124.6038,48.5641],[-124.6171,48.568],[-124.6163,48.5711],[-124.6233,48.5685],[-124.6442,48.5731],[-124.6563,48.5796],[-124.6526,48.5825],[-124.6567,48.5868],[-124.6528,48.5885],[-124.6529,48.5896],[-124.66,48.5932],[-124.6535,48.5891],[-124.6573,48.5868],[-124.6532,48.582],[-124.6585,48.5795],[-124.7147,48.5935],[-124.7253,48.5986],[-124.735,48.6108],[-124.7515,48.6109],[-124.7622,48.6174],[-124.7659,48.627],[-124.7826,48.6379],[-124.7947,48.64],[-124.8155,48.662],[-124.8111,48.6634],[-124.8301,48.6595],[-124.851,48.6711],[-124.8594,48.6692],[-124.8709,48.6763],[-124.9112,48.6809],[-124.951,48.6997],[-125.0063,48.7067],[-125.0261,48.7153],[-125.0679,48.7228],[-125.0997,48.7211],[-125.1169,48.7315],[-125.1326,48.7573],[-125.1258,48.7597],[-125.133,48.7644],[-125.1333,48.7731],[-125.1147,48.7909],[-125.1262,48.7981],[-125.1156,48.8043],[-125.1157,48.8066],[-125.1107,48.806],[-125.1055,48.8096],[-125.1069,48.8095],[-125.1079,48.809],[-125.1109,48.8062],[-125.1127,48.8074],[-125.1161,48.8066],[-125.1165,48.8056],[-125.116,48.8044],[-125.1172,48.805],[-125.1203,48.8045],[-125.1427,48.7873],[-125.1416,48.7823],[-125.1559,48.7751],[-125.1551,48.7702],[-125.1659,48.7775],[-125.1648,48.783],[-125.1755,48.7876],[-125.199,48.7803],[-125.2015,48.7859],[-125.2126,48.7814],[-125.2115,48.7874],[-125.2153,48.7903],[-125.2036,48.7899],[-125.2061,48.7911],[-125.2119,48.7917],[-125.2115,48.7951],[-125.1821,48.8014],[-125.1802,48.8057],[-125.1859,48.8088],[-125.1638,48.8174],[-125.1612,48.8244],[-125.1408,48.8394],[-125.1414,48.8248],[-125.1632,48.8142],[-125.1465,48.8155],[-125.1351,48.8226],[-125.135,48.8364],[-125.1285,48.8286],[-125.1127,48.829],[-125.1185,48.8309],[-125.1095,48.8328],[-125.1062,48.8377],[-125.1143,48.8386],[-125.123,48.8302],[-125.1344,48.8398],[-125.1286,48.8479],[-125.113,48.8493],[-125.1083,48.8573],[-125.0977,48.8613],[-125.1012,48.8621],[-125.1057,48.8589],[-125.107,48.8637],[-125.0887,48.8777],[-125.0686,48.8855],[-125.0496,48.8838],[-125.0529,48.8773],[-125.0474,48.8772],[-125.0479,48.8841],[-125.0327,48.8835],[-125.0107,48.8993],[-125.0109,48.9072],[-125.0037,48.9126],[-125.0058,48.9193],[-125.0152,48.9179],[-125.0121,48.9191],[-125.015,48.9225],[-125.02,48.9205],[-125.0249,48.9265],[-125.021,48.9293],[-125.0325,48.9334],[-125.018,48.9382],[-125.0187,48.9437],[-125.0024,48.9474],[-125.0055,48.9456],[-124.9985,48.9397],[-124.9818,48.9359],[-124.9871,48.9507],[-124.976,48.9527],[-124.989,48.9568],[-124.9801,48.9599],[-124.9809,48.9648],[-124.9467,48.9771],[-124.9053,48.9734],[-124.8951,48.9783],[-124.8938,48.9865],[-124.8819,48.9953],[-124.859,49.0041],[-124.8532,49.0247],[-124.8375,49.0431],[-124.8408,49.0591],[-124.8354,49.0707],[-124.8139,49.0954],[-124.8199,49.1002],[-124.8119,49.1006],[-124.8149,49.1125],[-124.7925,49.1427],[-124.7874,49.1421],[-124.7974,49.1534],[-124.7905,49.1528],[-124.7958,49.1548],[-124.7924,49.1596],[-124.8084,49.1698],[-124.8165,49.1841],[-124.8105,49.2061],[-124.8172,49.216],[-124.8123,49.2228],[-124.8164,49.2351],[-124.8121,49.2358],[-124.8155,49.2395],[-124.8094,49.2445],[-124.8256,49.245],[-124.8279,49.2487],[-124.8371,49.2443],[-124.8346,49.2483],[-124.8378,49.2492],[-124.8253,49.2538],[-124.8392,49.2516],[-124.8393,49.2336],[-124.8282,49.2156],[-124.8233,49.1896],[-124.8325,49.1763],[-124.8283,49.1678],[-124.8085,49.1554],[-124.8165,49.1208],[-124.8301,49.1147],[-124.825,49.1081],[-124.8375,49.1017],[-124.8314,49.0879],[-124.8558,49.0758],[-124.8555,49.0699],[-124.886,49.064],[-124.863,49.0553],[-124.8658,49.0272],[-124.8724,49.0123],[-124.8931,49.0028],[-124.8954,48.9953],[-124.9115,48.9849],[-124.9746,48.9865],[-124.9845,48.9805],[-124.9845,48.9864],[-124.9759,48.9877],[-125.0172,49.0119],[-125.0338,49.0163],[-125.0242,49.0238],[-125.0283,49.0277],[-125.0349,49.0189],[-125.0426,49.0207],[-125.0515,49.0139],[-125.0128,48.9998],[-124.9935,48.9774],[-125.002,48.9661],[-125.0233,48.964],[-125.0297,48.955],[-125.0309,48.9605],[-125.0171,48.9737],[-125.0241,48.9796],[-125.0109,48.9798],[-125.0211,48.9876],[-125.0362,48.9877],[-125.0253,48.9945],[-125.0436,48.9899],[-125.0465,48.9988],[-125.0524,48.9976],[-125.0953,48.9729],[-125.1271,48.9796],[-125.1254,48.9887],[-125.1327,48.9917],[-125.1316,48.9967],[-125.1455,49.0023],[-125.1462,48.9974],[-125.1524,49.0002],[-125.1428,49.0057],[-125.1441,49.0107],[-125.1604,49.0031],[-125.1545,48.9974],[-125.1591,48.9963],[-125.1624,48.985],[-125.1701,48.99],[-125.1856,48.9903],[-125.1818,48.9993],[-125.1498,49.0197],[-125.1513,49.0267],[-125.1371,49.0399],[-125.144,49.0438],[-125.1352,49.0459],[-125.1529,49.0748],[-125.2006,49.0978],[-125.2013,49.0919],[-125.1737,49.0822],[-125.1455,49.0532],[-125.1643,49.0508],[-125.1747,49.0574],[-125.1559,49.0362],[-125.1571,49.0271],[-125.165,49.0163],[-125.1763,49.0192],[-125.1825,49.0082],[-125.186,49.0114],[-125.1934,49.007],[-125.1946,48.9837],[-125.1838,48.979],[-125.1926,48.9765],[-125.2022,48.9626],[-125.219,48.9577],[-125.2161,48.9556],[-125.2217,48.9511],[-125.2418,48.9441],[-125.2498,48.9486],[-125.2489,48.9549],[-125.2676,48.9578],[-125.2765,48.9682],[-125.3097,48.9658],[-125.3235,48.9693],[-125.3003,48.9763],[-125.287,48.9742],[-125.2941,48.9801],[-125.2917,48.988],[-125.2965,48.9926],[-125.289,49.0066],[-125.2936,49.0077],[-125.2974,48.9999],[-125.3053,48.9993],[-125.3194,49.0037],[-125.3155,49.0059],[-125.3236,49.0123],[-125.2923,49.02],[-125.2785,49.016],[-125.2823,49.021],[-125.2768,49.0182],[-125.2787,49.0214],[-125.212,49.0334],[-125.199,49.0399],[-125.2901,49.0236],[-125.3012,49.0244],[-125.3201,49.0354],[-125.3308,49.0307],[-125.3498,49.0409],[-125.3636,49.0298],[-125.3576,49.0196],[-125.3618,49.0069],[-125.3719,49.0032],[-125.3689,48.9981],[-125.3938,48.9848],[-125.3912,48.9808],[-125.3954,48.9765],[-125.4417,48.9532],[-125.4468,48.9429],[-125.461,48.9413],[-125.4694,48.9267],[-125.4802,48.9213],[-125.4898,48.9206],[-125.5039,48.9274],[-125.5001,48.9211],[-125.5104,48.922],[-125.5112,48.9269],[-125.5199,48.9284],[-125.5142,48.9311],[-125.5281,48.9355],[-125.5457,48.9529],[-125.5577,48.958],[-125.5626,48.9666],[-125.5675,48.966],[-125.5744,48.978],[-125.5815,48.9774],[-125.5805,48.9738],[-125.5865,48.9759],[-125.5834,48.9711],[-125.5903,48.9636],[-125.5658,48.9535],[-125.5764,48.9512],[-125.573,48.9477],[-125.5558,48.9497],[-125.5519,48.9474],[-125.5555,48.9452],[-125.5492,48.9467],[-125.529,48.9326],[-125.5278,48.9283],[-125.5378,48.9329],[-125.5358,48.9279],[-125.5256,48.9262],[-125.5286,48.9222],[-125.5419,48.9208],[-125.5411,48.9346],[-125.5514,48.9307],[-125.5525,48.9371],[-125.5694,48.9382],[-125.5766,48.9466],[-125.5847,48.9472],[-125.589,48.9566],[-125.6041,48.9583],[-125.6011,48.9617],[-125.6081,48.9624],[-125.6034,48.9635],[-125.6075,48.971],[-125.6176,48.9743],[-125.6111,48.9847],[-125.6356,49.001],[-125.6539,49.0034],[-125.6579,48.9974],[-125.6689,48.9954],[-125.6803,49.0086],[-125.6755,49.0092],[-125.6744,49.0186],[-125.6953,49.0383],[-125.6868,49.0328],[-125.6974,49.0406],[-125.7228,49.0517],[-125.7397,49.0643],[-125.7696,49.0727],[-125.7825,49.071],[-125.7874,49.0636],[-125.8104,49.0699],[-125.8215,49.0629],[-125.8313,49.0718],[-125.8588,49.0778],[-125.8628,49.0832],[-125.8683,49.0822],[-125.8673,49.0866],[-125.8822,49.089],[-125.8895,49.0949],[-125.8739,49.0964],[-125.8733,49.1057],[-125.8922,49.113],[-125.8965,49.1225],[-125.9054,49.1236],[-125.9022,49.1312],[-125.915,49.1392],[-125.9155,49.1476],[-125.9104,49.1498],[-125.913,49.1536],[-125.8899,49.1505],[-125.8896,49.1342],[-125.8836,49.1272],[-125.8877,49.1231],[-125.8791,49.1132],[-125.8739,49.1125],[-125.8674,49.1146],[-125.8754,49.1209],[-125.8712,49.1234],[-125.8539,49.1236],[-125.8497,49.1196],[-125.8624,49.1138],[-125.8621,49.1069],[-125.853,49.1017],[-125.859,49.102],[-125.8568,49.0988],[-125.8447,49.0944],[-125.8469,49.0967],[-125.8509,49.0982],[-125.8473,49.1015],[-125.8575,49.1068],[-125.8577,49.1132],[-125.8488,49.11],[-125.8488,49.1141],[-125.8424,49.1145],[-125.8331,49.1026],[-125.8379,49.0976],[-125.8254,49.1026],[-125.8232,49.0984],[-125.8162,49.1027],[-125.8345,49.1143],[-125.8355,49.1221],[-125.8184,49.1193],[-125.8074,49.12],[-125.7812,49.1064],[-125.7829,49.1001],[-125.7753,49.0989],[-125.7784,49.0939],[-125.7705,49.1015],[-125.7647,49.0985],[-125.7669,49.0955],[-125.7633,49.0934],[-125.7666,49.0888],[-125.7619,49.0944],[-125.766,49.096],[-125.7623,49.0987],[-125.7578,49.0949],[-125.76,49.0879],[-125.7571,49.0893],[-125.7563,49.0933],[-125.7465,49.0907],[-125.7491,49.0863],[-125.7421,49.0833],[-125.7528,49.0742],[-125.7434,49.0772],[-125.7443,49.072],[-125.7382,49.0785],[-125.7331,49.0733],[-125.7315,49.0807],[-125.7396,49.0817],[-125.7301,49.0884],[-125.7254,49.0862],[-125.7265,49.0949],[-125.7576,49.1091],[-125.7215,49.1111],[-125.7186,49.1144],[-125.7228,49.1233],[-125.6988,49.13],[-125.6849,49.1408],[-125.6677,49.1365],[-125.6695,49.1416],[-125.664,49.1452],[-125.6755,49.1452],[-125.6802,49.1542],[-125.6743,49.1551],[-125.669,49.1495],[-125.6497,49.1543],[-125.6402,49.1641],[-125.6368,49.1815],[-125.6241,49.1928],[-125.64,49.1895],[-125.6413,49.1936],[-125.632,49.2004],[-125.6001,49.2055],[-125.6026,49.211],[-125.5984,49.2139],[-125.5956,49.2335],[-125.6028,49.2306],[-125.6013,49.2255],[-125.609,49.2192],[-125.6093,49.2119],[-125.62,49.2168],[-125.6234,49.212],[-125.6567,49.2006],[-125.6547,49.1749],[-125.6572,49.1715],[-125.6604,49.1759],[-125.6644,49.1685],[-125.6729,49.1706],[-125.6675,49.1864],[-125.6729,49.1897],[-125.6675,49.1992],[-125.6703,49.2032],[-125.6646,49.2031],[-125.6676,49.2127],[-125.6826,49.2015],[-125.6775,49.1941],[-125.6814,49.1919],[-125.6847,49.1963],[-125.688,49.1808],[-125.6931,49.1822],[-125.7011,49.1736],[-125.7141,49.1766],[-125.7031,49.1684],[-125.7144,49.166],[-125.716,49.1551],[-125.7246,49.1443],[-125.7347,49.1449],[-125.7311,49.1562],[-125.7396,49.1599],[-125.7441,49.1711],[-125.7489,49.1698],[-125.7416,49.1635],[-125.743,49.1497],[-125.7513,49.1448],[-125.7583,49.149],[-125.7698,49.1458],[-125.7612,49.1313],[-125.7784,49.1318],[-125.7906,49.1403],[-125.7927,49.1458],[-125.7837,49.1441],[-125.7825,49.1519],[-125.7703,49.1474],[-125.7673,49.1529],[-125.7723,49.1567],[-125.756,49.173],[-125.7593,49.1769],[-125.7462,49.1805],[-125.7458,49.1861],[-125.7516,49.188],[-125.7535,49.2083],[-125.7492,49.2119],[-125.7542,49.2231],[-125.7501,49.2331],[-125.7253,49.2584],[-125.7337,49.2626],[-125.7473,49.2589],[-125.7583,49.2485],[-125.7788,49.2401],[-125.7996,49.2397],[-125.8121,49.2456],[-125.814,49.2536],[-125.8026,49.295],[-125.7919,49.3099],[-125.7928,49.3284],[-125.8017,49.3346],[-125.7878,49.3442],[-125.7854,49.3511],[-125.7725,49.3557],[-125.771,49.36],[-125.7774,49.365],[-125.7912,49.3568],[-125.7967,49.346],[-125.8069,49.3419],[-125.8119,49.3242],[-125.8163,49.3229],[-125.8147,49.314],[-125.821,49.2984],[-125.829,49.299],[-125.8324,49.29],[-125.8378,49.2921],[-125.8344,49.2614],[-125.8391,49.2637],[-125.856,49.2549],[-125.8681,49.2572],[-125.8594,49.2592],[-125.8627,49.2633],[-125.8536,49.2628],[-125.8626,49.2667],[-125.8621,49.2725],[-125.8424,49.2777],[-125.8601,49.2784],[-125.866,49.2729],[-125.8834,49.2834],[-125.8898,49.2775],[-125.9127,49.2796],[-125.9199,49.2772],[-125.9139,49.2671],[-125.9445,49.2508],[-125.9364,49.2449],[-125.9544,49.2407],[-125.9734,49.2269],[-126.0014,49.2425],[-126.0131,49.2433],[-126.0091,49.2447],[-126.0125,49.2545],[-126.0241,49.2622],[-126.0324,49.2846],[-126.0212,49.2862],[-126.0161,49.2796],[-126.0075,49.2809],[-126.0085,49.2866],[-126.0026,49.2831],[-126.0068,49.2901],[-126.0039,49.2923],[-126.0186,49.2955],[-126.0172,49.3041],[-126.0118,49.3055],[-125.9763,49.2935],[-125.9666,49.2941],[-125.9714,49.3014],[-125.9669,49.3026],[-125.9481,49.2989],[-125.9488,49.3084],[-125.9597,49.3109],[-125.9486,49.3168],[-125.953,49.334],[-125.9379,49.3473],[-125.9314,49.3636],[-125.934,49.3735],[-125.9236,49.3795],[-125.926,49.3843],[-125.9319,49.3792],[-125.9352,49.3835],[-125.9306,49.3919],[-125.9043,49.398],[-125.8959,49.4109],[-125.902,49.4206],[-125.9131,49.4217],[-125.917,49.4158],[-125.9134,49.4094],[-125.919,49.4027],[-125.9455,49.3981],[-125.9478,49.3876],[-125.9545,49.3843],[-125.9526,49.3763],[-125.9595,49.3722],[-125.9565,49.3626],[-125.9732,49.3463],[-125.9831,49.3441],[-125.9858,49.3579],[-125.9905,49.3554],[-125.9901,49.3295],[-126.0057,49.3192],[-126.0338,49.3245],[-126.0398,49.3324],[-126.0444,49.3303],[-126.0434,49.3357],[-126.0587,49.3403],[-126.062,49.3503],[-126.0579,49.3697],[-126.0653,49.3776],[-126.0637,49.3831],[-126.0741,49.3947],[-126.0828,49.3947],[-126.0583,49.4076],[-126.0599,49.4137],[-126.067,49.4151],[-126.0634,49.419],[-126.0684,49.4198],[-126.0382,49.4269],[-126.0335,49.4325],[-126.0442,49.4447],[-126.0287,49.4561],[-126.0351,49.4567],[-126.0522,49.4429],[-126.0572,49.4316],[-126.0712,49.4305],[-126.0781,49.4382],[-126.0939,49.4308],[-126.1221,49.4299],[-126.1225,49.4236],[-126.1444,49.4105],[-126.1635,49.4098],[-126.173,49.4033],[-126.1486,49.4009],[-126.192,49.398],[-126.2143,49.4016],[-126.2258,49.4042],[-126.238,49.4188],[-126.2311,49.4277],[-126.2158,49.4279],[-126.2332,49.433],[-126.215,49.4471],[-126.2213,49.4481],[-126.2318,49.4395],[-126.2371,49.4432],[-126.2317,49.4528],[-126.2405,49.4672],[-126.2289,49.4743],[-126.2473,49.4699],[-126.2412,49.4508],[-126.2462,49.443],[-126.2442,49.4355],[-126.2503,49.4352],[-126.2598,49.4435],[-126.2713,49.4763],[-126.2949,49.5149],[-126.3013,49.5153],[-126.2818,49.4751],[-126.2773,49.4544],[-126.2828,49.4504],[-126.2912,49.452],[-126.3043,49.4277],[-126.3222,49.42],[-126.3174,49.4184],[-126.3032,49.4219],[-126.2997,49.4282],[-126.2919,49.4291],[-126.2898,49.4381],[-126.271,49.4453],[-126.2609,49.4372],[-126.2509,49.4224],[-126.2538,49.4056],[-126.2591,49.4066],[-126.2622,49.394],[-126.2586,49.3896],[-126.2629,49.3875],[-126.2586,49.3837],[-126.2608,49.3717],[-126.2529,49.3609],[-126.2601,49.347],[-126.2591,49.3537],[-126.2663,49.359],[-126.2622,49.3678],[-126.2669,49.3673],[-126.2668,49.3794],[-126.2743,49.375],[-126.2698,49.3603],[-126.2866,49.3527],[-126.2922,49.3627],[-126.2988,49.3615],[-126.3056,49.3704],[-126.3319,49.3792],[-126.3507,49.4016],[-126.4081,49.4135],[-126.4033,49.4175],[-126.4037,49.4281],[-126.4175,49.4361],[-126.4184,49.4421],[-126.4323,49.4479],[-126.4259,49.4549],[-126.4152,49.4569],[-126.4161,49.4646],[-126.4038,49.4708],[-126.4045,49.475],[-126.4114,49.4717],[-126.4261,49.4766],[-126.4484,49.4692],[-126.464,49.4475],[-126.4617,49.4446],[-126.4772,49.4456],[-126.4875,49.4328],[-126.489,49.4208],[-126.4711,49.4165],[-126.4713,49.4108],[-126.4622,49.4066],[-126.4687,49.3973],[-126.4637,49.3921],[-126.4754,49.3831],[-126.4749,49.3778],[-126.4956,49.3817],[-126.5395,49.3799],[-126.545,49.3825],[-126.5425,49.3914],[-126.5775,49.4156],[-126.5638,49.4256],[-126.5649,49.4345],[-126.5576,49.4435],[-126.5466,49.4451],[-126.5743,49.4643],[-126.566,49.4681],[-126.5712,49.475],[-126.5613,49.4831],[-126.5579,49.5096],[-126.5501,49.5114],[-126.5522,49.5211],[-126.5706,49.5345],[-126.5603,49.5365],[-126.5589,49.5415],[-126.5021,49.5415],[-126.5021,49.5519],[-126.4623,49.5787],[-126.4251,49.5776],[-126.4056,49.5717],[-126.4023,49.5635],[-126.3864,49.5619],[-126.3825,49.5708],[-126.3679,49.5716],[-126.3572,49.5805],[-126.3572,49.5964],[-126.3365,49.5991],[-126.3378,49.6066],[-126.3343,49.6077],[-126.3204,49.6046],[-126.3137,49.5944],[-126.285,49.5792],[-126.2836,49.573],[-126.2701,49.5717],[-126.2619,49.5811],[-126.2574,49.575],[-126.2614,49.5699],[-126.2578,49.5612],[-126.25,49.5554],[-126.2314,49.5581],[-126.2085,49.5524],[-126.1909,49.5561],[-126.1849,49.5677],[-126.1586,49.572],[-126.1502,49.5791],[-126.1445,49.5778],[-126.147,49.5734],[-126.1433,49.5707],[-126.1207,49.5655],[-126.1177,49.5716],[-126.0955,49.5718],[-126.0856,49.5585],[-126.0666,49.5512],[-126.0485,49.5594],[-126.0464,49.5679],[-126.0359,49.57],[-126.0293,49.5771],[-126.0051,49.5718],[-126.0001,49.5736],[-125.9971,49.5829],[-125.9851,49.5778],[-125.9701,49.5852],[-125.9588,49.5841],[-125.9437,49.5694],[-125.9172,49.5652],[-125.9094,49.5572],[-125.8942,49.5555],[-125.8987,49.5487],[-125.906,49.5492],[-125.9018,49.5289],[-125.8708,49.5271],[-125.8655,49.5347],[-125.8481,49.5377],[-125.8425,49.5456],[-125.8162,49.5395],[-125.7986,49.5445],[-125.7795,49.5366],[-125.7802,49.5321],[-125.7696,49.5258],[-125.7707,49.5183],[-125.7654,49.514],[-125.7481,49.5189],[-125.7316,49.5132],[-125.7018,49.5114],[-125.6937,49.5163],[-125.6798,49.5113],[-125.6452,49.5175],[-125.6352,49.5142],[-125.6361,49.4983],[-125.6298,49.4938],[-125.5956,49.508],[-125.5671,49.4973],[-125.5635,49.4892],[-125.5005,49.478],[-125.4925,49.4837],[-125.4899,49.4986],[-125.493,49.5036],[-125.4827,49.5139],[-125.4863,49.5192],[-125.4729,49.5281],[-125.4475,49.5339],[-125.4378,49.5514],[-125.428,49.5549],[-125.4083,49.5424],[-125.3979,49.5488],[-125.3866,49.5388],[-125.3759,49.5409],[-125.3705,49.5478],[-125.3885,49.5606],[-125.3914,49.5718],[-125.4116,49.5836],[-125.4028,49.5889],[-125.4077,49.5945],[-125.4028,49.6027],[-125.3833,49.6084]]]]}},{"type":"Feature","properties":{"hsda_code":43,"hsda":"North Vancouver Island","health_authority":"Vancouver Island","area_km2":40985},"geometry":{"type":"MultiPolygon","coordinates":[[[[-124.8409,49.6159],[-124.8571,49.618],[-124.852,49.6217],[-124.8409,49.6159]]],[[[-127.3801,50.028],[-127.3689,50.0275],[-127.3698,50.0234],[-127.3804,50.024],[-127.3801,50.028]]],[[[-126.9868,49.8603],[-126.9811,49.8577],[-126.9848,49.8531],[-126.9901,49.8568],[-126.9868,49.8603]]],[[[-126.6926,50.7221],[-126.6985,50.717],[-126.7067,50.7184],[-126.6973,50.7219],[-126.6926,50.7221]]],[[[-126.5015,50.5632],[-126.5048,50.5599],[-126.512,50.5611],[-126.5069,50.5657],[-126.5015,50.5632]]],[[[-126.7939,50.5847],[-126.8052,50.5869],[-126.7975,50.5923],[-126.7939,50.5847]]],[[[-125.0448,50.2695],[-125.0508,50.2705],[-125.053,50.277],[-125.049,50.2769],[-125.0448,50.2695]]],[[[-127.8172,50.3068],[-127.8189,50.3006],[-127.8283,50.303],[-127.8172,50.3068]]],[[[-126.5388,49.6254],[-126.5484,49.6185],[-126.5544,49.6178],[-126.5429,49.6255],[-126.5388,49.6254]]],[[[-126.6198,50.6774],[-126.623,50.6727],[-126.632,50.6744],[-126.6297,50.6775],[-126.6198,50.6774]]],[[[-127.5606,50.0952],[-127.5505,50.0912],[-127.5495,50.0884],[-127.5584,50.0894],[-127.5606,50.0952]]],[[[-126.5054,50.5848],[-126.5122,50.5819],[-126.5205,50.5852],[-126.5124,50.587],[-126.5054,50.5848]]],[[[-124.8065,50.2099],[-124.8122,50.2112],[-124.8132,50.2147],[-124.806,50.2167],[-124.8065,50.2099]]],[[[-127.3778,50.0063],[-127.3842,50.0035],[-127.3918,50.0084],[-127.3828,50.0099],[-127.3778,50.0063]]],[[[-126.4862,50.7886],[-126.4907,50.7847],[-126.503,50.7862],[-126.4935,50.789],[-126.4862,50.7886]]],[[[-126.5719,49.6645],[-126.5842,49.6634],[-126.5731,49.6694],[-126.5719,49.6645]]],[[[-127.526,51.0043],[-127.5248,50.9971],[-127.5333,51.0006],[-127.5324,51.004],[-127.526,51.0043]]],[[[-125.1691,50.1699],[-125.164,50.1678],[-125.1656,50.1604],[-125.1714,50.164],[-125.1691,50.1699]]],[[[-126.6146,50.6078],[-126.6071,50.6063],[-126.6047,50.6042],[-126.6168,50.6031],[-126.6146,50.6078]]],[[[-127.522,50.9024],[-127.5293,50.8984],[-127.5336,50.9024],[-127.5326,50.905],[-127.522,50.9024]]],[[[-126.8399,50.7071],[-126.8406,50.7015],[-126.8522,50.706],[-126.8497,50.7076],[-126.8399,50.7071]]],[[[-127.5258,51.0158],[-127.5266,51.0104],[-127.5358,51.0077],[-127.5328,51.0143],[-127.5258,51.0158]]],[[[-126.8405,50.5847],[-126.8431,50.5821],[-126.8545,50.5851],[-126.8503,50.5875],[-126.8405,50.5847]]],[[[-127.0202,50.6044],[-127.0176,50.5994],[-127.028,50.6011],[-127.0283,50.6033],[-127.0202,50.6044]]],[[[-127.5528,50.1038],[-127.5508,50.0955],[-127.553,50.0998],[-127.559,50.0952],[-127.564,50.0974],[-127.5551,50.1033],[-127.5528,50.1038]]],[[[-126.9239,49.8493],[-126.9256,49.8443],[-126.9416,49.8454],[-126.9356,49.8491],[-126.9239,49.8493]]],[[[-125.1797,50.4042],[-125.1968,50.4026],[-125.1948,50.4077],[-125.1797,50.4042]]],[[[-125.0011,49.954],[-124.9949,49.9492],[-125.0125,49.9499],[-125.0109,49.9516],[-125.0011,49.954]]],[[[-124.8198,50.1107],[-124.8118,50.1094],[-124.8214,50.1101],[-124.8288,50.1048],[-124.8332,50.1082],[-124.8297,50.1102],[-124.8198,50.1107]]],[[[-126.3281,50.6019],[-126.3359,50.5985],[-126.344,50.6015],[-126.3409,50.6043],[-126.3281,50.6019]]],[[[-128.0404,50.4855],[-128.0375,50.4805],[-128.0399,50.4761],[-128.047,50.4817],[-128.0404,50.4855]]],[[[-127.7699,50.2353],[-127.7728,50.2315],[-127.7837,50.234],[-127.7834,50.2363],[-127.7699,50.2353]]],[[[-127.4757,50.8925],[-127.4738,50.8871],[-127.4862,50.8906],[-127.4884,50.8926],[-127.4757,50.8925]]],[[[-127.6074,51.0837],[-127.6193,51.0795],[-127.6255,51.0859],[-127.6074,51.0837]]],[[[-125.0653,50.1692],[-125.0576,50.1637],[-125.0581,50.1587],[-125.0698,50.1664],[-125.0653,50.1692]]],[[[-126.5841,49.6414],[-126.5793,49.635],[-126.5912,49.6356],[-126.5902,49.6407],[-126.5841,49.6414]]],[[[-127.3983,50.0145],[-127.3959,50.009],[-127.4004,50.0073],[-127.4098,50.0107],[-127.405,50.0148],[-127.3983,50.0145]]],[[[-126.7449,50.7756],[-126.7604,50.7681],[-126.765,50.769],[-126.7531,50.7763],[-126.7449,50.7756]]],[[[-127.4855,50.7689],[-127.5085,50.77],[-127.4989,50.7727],[-127.4855,50.7689]]],[[[-126.6728,50.5942],[-126.6859,50.591],[-126.6922,50.5966],[-126.6728,50.5942]]],[[[-127.3739,50.7131],[-127.3795,50.7099],[-127.3871,50.715],[-127.3781,50.7189],[-127.3739,50.7131]]],[[[-126.4783,50.8004],[-126.4914,50.7941],[-126.4973,50.8],[-126.4783,50.8004]]],[[[-126.2382,50.6563],[-126.2433,50.6539],[-126.266,50.6499],[-126.2437,50.66],[-126.2382,50.6563]]],[[[-125.0114,50.1787],[-125.0171,50.182],[-125.0178,50.1972],[-125.0114,50.1787]]],[[[-126.6731,50.6559],[-126.681,50.6526],[-126.6949,50.6533],[-126.6879,50.6577],[-126.6731,50.6559]]],[[[-126.3983,50.6425],[-126.4281,50.6409],[-126.4191,50.6448],[-126.3983,50.6425]]],[[[-127.5114,50.8339],[-127.5059,50.8271],[-127.5167,50.8261],[-127.5181,50.8312],[-127.5114,50.8339]]],[[[-127.5509,50.8186],[-127.5439,50.8111],[-127.5595,50.8119],[-127.5546,50.8143],[-127.558,50.8171],[-127.5509,50.8186]]],[[[-126.5791,49.6298],[-126.5818,49.6201],[-126.589,49.6204],[-126.5904,49.6267],[-126.5791,49.6298]]],[[[-127.3851,50.7297],[-127.3965,50.7246],[-127.4059,50.7267],[-127.3979,50.7313],[-127.3851,50.7297]]],[[[-126.6442,50.8578],[-126.6442,50.8523],[-126.6592,50.8545],[-126.6442,50.8578]]],[[[-127.6247,51.0814],[-127.6464,51.0799],[-127.6349,51.086],[-127.6247,51.0814]]],[[[-126.4683,50.5632],[-126.4814,50.5611],[-126.4884,50.5669],[-126.4683,50.5632]]],[[[-126.5623,49.6254],[-126.579,49.6184],[-126.5729,49.6286],[-126.5623,49.6254]]],[[[-126.6785,50.7193],[-126.6709,50.7156],[-126.694,50.7138],[-126.6931,50.7161],[-126.6785,50.7193]]],[[[-127.2798,50.0466],[-127.2975,50.0392],[-127.3078,50.0409],[-127.3052,50.0426],[-127.2798,50.0466]]],[[[-126.8391,50.8894],[-126.8609,50.8883],[-126.8573,50.8921],[-126.8391,50.8894]]],[[[-127.2925,50.9035],[-127.2763,50.904],[-127.2706,50.9014],[-127.2959,50.8996],[-127.2925,50.9035]]],[[[-126.6057,50.6234],[-126.6034,50.6183],[-126.6249,50.6209],[-126.6057,50.6234]]],[[[-126.9472,50.828],[-126.9412,50.8182],[-126.9568,50.8204],[-126.9553,50.8264],[-126.9472,50.828]]],[[[-126.6785,50.5743],[-126.6632,50.5656],[-126.6685,50.5675],[-126.6776,50.5646],[-126.6827,50.5691],[-126.6785,50.5743]]],[[[-127.4739,50.8735],[-127.4855,50.8736],[-127.4976,50.8865],[-127.4739,50.8735]]],[[[-127.4155,50.0329],[-127.4101,50.0255],[-127.4244,50.0253],[-127.4263,50.0298],[-127.4193,50.0309],[-127.4227,50.0341],[-127.4155,50.0329]]],[[[-126.1992,50.5456],[-126.2093,50.5464],[-126.2117,50.5556],[-126.2064,50.558],[-126.2007,50.5542],[-126.1992,50.5456]]],[[[-129.0818,50.87],[-129.0712,50.8629],[-129.0735,50.8553],[-129.0778,50.861],[-129.0913,50.8583],[-129.0879,50.8686],[-129.0818,50.87]]],[[[-126.6917,50.7301],[-126.6861,50.7265],[-126.7167,50.7245],[-126.6917,50.7301]]],[[[-126.6964,50.65],[-126.6718,50.6409],[-126.6846,50.6391],[-126.6905,50.6467],[-126.6987,50.6471],[-126.6964,50.65]]],[[[-126.6199,50.7764],[-126.6267,50.7689],[-126.6435,50.7741],[-126.6382,50.777],[-126.6199,50.7764]]],[[[-125.0392,50.2678],[-125.024,50.2569],[-125.0297,50.2539],[-125.0365,50.257],[-125.0425,50.2641],[-125.0392,50.2678]]],[[[-126.9147,50.7864],[-126.9416,50.797],[-126.9457,50.8019],[-126.9147,50.7864]]],[[[-126.6552,50.6077],[-126.6497,50.6028],[-126.6538,50.5992],[-126.6719,50.5986],[-126.669,50.5997],[-126.67,50.6048],[-126.6552,50.6077]]],[[[-125.2351,50.0787],[-125.2264,50.0681],[-125.2346,50.0682],[-125.2481,50.0792],[-125.2448,50.0822],[-125.2351,50.0787]]],[[[-127.4171,50.01],[-127.4177,50.0053],[-127.4078,50.0049],[-127.4112,49.9989],[-127.4178,49.9993],[-127.4201,49.9916],[-127.4282,50.0048],[-127.4217,50.0112],[-127.4171,50.01]]],[[[-127.8006,50.9233],[-127.7928,50.919],[-127.7937,50.9153],[-127.7991,50.9102],[-127.8111,50.9104],[-127.8115,50.9167],[-127.8006,50.9233]]],[[[-126.9264,50.8399],[-126.932,50.8374],[-126.9203,50.8347],[-126.9299,50.8309],[-126.9482,50.837],[-126.9451,50.8417],[-126.9264,50.8399]]],[[[-126.6337,49.7432],[-126.6272,49.7309],[-126.6316,49.7243],[-126.6414,49.7403],[-126.6337,49.7432]]],[[[-127.543,50.8399],[-127.5194,50.8364],[-127.5205,50.8336],[-127.5358,50.8352],[-127.5413,50.8327],[-127.5565,50.8365],[-127.543,50.8399]]],[[[-125.8732,50.4048],[-125.8779,50.4038],[-125.8561,50.3945],[-125.8718,50.394],[-125.8932,50.4037],[-125.878,50.4065],[-125.8732,50.4048]]],[[[-126.876,50.5846],[-126.8546,50.5757],[-126.8848,50.5776],[-126.8863,50.5842],[-126.876,50.5846]]],[[[-126.5968,50.7753],[-126.5722,50.7695],[-126.5919,50.7648],[-126.5985,50.7672],[-126.5938,50.7713],[-126.6005,50.7692],[-126.5968,50.7753]]],[[[-127.1112,50.7765],[-127.085,50.7679],[-127.1038,50.7654],[-127.1169,50.774],[-127.1112,50.7765]]],[[[-125.0603,50.2784],[-125.0672,50.2777],[-125.0776,50.2957],[-125.0671,50.2937],[-125.0603,50.2784]]],[[[-127.5418,50.9104],[-127.5409,50.9143],[-127.5305,50.9087],[-127.5369,50.9048],[-127.5324,50.8979],[-127.5555,50.9142],[-127.5511,50.9141],[-127.5543,50.9204],[-127.5418,50.9104]]],[[[-127.4902,50.8878],[-127.4751,50.8851],[-127.4652,50.8767],[-127.4666,50.8733],[-127.4605,50.8747],[-127.4519,50.8667],[-127.4672,50.869],[-127.4902,50.8878]]],[[[-126.6252,50.7449],[-126.6186,50.7361],[-126.6215,50.7335],[-126.6577,50.7383],[-126.6431,50.7433],[-126.6252,50.7449]]],[[[-126.6181,50.7653],[-126.6014,50.7619],[-126.6216,50.7509],[-126.6307,50.7614],[-126.6181,50.7653]]],[[[-127.5297,50.1089],[-127.5226,50.1006],[-127.5277,50.1022],[-127.5339,50.0951],[-127.5312,50.0958],[-127.5296,50.0977],[-127.5253,50.0983],[-127.5216,50.094],[-127.5348,50.0894],[-127.5344,50.095],[-127.5462,50.0949],[-127.5436,50.1045],[-127.529,50.1039],[-127.5445,50.1059],[-127.5297,50.1089]]],[[[-127.5153,50.8988],[-127.5106,50.8928],[-127.5169,50.8906],[-127.5134,50.8828],[-127.5176,50.8782],[-127.5274,50.8839],[-127.5268,50.8881],[-127.5366,50.8909],[-127.5329,50.8932],[-127.5356,50.8962],[-127.5153,50.8988]]],[[[-127.5227,50.1167],[-127.5036,50.1123],[-127.4979,50.096],[-127.5141,50.0987],[-127.5189,50.1039],[-127.5093,50.1004],[-127.507,50.1061],[-127.5231,50.1076],[-127.5261,50.1137],[-127.5227,50.1167]]],[[[-127.0485,49.845],[-127.0328,49.8329],[-127.0553,49.8291],[-127.0682,49.8398],[-127.0644,49.8418],[-127.0684,49.8437],[-127.0485,49.845]]],[[[-126.8638,50.9137],[-126.8467,50.912],[-126.8441,50.9022],[-126.8566,50.8978],[-126.8762,50.9029],[-126.8771,50.9073],[-126.8653,50.9085],[-126.8638,50.9137]]],[[[-124.9395,50.0406],[-124.9163,50.0263],[-124.9191,50.0206],[-124.9245,50.0223],[-124.9298,50.0165],[-124.9372,50.0197],[-124.9414,50.0251],[-124.9356,50.0323],[-124.9513,50.0378],[-124.9395,50.0406]]],[[[-126.5898,50.8735],[-126.5678,50.8747],[-126.5696,50.8708],[-126.5595,50.8668],[-126.5666,50.8609],[-126.5741,50.8634],[-126.5817,50.8588],[-126.6062,50.87],[-126.5867,50.877],[-126.5898,50.8735]]],[[[-127.589,50.8508],[-127.5679,50.8439],[-127.5834,50.8423],[-127.5603,50.8379],[-127.5569,50.8316],[-127.5799,50.8287],[-127.5767,50.8321],[-127.595,50.8326],[-127.5964,50.8358],[-127.5906,50.8384],[-127.5991,50.8444],[-127.589,50.8508]]],[[[-126.6197,50.7331],[-126.6272,50.7243],[-126.6392,50.7221],[-126.6697,50.718],[-126.6761,50.7236],[-126.6644,50.7316],[-126.6481,50.728],[-126.6197,50.7331]]],[[[-126.9706,49.7544],[-126.9526,49.7466],[-126.9385,49.7493],[-126.9496,49.7416],[-126.9548,49.7248],[-126.9825,49.7487],[-126.9789,49.7492],[-126.974,49.7476],[-126.97,49.7494],[-126.9706,49.7544]]],[[[-126.3058,50.6204],[-126.3046,50.6126],[-126.3158,50.6055],[-126.3383,50.6192],[-126.339,50.6252],[-126.3309,50.6307],[-126.314,50.6272],[-126.3058,50.6204]]],[[[-126.396,49.6549],[-126.359,49.6405],[-126.3725,49.6382],[-126.4336,49.6485],[-126.396,49.6549]]],[[[-126.9209,50.5938],[-126.9071,50.5833],[-126.9062,50.5773],[-126.9221,50.5776],[-126.9365,50.5932],[-126.9515,50.5876],[-126.9586,50.5936],[-126.9487,50.6025],[-126.9209,50.5938]]],[[[-126.6316,50.6293],[-126.6376,50.6203],[-126.6445,50.62],[-126.6406,50.6181],[-126.6485,50.6173],[-126.6463,50.6112],[-126.6801,50.6099],[-126.6743,50.6164],[-126.6753,50.6221],[-126.6665,50.62],[-126.67,50.6242],[-126.6316,50.6293]]],[[[-127.2221,50.0882],[-127.1901,50.0793],[-127.2077,50.0801],[-127.2185,50.0696],[-127.2361,50.0667],[-127.2427,50.0817],[-127.2388,50.0863],[-127.2221,50.0882]]],[[[-126.6262,49.7219],[-126.6042,49.7002],[-126.6027,49.6883],[-126.597,49.6937],[-126.5874,49.6814],[-126.5989,49.6784],[-126.5996,49.6828],[-126.6121,49.6829],[-126.6301,49.7135],[-126.6262,49.7219]]],[[[-127.6307,50.5208],[-127.6058,50.501],[-127.6145,50.5069],[-127.6232,50.5088],[-127.6301,50.5042],[-127.6347,50.5095],[-127.6518,50.5132],[-127.6671,50.4994],[-127.6738,50.4994],[-127.6697,50.5116],[-127.6766,50.5148],[-127.6617,50.5221],[-127.6509,50.5152],[-127.6556,50.5231],[-127.6307,50.5208]]],[[[-126.6246,50.6531],[-126.6218,50.6477],[-126.6078,50.648],[-126.6152,50.6471],[-126.6151,50.6412],[-126.6467,50.6413],[-126.6693,50.6435],[-126.6836,50.6502],[-126.6729,50.6544],[-126.6246,50.6531]]],[[[-127.6452,50.8679],[-127.6314,50.8596],[-127.628,50.8601],[-127.6291,50.8667],[-127.6118,50.8608],[-127.6215,50.8596],[-127.6122,50.8588],[-127.6168,50.8534],[-127.6122,50.8298],[-127.6194,50.8269],[-127.629,50.8329],[-127.6379,50.8546],[-127.6473,50.8626],[-127.6452,50.8679]]],[[[-126.7321,50.6291],[-126.7206,50.6239],[-126.7166,50.6276],[-126.7114,50.6171],[-126.6919,50.6123],[-126.6921,50.6162],[-126.6803,50.615],[-126.687,50.6028],[-126.7069,50.6017],[-126.7342,50.6133],[-126.7401,50.6243],[-126.7321,50.6291]]],[[[-125.0442,50.0881],[-125.0281,50.065],[-125.0332,50.0581],[-125.0533,50.0502],[-125.0692,50.0588],[-125.075,50.0697],[-125.0658,50.081],[-125.0442,50.0881]]],[[[-126.5229,50.636],[-126.5054,50.6272],[-126.5531,50.6137],[-126.5801,50.6138],[-126.5754,50.6242],[-126.5799,50.6259],[-126.5745,50.6306],[-126.5229,50.636]]],[[[-128.7097,50.8356],[-128.668,50.8255],[-128.664,50.8214],[-128.6679,50.8145],[-128.6564,50.8067],[-128.6692,50.8029],[-128.6795,50.8057],[-128.688,50.7998],[-128.6947,50.8014],[-128.6918,50.8044],[-128.696,50.8087],[-128.7025,50.8062],[-128.7074,50.8113],[-128.7135,50.8102],[-128.7147,50.8254],[-128.7063,50.8313],[-128.7097,50.8356]]],[[[-126.1974,50.7128],[-126.2021,50.6857],[-126.1936,50.6682],[-126.2173,50.665],[-126.2269,50.6761],[-126.2254,50.6915],[-126.2339,50.6953],[-126.2181,50.7035],[-126.2176,50.7117],[-126.1974,50.7128]]],[[[-128.602,50.8171],[-128.5721,50.8055],[-128.571,50.7968],[-128.5918,50.7915],[-128.5984,50.7949],[-128.6073,50.7831],[-128.6187,50.782],[-128.6271,50.7854],[-128.6254,50.789],[-128.6325,50.7928],[-128.6343,50.8016],[-128.6409,50.8042],[-128.6264,50.8105],[-128.6059,50.8102],[-128.602,50.8171]]],[[[-126.8192,50.9479],[-126.8029,50.9346],[-126.7975,50.9378],[-126.7766,50.9311],[-126.8093,50.9202],[-126.8355,50.9255],[-126.8373,50.9191],[-126.8551,50.9205],[-126.8584,50.9288],[-126.8474,50.934],[-126.856,50.935],[-126.8595,50.9431],[-126.8192,50.9479]]],[[[-126.6119,50.7202],[-126.6231,50.7153],[-126.6066,50.7153],[-126.6188,50.7108],[-126.6392,50.7117],[-126.611,50.708],[-126.6246,50.693],[-126.6341,50.6943],[-126.6264,50.6893],[-126.6297,50.6855],[-126.6489,50.6797],[-126.6748,50.6891],[-126.6593,50.6944],[-126.6673,50.6935],[-126.6758,50.6989],[-126.6699,50.7028],[-126.6766,50.7045],[-126.6695,50.7069],[-126.6622,50.703],[-126.6598,50.7092],[-126.6452,50.7117],[-126.6534,50.714],[-126.6437,50.7185],[-126.6119,50.7202]]],[[[-126.6745,50.7687],[-126.6508,50.7617],[-126.6586,50.7569],[-126.6523,50.7559],[-126.6539,50.7527],[-126.6324,50.7606],[-126.6307,50.7517],[-126.6398,50.7468],[-126.6529,50.7475],[-126.6527,50.7435],[-126.6623,50.7395],[-126.6662,50.7424],[-126.6551,50.7463],[-126.6554,50.751],[-126.6758,50.7396],[-126.6948,50.743],[-126.6899,50.738],[-126.7198,50.7464],[-126.7133,50.7503],[-126.7203,50.7543],[-126.7167,50.7575],[-126.6745,50.7687]]],[[[-126.5201,50.766],[-126.51,50.762],[-126.5203,50.7491],[-126.5305,50.7484],[-126.539,50.7536],[-126.5779,50.7378],[-126.6218,50.7489],[-126.6007,50.7546],[-126.613,50.7536],[-126.5954,50.7631],[-126.5525,50.7606],[-126.5201,50.766]]],[[[-126.7523,50.5897],[-126.7536,50.5844],[-126.7331,50.5841],[-126.729,50.5775],[-126.7202,50.5758],[-126.7218,50.5821],[-126.7129,50.5768],[-126.7092,50.579],[-126.6934,50.5642],[-126.7034,50.5559],[-126.7198,50.5555],[-126.7675,50.562],[-126.7758,50.5647],[-126.7727,50.5656],[-126.7791,50.5697],[-126.7744,50.5719],[-126.7878,50.5716],[-126.7772,50.5761],[-126.7782,50.5847],[-126.7675,50.5887],[-126.7629,50.5767],[-126.7616,50.584],[-126.7544,50.5821],[-126.7573,50.5862],[-126.7523,50.5897]]],[[[-125.1212,50.4196],[-125.113,50.3993],[-125.0912,50.389],[-125.0844,50.381],[-125.1023,50.3748],[-125.1133,50.3643],[-125.1361,50.3614],[-125.1467,50.3677],[-125.1424,50.3724],[-125.1465,50.3781],[-125.146,50.385],[-125.1345,50.39],[-125.1347,50.3952],[-125.1476,50.3945],[-125.1496,50.398],[-125.1448,50.4001],[-125.15,50.4027],[-125.1408,50.4076],[-125.1396,50.419],[-125.1212,50.4196]]],[[[-124.9882,50.3258],[-124.9665,50.3121],[-124.9697,50.2997],[-124.9796,50.2877],[-125.0038,50.2737],[-125.028,50.2842],[-125.0335,50.2989],[-125.04,50.3004],[-125.0095,50.312],[-125.0036,50.3205],[-125.0058,50.3258],[-124.9882,50.3258]]],[[[-127.5372,51.0898],[-127.5137,51.0845],[-127.5216,51.0793],[-127.5177,51.0789],[-127.5257,51.0557],[-127.5521,51.0495],[-127.5577,51.0513],[-127.5519,51.0538],[-127.567,51.0556],[-127.5622,51.0481],[-127.5825,51.0461],[-127.6019,51.0556],[-127.5813,51.0662],[-127.5787,51.0611],[-127.5738,51.0624],[-127.5902,51.0766],[-127.596,51.075],[-127.5924,51.0711],[-127.6005,51.069],[-127.5884,51.0689],[-127.588,51.0716],[-127.5822,51.0665],[-127.6112,51.0646],[-127.6113,51.0661],[-127.6073,51.0682],[-127.611,51.0714],[-127.6008,51.077],[-127.6071,51.0768],[-127.5921,51.0836],[-127.5372,51.0898]]],[[[-126.518,49.6859],[-126.4957,49.6763],[-126.48,49.6622],[-126.4985,49.6591],[-126.484,49.6519],[-126.4933,49.6522],[-126.4989,49.6432],[-126.5104,49.6382],[-126.5131,49.6269],[-126.5228,49.6237],[-126.5149,49.622],[-126.5247,49.6067],[-126.5413,49.6024],[-126.5495,49.6055],[-126.538,49.6112],[-126.5443,49.6121],[-126.5234,49.6284],[-126.5208,49.6404],[-126.5132,49.6455],[-126.5107,49.643],[-126.5107,49.6488],[-126.5224,49.6512],[-126.5183,49.6454],[-126.5348,49.6272],[-126.5431,49.6272],[-126.534,49.6355],[-126.5509,49.6312],[-126.5582,49.6386],[-126.5675,49.6337],[-126.567,49.6379],[-126.5484,49.6527],[-126.555,49.6537],[-126.552,49.6573],[-126.5426,49.6552],[-126.5301,49.663],[-126.5361,49.6716],[-126.5311,49.6809],[-126.518,49.6859]]],[[[-124.6675,49.5511],[-124.65,49.5402],[-124.6252,49.5371],[-124.6067,49.5256],[-124.6016,49.5293],[-124.5842,49.5166],[-124.6075,49.5166],[-124.6347,49.5278],[-124.6436,49.5197],[-124.6309,49.5096],[-124.6384,49.5055],[-124.6331,49.5002],[-124.6698,49.4919],[-124.6768,49.4999],[-124.705,49.5132],[-124.7109,49.5119],[-124.7045,49.5181],[-124.7131,49.5352],[-124.7089,49.5405],[-124.6919,49.5499],[-124.6675,49.5511]]],[[[-126.5804,50.597],[-126.5926,50.5922],[-126.5847,50.5909],[-126.5829,50.5862],[-126.5749,50.5894],[-126.5611,50.5838],[-126.5629,50.5874],[-126.556,50.5877],[-126.547,50.5828],[-126.548,50.5789],[-126.5402,50.5838],[-126.5324,50.5825],[-126.5177,50.5773],[-126.5137,50.5682],[-126.5085,50.5677],[-126.5356,50.5568],[-126.6398,50.5526],[-126.6709,50.5633],[-126.6629,50.5651],[-126.6622,50.5672],[-126.652,50.5621],[-126.6427,50.564],[-126.6459,50.5716],[-126.6373,50.5771],[-126.6484,50.577],[-126.6578,50.5849],[-126.6823,50.587],[-126.6779,50.5916],[-126.6581,50.5932],[-126.6599,50.5874],[-126.6522,50.5851],[-126.6107,50.5903],[-126.605,50.5874],[-126.6073,50.5844],[-126.6017,50.5863],[-126.6055,50.5891],[-126.6023,50.5917],[-126.5973,50.5922],[-126.5991,50.5973],[-126.5804,50.597]]],[[[-127.8738,50.9344],[-127.8382,50.934],[-127.8439,50.929],[-127.8472,50.9151],[-127.8326,50.9044],[-127.8413,50.8984],[-127.8546,50.9019],[-127.8626,50.8923],[-127.878,50.8886],[-127.8991,50.9038],[-127.9061,50.8962],[-127.9298,50.895],[-127.9333,50.9083],[-127.928,50.911],[-127.9354,50.9154],[-127.9357,50.9223],[-127.9425,50.9202],[-127.9357,50.9089],[-127.9464,50.8991],[-127.9861,50.905],[-127.9969,50.9134],[-127.984,50.921],[-127.9749,50.9181],[-127.9546,50.9243],[-127.9422,50.9224],[-127.9226,50.9326],[-127.9263,50.9414],[-127.9095,50.9364],[-127.9044,50.9377],[-127.9047,50.9431],[-127.8738,50.9344]]],[[[-126.7763,50.8854],[-126.774,50.8793],[-126.7609,50.8837],[-126.7606,50.8784],[-126.7341,50.8622],[-126.7427,50.861],[-126.741,50.8541],[-126.7469,50.8518],[-126.7591,50.8566],[-126.7818,50.8484],[-126.8107,50.8498],[-126.8144,50.8391],[-126.8425,50.8363],[-126.8508,50.8392],[-126.8494,50.8423],[-126.8623,50.8376],[-126.8647,50.8413],[-126.8709,50.8373],[-126.8869,50.8404],[-126.9064,50.8371],[-126.9115,50.8436],[-126.9266,50.8455],[-126.8885,50.8555],[-126.8535,50.8449],[-126.8576,50.8468],[-126.8447,50.8507],[-126.8624,50.849],[-126.8846,50.8593],[-126.8799,50.865],[-126.8936,50.8644],[-126.8714,50.8713],[-126.8752,50.8752],[-126.8615,50.8782],[-126.858,50.8837],[-126.841,50.8859],[-126.8293,50.8821],[-126.8243,50.8885],[-126.7763,50.8854]]],[[[-124.8295,49.6061],[-124.8205,49.591],[-124.777,49.5699],[-124.7558,49.5411],[-124.7553,49.5321],[-124.7307,49.5023],[-124.6934,49.4889],[-124.685,49.4747],[-124.7566,49.4894],[-124.772,49.5064],[-124.83,49.5379],[-124.8475,49.5565],[-124.843,49.5584],[-124.84,49.5784],[-124.8434,49.5851],[-124.8373,49.5855],[-124.8378,49.5956],[-124.8309,49.6016],[-124.8448,49.6089],[-124.8431,49.6092],[-124.8295,49.6061]]],[[[-126.4126,50.6297],[-126.344,50.6277],[-126.3486,50.6128],[-126.4425,50.5827],[-126.4555,50.5917],[-126.4892,50.5753],[-126.5051,50.5824],[-126.4988,50.5923],[-126.5155,50.5883],[-126.5392,50.5929],[-126.5402,50.5962],[-126.5309,50.6014],[-126.5504,50.5949],[-126.5729,50.5988],[-126.5616,50.6035],[-126.5678,50.6045],[-126.5643,50.6097],[-126.5491,50.6098],[-126.5037,50.6239],[-126.5023,50.6188],[-126.4957,50.6259],[-126.4628,50.6299],[-126.4332,50.6241],[-126.4126,50.6297]]],[[[-125.1239,50.3256],[-125.1104,50.3187],[-125.1095,50.3037],[-125.0916,50.2925],[-125.0886,50.2707],[-125.1059,50.2475],[-125.1213,50.2437],[-125.1224,50.2393],[-125.1358,50.241],[-125.1526,50.2307],[-125.156,50.2323],[-125.1525,50.2364],[-125.1593,50.2392],[-125.1571,50.2423],[-125.1723,50.2482],[-125.1919,50.2662],[-125.1955,50.2816],[-125.2112,50.2968],[-125.1741,50.3115],[-125.1654,50.3101],[-125.153,50.3237],[-125.1239,50.3256]]],[[[-125.0541,50.2604],[-125.0552,50.2556],[-125.0429,50.2408],[-125.0442,50.2286],[-125.0331,50.2082],[-125.0409,50.1905],[-125.0491,50.1837],[-125.048,50.1915],[-125.0576,50.1885],[-125.0624,50.2],[-125.0679,50.1923],[-125.0748,50.1959],[-125.0753,50.2078],[-125.067,50.219],[-125.0743,50.2217],[-125.076,50.2139],[-125.0786,50.2203],[-125.0817,50.208],[-125.0872,50.2089],[-125.0834,50.1994],[-125.0998,50.2047],[-125.0882,50.1957],[-125.0933,50.1918],[-125.0815,50.1819],[-125.0827,50.1721],[-125.095,50.174],[-125.0919,50.172],[-125.1017,50.1674],[-125.0979,50.1623],[-125.1034,50.1589],[-125.0975,50.154],[-125.1033,50.1477],[-125.111,50.1477],[-125.1152,50.14],[-125.1184,50.1443],[-125.1182,50.1362],[-125.1283,50.1276],[-125.132,50.133],[-125.1436,50.1301],[-125.147,50.1399],[-125.1544,50.1423],[-125.1486,50.1431],[-125.1494,50.1501],[-125.132,50.1735],[-125.1197,50.1766],[-125.1211,50.1815],[-125.1281,50.1826],[-125.1226,50.1895],[-125.1244,50.2015],[-125.1302,50.1976],[-125.1282,50.2028],[-125.1314,50.2032],[-125.1243,50.2173],[-125.1267,50.2216],[-125.1114,50.2268],[-125.1106,50.2429],[-125.0939,50.2503],[-125.0769,50.2752],[-125.0541,50.2604]]],[[[-127.7359,50.9161],[-127.7297,50.9126],[-127.7226,50.9151],[-127.6865,50.8949],[-127.6858,50.8905],[-127.6792,50.8911],[-127.6718,50.873],[-127.6791,50.8698],[-127.6704,50.8635],[-127.6713,50.8694],[-127.6652,50.8697],[-127.6708,50.8752],[-127.6592,50.8704],[-127.6544,50.8539],[-127.6428,50.8432],[-127.6502,50.8425],[-127.6639,50.8594],[-127.6682,50.8577],[-127.6552,50.832],[-127.7572,50.8624],[-127.764,50.857],[-127.7819,50.864],[-127.7988,50.8634],[-127.844,50.8799],[-127.8343,50.8902],[-127.7997,50.9015],[-127.7737,50.9037],[-127.7574,50.9105],[-127.7373,50.9045],[-127.7359,50.9161]]],[[[-125.7948,50.4761],[-125.7972,50.4721],[-125.7898,50.4668],[-125.7647,50.4583],[-125.7685,50.451],[-125.7435,50.4382],[-125.7346,50.4312],[-125.7343,50.4256],[-125.747,50.4205],[-125.7582,50.4224],[-125.7898,50.4093],[-125.8232,50.4083],[-125.8682,50.4195],[-125.9273,50.4142],[-125.9747,50.4384],[-125.9597,50.4442],[-125.9284,50.4421],[-125.9289,50.4426],[-125.931,50.4427],[-125.934,50.4452],[-125.9145,50.4478],[-125.9148,50.455],[-125.895,50.4621],[-125.7948,50.4761]]],[[[-125.5038,50.4353],[-125.5048,50.4255],[-125.4999,50.417],[-125.505,50.4147],[-125.5,50.4064],[-125.5192,50.3992],[-125.5519,50.4],[-125.596,50.385],[-125.6042,50.3938],[-125.6171,50.396],[-125.6221,50.391],[-125.6188,50.3856],[-125.6268,50.3809],[-125.6885,50.3848],[-125.7004,50.3791],[-125.7435,50.3767],[-125.7796,50.3827],[-125.784,50.3876],[-125.7694,50.3904],[-125.7884,50.3989],[-125.7574,50.4042],[-125.7545,50.4107],[-125.7295,50.4083],[-125.7243,50.4143],[-125.7141,50.4128],[-125.7144,50.4084],[-125.6971,50.4067],[-125.657,50.413],[-125.6338,50.4266],[-125.6137,50.4277],[-125.6063,50.4357],[-125.577,50.4411],[-125.5249,50.4462],[-125.5038,50.4353]]],[[[-127.0956,50.6685],[-127.0721,50.6656],[-127.0562,50.6708],[-127.0514,50.6651],[-127.0262,50.6566],[-127.0002,50.6644],[-126.9767,50.6605],[-126.9664,50.664],[-126.9284,50.6543],[-126.8947,50.6713],[-126.8928,50.6638],[-126.8704,50.6563],[-126.8576,50.6411],[-126.8314,50.633],[-126.8239,50.6257],[-126.8315,50.6188],[-126.8475,50.6236],[-126.8511,50.6326],[-126.8581,50.6341],[-126.8874,50.6199],[-126.9259,50.6196],[-126.9573,50.6282],[-126.9739,50.6241],[-126.987,50.6285],[-127.0097,50.6199],[-127.0165,50.6216],[-127.0334,50.6481],[-127.0423,50.6449],[-127.0443,50.6391],[-127.0821,50.6306],[-127.1552,50.6302],[-127.163,50.6394],[-127.1074,50.6752],[-127.0956,50.6685]]],[[[-124.7011,50.2967],[-124.6639,50.2735],[-124.6545,50.2479],[-124.6426,50.2338],[-124.6507,50.2241],[-124.6487,50.2092],[-124.6583,50.1951],[-124.6698,50.1842],[-124.6968,50.1729],[-124.6985,50.1652],[-124.7139,50.1613],[-124.7285,50.1645],[-124.7223,50.176],[-124.7468,50.2038],[-124.7293,50.2276],[-124.7281,50.2445],[-124.7122,50.2486],[-124.7098,50.2589],[-124.6987,50.2641],[-124.705,50.2867],[-124.7362,50.3006],[-124.7234,50.2798],[-124.7293,50.272],[-124.7258,50.2599],[-124.7455,50.2459],[-124.7557,50.2099],[-124.8142,50.2338],[-124.7871,50.2652],[-124.7899,50.2677],[-124.7819,50.2876],[-124.7527,50.2955],[-124.7537,50.3007],[-124.743,50.3075],[-124.7011,50.2967]]],[[[-125.3744,50.4637],[-125.3643,50.4559],[-125.3607,50.4607],[-125.3522,50.4599],[-125.3223,50.4417],[-125.3268,50.4337],[-125.3253,50.4224],[-125.3331,50.4123],[-125.3422,50.4099],[-125.3553,50.3919],[-125.3768,50.395],[-125.381,50.4014],[-125.3879,50.3995],[-125.3743,50.3824],[-125.3862,50.3651],[-125.4241,50.3601],[-125.4327,50.3534],[-125.4397,50.3554],[-125.4451,50.3494],[-125.4574,50.3479],[-125.4616,50.3514],[-125.4545,50.3544],[-125.4876,50.3523],[-125.5093,50.3707],[-125.5511,50.3772],[-125.5452,50.3794],[-125.5455,50.3872],[-125.5243,50.3866],[-125.4857,50.3999],[-125.4931,50.4149],[-125.4811,50.4205],[-125.4971,50.4236],[-125.492,50.4274],[-125.4663,50.4291],[-125.4531,50.4383],[-125.4268,50.441],[-125.4077,50.4507],[-125.3929,50.4435],[-125.3961,50.459],[-125.3744,50.4637]]],[[[-125.0,50.239],[-124.9784,50.2293],[-124.9622,50.2072],[-124.9307,50.1849],[-124.9249,50.1715],[-124.9088,50.1567],[-124.9061,50.147],[-124.8953,50.1407],[-124.8993,50.1343],[-124.9055,50.1352],[-124.907,50.1271],[-124.9199,50.1366],[-124.9158,50.1374],[-124.9165,50.1428],[-124.9101,50.1404],[-124.9176,50.1483],[-124.9206,50.1471],[-124.9163,50.1432],[-124.924,50.1433],[-124.9241,50.1371],[-124.9343,50.1365],[-124.9223,50.1309],[-124.9202,50.1212],[-124.9064,50.1173],[-124.9043,50.0961],[-124.8897,50.0812],[-124.885,50.0736],[-124.8888,50.0698],[-124.882,50.0646],[-124.886,50.0575],[-124.8886,50.0627],[-124.8917,50.0589],[-124.8956,50.063],[-124.9055,50.0587],[-124.908,50.0677],[-124.9127,50.0638],[-124.9391,50.0655],[-124.9313,50.06],[-124.924,50.0622],[-124.9224,50.0581],[-124.9302,50.0588],[-124.932,50.0514],[-124.9514,50.0501],[-124.9656,50.0416],[-124.9807,50.0276],[-124.9795,50.0208],[-124.9871,50.0117],[-125.0,50.0238],[-124.9925,50.0381],[-124.9982,50.0491],[-124.9813,50.0736],[-124.9803,50.0653],[-124.9743,50.0711],[-124.9835,50.0796],[-124.9891,50.0759],[-124.9894,50.0821],[-125.0032,50.0783],[-125.0145,50.0864],[-124.9951,50.0922],[-124.987,50.09],[-124.9813,50.0997],[-125.0354,50.1019],[-125.0245,50.0915],[-125.0159,50.0916],[-125.0171,50.0845],[-125.0225,50.0844],[-125.0247,50.0897],[-125.033,50.0875],[-125.0361,50.0963],[-125.051,50.0986],[-125.0536,50.1063],[-125.0449,50.1116],[-125.062,50.1072],[-125.0716,50.1139],[-125.0637,50.1204],[-125.0579,50.1187],[-125.0548,50.1307],[-125.0394,50.128],[-125.0424,50.133],[-125.0268,50.1459],[-125.0066,50.1403],[-125.0008,50.13],[-124.988,50.1251],[-124.9929,50.1351],[-125.0018,50.1345],[-124.9999,50.1431],[-125.0155,50.1582],[-125.0086,50.1606],[-125.0043,50.1534],[-125.0017,50.1579],[-124.9965,50.1563],[-125.0019,50.1632],[-124.9868,50.171],[-124.9827,50.1822],[-124.9607,50.1676],[-124.9582,50.1557],[-124.9679,50.1632],[-124.9672,50.1591],[-124.9487,50.1425],[-124.9539,50.1417],[-124.9427,50.1405],[-124.9449,50.1473],[-124.9478,50.1445],[-124.9533,50.1516],[-124.9483,50.1546],[-124.9566,50.1652],[-124.9383,50.1573],[-124.933,50.161],[-124.9581,50.1692],[-124.9772,50.1823],[-124.9732,50.1978],[-124.98,50.1977],[-124.9821,50.2047],[-124.9898,50.2052],[-124.9944,50.2141],[-125.0044,50.2181],[-125.0076,50.232],[-125.0,50.239]]],[[[-126.7007,50.8605],[-126.6653,50.842],[-126.6747,50.8355],[-126.6654,50.8319],[-126.6709,50.8257],[-126.6547,50.8279],[-126.6665,50.8339],[-126.6569,50.8367],[-126.6588,50.8404],[-126.6389,50.8389],[-126.639,50.8457],[-126.6333,50.8477],[-126.6098,50.8459],[-126.6054,50.8418],[-126.6131,50.8383],[-126.6035,50.8347],[-126.6221,50.8348],[-126.594,50.8233],[-126.5971,50.8289],[-126.5905,50.8332],[-126.5663,50.8252],[-126.5854,50.8216],[-126.5647,50.8181],[-126.5778,50.816],[-126.5651,50.8108],[-126.5637,50.8039],[-126.553,50.8048],[-126.5515,50.7997],[-126.5442,50.7989],[-126.5499,50.7943],[-126.5326,50.7933],[-126.53,50.7883],[-126.5377,50.7819],[-126.559,50.7815],[-126.6018,50.7912],[-126.5553,50.7994],[-126.5983,50.7989],[-126.6123,50.8041],[-126.6264,50.799],[-126.6325,50.7892],[-126.6542,50.789],[-126.6516,50.7931],[-126.6635,50.7898],[-126.6626,50.7946],[-126.6734,50.7953],[-126.6622,50.7974],[-126.6873,50.8027],[-126.6905,50.8081],[-126.6931,50.8001],[-126.6765,50.7959],[-126.6791,50.7939],[-126.6676,50.7869],[-126.688,50.7856],[-126.6947,50.7896],[-126.6987,50.7835],[-126.7141,50.7826],[-126.705,50.7804],[-126.7073,50.7759],[-126.7343,50.7696],[-126.7294,50.7674],[-126.7361,50.7648],[-126.7419,50.7681],[-126.7363,50.7713],[-126.737,50.7785],[-126.7455,50.7786],[-126.7215,50.7834],[-126.7669,50.7952],[-126.7643,50.7889],[-126.7777,50.7888],[-126.7825,50.7839],[-126.7631,50.7846],[-126.7711,50.7737],[-126.7533,50.7778],[-126.778,50.7664],[-126.7877,50.7702],[-126.7938,50.7671],[-126.8065,50.7745],[-126.8077,50.7801],[-126.8021,50.7842],[-126.8058,50.7863],[-126.8195,50.7751],[-126.8363,50.7784],[-126.8485,50.7831],[-126.8493,50.7884],[-126.83,50.7949],[-126.8413,50.7981],[-126.856,50.7953],[-126.8619,50.8011],[-126.8794,50.8032],[-126.8836,50.8053],[-126.8804,50.8085],[-126.9015,50.8168],[-126.9031,50.8243],[-126.9124,50.8218],[-126.921,50.8256],[-126.9137,50.8302],[-126.9205,50.8327],[-126.9064,50.8365],[-126.8545,50.832],[-126.8123,50.8373],[-126.8083,50.8325],[-126.8121,50.8239],[-126.8048,50.8186],[-126.8099,50.8157],[-126.8029,50.8146],[-126.8033,50.7952],[-126.7959,50.8061],[-126.7842,50.8059],[-126.7986,50.8268],[-126.7941,50.8305],[-126.7948,50.8397],[-126.7885,50.8426],[-126.7779,50.8342],[-126.7654,50.8454],[-126.733,50.8398],[-126.7049,50.8434],[-126.6974,50.8299],[-126.7062,50.8254],[-126.6899,50.8223],[-126.6901,50.8172],[-126.6745,50.8169],[-126.6824,50.825],[-126.6908,50.825],[-126.691,50.8374],[-126.6808,50.8425],[-126.6829,50.8458],[-126.7096,50.848],[-126.7062,50.8502],[-126.7121,50.8566],[-126.7007,50.8605]]],[[[-126.2406,50.5795],[-126.2075,50.5771],[-126.2063,50.5651],[-126.2134,50.5602],[-126.2232,50.563],[-126.2198,50.5591],[-126.2245,50.5561],[-126.2181,50.5521],[-126.2217,50.5471],[-126.2343,50.5473],[-126.2462,50.5385],[-126.2773,50.5349],[-126.2696,50.5387],[-126.2809,50.5394],[-126.2628,50.5503],[-126.2688,50.5512],[-126.2661,50.5553],[-126.27,50.5592],[-126.2474,50.5692],[-126.267,50.5666],[-126.2727,50.5699],[-126.2804,50.5514],[-126.291,50.5406],[-126.3172,50.5247],[-126.3623,50.5198],[-126.3933,50.5284],[-126.4002,50.5228],[-126.4152,50.5208],[-126.4183,50.5149],[-126.4339,50.5127],[-126.5061,50.5169],[-126.5444,50.5266],[-126.5657,50.5252],[-126.5781,50.5194],[-126.6092,50.5239],[-126.6136,50.5271],[-126.6088,50.5321],[-126.6296,50.5391],[-126.6106,50.539],[-126.6109,50.5426],[-126.639,50.5424],[-126.6792,50.5499],[-126.585,50.5457],[-126.5734,50.5506],[-126.5445,50.5524],[-126.5352,50.5493],[-126.5398,50.5465],[-126.5348,50.5479],[-126.531,50.5539],[-126.472,50.5547],[-126.4702,50.5587],[-126.4743,50.5597],[-126.4603,50.5627],[-126.4319,50.5541],[-126.4438,50.5513],[-126.4344,50.5501],[-126.4239,50.5544],[-126.4567,50.5634],[-126.4466,50.5686],[-126.4652,50.5658],[-126.465,50.5705],[-126.4321,50.5711],[-126.396,50.5867],[-126.3547,50.5835],[-126.3529,50.5885],[-126.3587,50.5891],[-126.3542,50.5927],[-126.3617,50.5967],[-126.358,50.5995],[-126.3174,50.5918],[-126.3106,50.5833],[-126.2798,50.5707],[-126.2878,50.5759],[-126.3041,50.5823],[-126.3146,50.601],[-126.2958,50.6117],[-126.2406,50.5795]]],[[[-125.2046,50.3987],[-125.1788,50.3881],[-125.1577,50.3865],[-125.1543,50.3788],[-125.1596,50.3732],[-125.1588,50.3654],[-125.1456,50.3491],[-125.1483,50.3458],[-125.139,50.3431],[-125.1288,50.3317],[-125.1706,50.3243],[-125.2157,50.2983],[-125.2232,50.3033],[-125.2213,50.3062],[-125.2241,50.3183],[-125.2146,50.3251],[-125.2209,50.3293],[-125.2374,50.3145],[-125.2436,50.3163],[-125.2432,50.3205],[-125.2584,50.3199],[-125.2603,50.323],[-125.2552,50.3245],[-125.267,50.3279],[-125.2794,50.3178],[-125.2845,50.3196],[-125.2837,50.3148],[-125.2924,50.3166],[-125.337,50.307],[-125.3423,50.3001],[-125.3404,50.2949],[-125.3519,50.2911],[-125.3794,50.2898],[-125.3971,50.2955],[-125.407,50.3084],[-125.4005,50.3161],[-125.4071,50.3328],[-125.3926,50.3493],[-125.3701,50.3548],[-125.2987,50.3355],[-125.3146,50.3522],[-125.3194,50.3526],[-125.3213,50.3449],[-125.333,50.3572],[-125.3325,50.3612],[-125.3231,50.3639],[-125.3193,50.3547],[-125.3172,50.3615],[-125.3217,50.3627],[-125.3135,50.3616],[-125.3123,50.3668],[-125.3169,50.379],[-125.3329,50.3756],[-125.3354,50.3853],[-125.3197,50.3968],[-125.314,50.4111],[-125.3014,50.4204],[-125.3055,50.4315],[-125.2846,50.4449],[-125.2046,50.3987]]],[[[-124.8836,50.3003],[-124.8549,50.2857],[-124.8262,50.2858],[-124.8252,50.2814],[-124.7866,50.2861],[-124.7955,50.2702],[-124.8049,50.2669],[-124.8136,50.248],[-124.8195,50.2532],[-124.8257,50.2468],[-124.8197,50.2246],[-124.8222,50.2185],[-124.8008,50.2028],[-124.7929,50.2019],[-124.7919,50.1974],[-124.7601,50.1889],[-124.7514,50.1638],[-124.7747,50.1583],[-124.7509,50.1604],[-124.799,50.1341],[-124.8098,50.1138],[-124.8499,50.1158],[-124.8382,50.1242],[-124.841,50.1296],[-124.8434,50.1253],[-124.862,50.124],[-124.8645,50.1291],[-124.8601,50.1346],[-124.8674,50.138],[-124.8723,50.1464],[-124.8695,50.1514],[-124.8812,50.1675],[-124.9018,50.1696],[-124.8984,50.1736],[-124.8752,50.1693],[-124.8766,50.1751],[-124.8619,50.1797],[-124.8161,50.1832],[-124.8396,50.1866],[-124.8417,50.1994],[-124.853,50.1987],[-124.8704,50.187],[-124.9103,50.1869],[-124.924,50.1911],[-124.9408,50.2019],[-124.9791,50.2437],[-124.9782,50.2596],[-124.9562,50.2596],[-124.9539,50.2627],[-124.9599,50.272],[-124.9321,50.291],[-124.9228,50.3035],[-124.8836,50.3003]]],[[[-125.2378,50.3059],[-125.2279,50.2972],[-125.2224,50.2905],[-125.2271,50.2853],[-125.2239,50.2819],[-125.226,50.2783],[-125.2328,50.2814],[-125.2346,50.2723],[-125.25,50.2698],[-125.2595,50.263],[-125.2216,50.265],[-125.2148,50.2523],[-125.1967,50.2494],[-125.1815,50.2318],[-125.1707,50.2335],[-125.1563,50.2274],[-125.1419,50.2068],[-125.1384,50.1922],[-125.1449,50.1918],[-125.1463,50.1838],[-125.153,50.1836],[-125.1522,50.1748],[-125.1612,50.172],[-125.1611,50.1648],[-125.1657,50.1726],[-125.1753,50.1712],[-125.1786,50.1645],[-125.1744,50.1592],[-125.1828,50.1575],[-125.1878,50.1652],[-125.1925,50.163],[-125.1957,50.1567],[-125.1825,50.1512],[-125.1857,50.1417],[-125.1935,50.1396],[-125.1922,50.1358],[-125.2197,50.1386],[-125.2108,50.1267],[-125.2152,50.1247],[-125.2392,50.1297],[-125.2323,50.1256],[-125.2355,50.121],[-125.22,50.1156],[-125.2166,50.1026],[-125.2049,50.1033],[-125.1997,50.0926],[-125.1856,50.0906],[-125.185,50.0975],[-125.1959,50.1079],[-125.1864,50.1007],[-125.1791,50.0903],[-125.1642,50.031],[-125.1467,50.0118],[-125.1681,49.9979],[-125.1864,49.9949],[-125.1955,49.9982],[-125.1969,50.024],[-125.2215,50.0387],[-125.2146,50.0414],[-125.2203,50.0508],[-125.2313,50.0578],[-125.2253,50.0517],[-125.2345,50.0551],[-125.2368,50.0648],[-125.224,50.0575],[-125.2277,50.0657],[-125.212,50.0673],[-125.2149,50.0812],[-125.2386,50.0848],[-125.2564,50.1036],[-125.2593,50.0991],[-125.2556,50.0932],[-125.2677,50.0942],[-125.2731,50.1032],[-125.2979,50.1148],[-125.3142,50.1323],[-125.3306,50.1317],[-125.3367,50.1399],[-125.3354,50.1451],[-125.3407,50.1418],[-125.336,50.1368],[-125.345,50.1355],[-125.3379,50.1327],[-125.3397,50.1278],[-125.3481,50.1306],[-125.3453,50.1397],[-125.3515,50.1415],[-125.3491,50.1583],[-125.3359,50.1541],[-125.332,50.1619],[-125.3546,50.1792],[-125.3469,50.1809],[-125.3357,50.1709],[-125.3319,50.177],[-125.3251,50.1777],[-125.3575,50.2096],[-125.3574,50.2162],[-125.3666,50.2249],[-125.3702,50.2445],[-125.364,50.2487],[-125.3579,50.2437],[-125.3343,50.2465],[-125.3038,50.237],[-125.303,50.2406],[-125.3158,50.2422],[-125.3053,50.2486],[-125.3149,50.2528],[-125.3045,50.2512],[-125.2705,50.2621],[-125.2871,50.265],[-125.3042,50.256],[-125.318,50.2549],[-125.3209,50.2565],[-125.3165,50.2602],[-125.3451,50.2599],[-125.3613,50.2718],[-125.3833,50.2774],[-125.358,50.2856],[-125.3031,50.2915],[-125.2964,50.2962],[-125.3155,50.2949],[-125.2986,50.3026],[-125.2378,50.3059]]],[[[-126.2795,50.8331],[-126.2641,50.8284],[-126.2856,50.8251],[-126.3017,50.8185],[-126.299,50.8157],[-126.2889,50.8164],[-126.2894,50.8215],[-126.2665,50.8186],[-126.2586,50.8224],[-126.2289,50.8223],[-126.2325,50.8055],[-126.2271,50.8008],[-126.2299,50.7907],[-126.2136,50.7708],[-126.189,50.7606],[-126.1612,50.7587],[-126.1556,50.7555],[-126.1559,50.7501],[-126.1823,50.7404],[-126.1824,50.7336],[-126.1942,50.7279],[-126.2383,50.7211],[-126.2386,50.7051],[-126.2641,50.693],[-126.2616,50.6815],[-126.2541,50.6749],[-126.2706,50.6544],[-126.2834,50.6537],[-126.2883,50.6578],[-126.3012,50.6499],[-126.3252,50.6449],[-126.3504,50.645],[-126.3765,50.6504],[-126.3803,50.6595],[-126.4164,50.6595],[-126.436,50.6699],[-126.461,50.6728],[-126.4536,50.6783],[-126.462,50.6821],[-126.46,50.6854],[-126.4732,50.678],[-126.5089,50.6747],[-126.5125,50.6704],[-126.5099,50.6661],[-126.5237,50.6621],[-126.5181,50.6576],[-126.4883,50.6568],[-126.4811,50.662],[-126.4866,50.6676],[-126.4722,50.6704],[-126.4398,50.6537],[-126.4594,50.6422],[-126.4752,50.646],[-126.4868,50.6426],[-126.479,50.6389],[-126.4915,50.6375],[-126.5051,50.6425],[-126.5084,50.6472],[-126.4958,50.6503],[-126.5034,50.6518],[-126.559,50.6446],[-126.5699,50.6518],[-126.5893,50.6519],[-126.5877,50.6546],[-126.5977,50.6579],[-126.5928,50.6612],[-126.5979,50.6626],[-126.6201,50.6598],[-126.6103,50.6659],[-126.6183,50.6701],[-126.5968,50.6724],[-126.5934,50.6831],[-126.5785,50.6784],[-126.5691,50.6806],[-126.5838,50.6901],[-126.5511,50.6966],[-126.5585,50.7024],[-126.5634,50.7035],[-126.5801,50.6929],[-126.5979,50.6904],[-126.6034,50.6998],[-126.5826,50.7068],[-126.5934,50.7081],[-126.582,50.7157],[-126.5719,50.7156],[-126.5714,50.7109],[-126.5685,50.7153],[-126.5614,50.7126],[-126.5671,50.72],[-126.5636,50.7254],[-126.5399,50.7336],[-126.5407,50.7342],[-126.5473,50.7331],[-126.5442,50.7358],[-126.5587,50.735],[-126.5585,50.7383],[-126.5649,50.7368],[-126.5624,50.7392],[-126.5098,50.7451],[-126.5022,50.7383],[-126.5188,50.741],[-126.4822,50.7308],[-126.484,50.7365],[-126.499,50.737],[-126.5017,50.7423],[-126.4951,50.7472],[-126.4998,50.7507],[-126.4942,50.7487],[-126.4957,50.7568],[-126.4854,50.7598],[-126.4897,50.7677],[-126.4687,50.7633],[-126.4722,50.7674],[-126.4595,50.7671],[-126.4724,50.7741],[-126.4613,50.7744],[-126.4577,50.7802],[-126.3598,50.7885],[-126.3902,50.7908],[-126.3869,50.7886],[-126.4026,50.7867],[-126.4002,50.7908],[-126.4415,50.7941],[-126.4376,50.7999],[-126.4035,50.8133],[-126.3537,50.82],[-126.3338,50.8337],[-126.2795,50.8331]]],[[[-126.798,49.8865],[-126.7717,49.8778],[-126.7462,49.8511],[-126.7445,49.851],[-126.7422,49.8521],[-126.7423,49.8529],[-126.7401,49.8528],[-126.7302,49.8444],[-126.6987,49.8504],[-126.7034,49.856],[-126.7237,49.8525],[-126.7299,49.8608],[-126.72,49.8668],[-126.7071,49.8572],[-126.6918,49.8599],[-126.6701,49.8546],[-126.669,49.8333],[-126.6757,49.828],[-126.6678,49.8246],[-126.6548,49.7842],[-126.6327,49.7481],[-126.6464,49.7442],[-126.6383,49.7307],[-126.6446,49.7344],[-126.6425,49.7282],[-126.6506,49.7275],[-126.6468,49.7265],[-126.6503,49.7228],[-126.6358,49.7004],[-126.6376,49.6924],[-126.6244,49.6901],[-126.6258,49.6852],[-126.6124,49.6643],[-126.6147,49.6602],[-126.6228,49.6668],[-126.6264,49.6611],[-126.6273,49.653],[-126.6229,49.6504],[-126.6264,49.6501],[-126.6265,49.6422],[-126.6201,49.6362],[-126.6246,49.6248],[-126.6213,49.6236],[-126.6315,49.6167],[-126.6308,49.6128],[-126.6197,49.6205],[-126.6153,49.6042],[-126.6229,49.6014],[-126.6153,49.6012],[-126.6136,49.5967],[-126.6203,49.5944],[-126.6145,49.5901],[-126.6463,49.5925],[-126.6594,49.5813],[-126.6773,49.58],[-126.6791,49.5848],[-126.6968,49.5902],[-126.7163,49.6037],[-126.7431,49.6088],[-126.7703,49.6042],[-126.8267,49.6184],[-126.8343,49.6346],[-126.8293,49.643],[-126.8402,49.6579],[-126.8633,49.6611],[-126.8726,49.674],[-126.8994,49.6765],[-126.9288,49.7044],[-126.9328,49.719],[-126.9412,49.7174],[-126.9542,49.7241],[-126.9498,49.7338],[-126.9333,49.7428],[-126.9317,49.7242],[-126.9278,49.7374],[-126.9311,49.7431],[-126.9228,49.7453],[-126.9253,49.7501],[-126.914,49.753],[-126.9221,49.7606],[-126.8874,49.7571],[-126.8837,49.7621],[-126.8632,49.7624],[-126.8535,49.7712],[-126.8566,49.7754],[-126.8473,49.7754],[-126.8587,49.7787],[-126.8356,49.7785],[-126.8302,49.7744],[-126.8276,49.7785],[-126.8347,49.7879],[-126.8211,49.7977],[-126.826,49.799],[-126.8225,49.8008],[-126.8061,49.7962],[-126.7995,49.7987],[-126.7727,49.789],[-126.765,49.7903],[-126.7659,49.7957],[-126.7601,49.7989],[-126.7466,49.7949],[-126.7378,49.7992],[-126.8116,49.8069],[-126.8601,49.7935],[-126.8621,49.7895],[-126.8588,49.7889],[-126.8759,49.779],[-126.8873,49.779],[-126.9174,49.7883],[-126.9212,49.7935],[-126.9265,49.7913],[-126.9238,49.7992],[-126.9323,49.808],[-126.94,49.8081],[-126.941,49.8141],[-126.9498,49.8148],[-126.9405,49.7991],[-126.9467,49.7944],[-126.9538,49.7923],[-126.9725,49.8035],[-126.9703,49.8056],[-126.9475,49.7962],[-126.9487,49.8016],[-126.9587,49.8023],[-126.9492,49.8073],[-126.9502,49.8122],[-126.9728,49.8192],[-126.9614,49.8228],[-126.9622,49.8264],[-126.9562,49.8234],[-126.9652,49.8338],[-126.9598,49.837],[-126.9167,49.8297],[-126.9048,49.8317],[-126.9065,49.8377],[-126.9019,49.8407],[-126.9085,49.8402],[-126.9031,49.8414],[-126.9027,49.8471],[-126.869,49.8509],[-126.8373,49.8644],[-126.8203,49.8671],[-126.7933,49.8615],[-126.808,49.8731],[-126.8061,49.8807],[-126.7984,49.881],[-126.798,49.8865]]],[[[-128.0536,50.8768],[-128.0505,50.8672],[-128.0376,50.864],[-128.0147,50.8667],[-128.0081,50.8587],[-127.9839,50.8604],[-127.9484,50.8742],[-127.9216,50.8716],[-127.9061,50.8748],[-127.8738,50.866],[-127.8674,50.8458],[-127.8541,50.855],[-127.8046,50.8423],[-127.7582,50.8367],[-127.6653,50.8141],[-127.6319,50.8009],[-127.6218,50.8018],[-127.5979,50.7907],[-127.5808,50.7901],[-127.5759,50.7834],[-127.551,50.7834],[-127.5459,50.7783],[-127.5133,50.7738],[-127.5133,50.7682],[-127.488,50.767],[-127.4851,50.7646],[-127.4944,50.7559],[-127.4978,50.744],[-127.4945,50.7423],[-127.4965,50.7331],[-127.4877,50.7202],[-127.488,50.7155],[-127.4939,50.7149],[-127.4779,50.6981],[-127.4699,50.6997],[-127.4696,50.7031],[-127.4828,50.7161],[-127.4718,50.7224],[-127.4575,50.7211],[-127.4587,50.7303],[-127.4412,50.7324],[-127.4499,50.7451],[-127.4201,50.75],[-127.4083,50.7475],[-127.4086,50.7344],[-127.4182,50.7322],[-127.4108,50.7288],[-127.4185,50.7253],[-127.4264,50.7131],[-127.4248,50.7026],[-127.4171,50.696],[-127.3837,50.6999],[-127.3766,50.6898],[-127.3387,50.6718],[-127.305,50.66],[-127.2827,50.6589],[-127.2771,50.6512],[-127.2132,50.6277],[-127.193,50.61],[-127.1741,50.6128],[-127.1793,50.6152],[-127.1426,50.6079],[-127.1289,50.6132],[-127.0788,50.6042],[-127.113,50.5996],[-127.134,50.6017],[-127.1382,50.5958],[-127.1338,50.5916],[-127.0827,50.5915],[-127.0237,50.583],[-126.9987,50.5859],[-126.9794,50.5801],[-126.9749,50.5711],[-126.9827,50.5677],[-126.9681,50.5601],[-126.9497,50.5574],[-126.9057,50.5611],[-126.8545,50.552],[-126.8608,50.5454],[-126.8819,50.5418],[-126.8701,50.5375],[-126.8723,50.5325],[-126.867,50.5279],[-126.8579,50.5357],[-126.8469,50.5372],[-126.8437,50.5455],[-126.8221,50.5503],[-126.8144,50.5476],[-126.8199,50.5421],[-126.7829,50.5438],[-126.7791,50.5417],[-126.785,50.5421],[-126.7837,50.539],[-126.676,50.5141],[-126.6406,50.4985],[-126.6167,50.4963],[-126.6078,50.4849],[-126.5882,50.4807],[-126.5725,50.4837],[-126.5685,50.4892],[-126.4701,50.48],[-126.4619,50.4826],[-126.4345,50.4771],[-126.3973,50.4838],[-126.3597,50.4834],[-126.3159,50.4801],[-126.2859,50.4669],[-126.2877,50.4713],[-126.2834,50.4681],[-126.2821,50.4647],[-126.2713,50.4706],[-126.2611,50.4676],[-126.2539,50.4734],[-126.1933,50.4596],[-126.1945,50.4634],[-126.1759,50.4634],[-126.1699,50.4599],[-126.1722,50.4569],[-126.1596,50.455],[-126.1267,50.4579],[-126.0863,50.4494],[-125.9948,50.4168],[-125.9618,50.4],[-125.9592,50.3897],[-125.9548,50.3945],[-125.9567,50.3889],[-125.9593,50.3884],[-125.9565,50.3814],[-125.9382,50.3726],[-125.9297,50.3735],[-125.9417,50.3768],[-125.9452,50.3907],[-125.8585,50.38],[-125.8206,50.3836],[-125.7729,50.3626],[-125.7218,50.3565],[-125.7031,50.3592],[-125.6993,50.356],[-125.7001,50.3601],[-125.6937,50.3613],[-125.6856,50.3569],[-125.6878,50.3633],[-125.6845,50.3649],[-125.654,50.36],[-125.6146,50.3674],[-125.5797,50.3682],[-125.5603,50.3566],[-125.5396,50.3515],[-125.5198,50.3363],[-125.516,50.3409],[-125.5015,50.3411],[-125.4727,50.3271],[-125.4445,50.3333],[-125.4387,50.3306],[-125.4544,50.3245],[-125.4428,50.3214],[-125.446,50.317],[-125.4405,50.316],[-125.4409,50.3078],[-125.4353,50.3048],[-125.4417,50.3007],[-125.4331,50.287],[-125.4411,50.2803],[-125.4114,50.27],[-125.3983,50.2518],[-125.3971,50.2451],[-125.403,50.2408],[-125.3946,50.2292],[-125.3972,50.2231],[-125.3832,50.2064],[-125.3806,50.1775],[-125.37,50.1703],[-125.375,50.1615],[-125.3636,50.1535],[-125.3591,50.1295],[-125.3681,50.1272],[-125.3914,50.1382],[-125.3859,50.1226],[-125.374,50.1121],[-125.3499,50.1161],[-125.3246,50.1132],[-125.3246,50.1022],[-125.317,50.0918],[-125.3064,50.0885],[-125.2998,50.0753],[-125.2901,50.0694],[-125.2844,50.0766],[-125.2714,50.0693],[-125.2619,50.0466],[-125.259,50.044],[-125.2562,50.0497],[-125.2439,50.0391],[-125.2445,50.0302],[-125.2366,50.0208],[-125.2377,50.0246],[-125.2194,49.974],[-125.2084,49.9677],[-125.2032,49.9535],[-125.185,49.9422],[-125.1839,49.9156],[-125.1729,49.9061],[-125.1571,49.8972],[-125.1219,49.8881],[-125.1149,49.8816],[-125.1141,49.8715],[-125.1186,49.8708],[-125.1108,49.8595],[-125.0641,49.8396],[-125.0544,49.829],[-125.0335,49.8199],[-125.0082,49.7945],[-124.9735,49.7745],[-124.9635,49.7615],[-124.9503,49.7593],[-124.9285,49.7403],[-124.913,49.7397],[-124.8929,49.7282],[-124.8764,49.7079],[-124.8624,49.7076],[-124.8598,49.7011],[-124.8645,49.6943],[-124.9063,49.6618],[-124.9262,49.6611],[-124.905,49.6629],[-124.9005,49.6674],[-124.9461,49.6722],[-124.9736,49.6812],[-124.9793,49.6735],[-124.9552,49.6531],[-124.923,49.643],[-124.9225,49.6346],[-124.9092,49.6257],[-124.8889,49.595],[-124.8808,49.5934],[-124.8858,49.584],[-124.8591,49.5361],[-124.8457,49.5229],[-124.8308,49.5216],[-124.8288,49.5165],[-124.8351,49.5135],[-124.8192,49.5031],[-124.8185,49.4961],[-124.808,49.4989],[-124.8077,49.5057],[-124.7926,49.4979],[-124.7907,49.4916],[-124.7992,49.4936],[-124.796,49.4853],[-124.7998,49.4802],[-124.7906,49.4741],[-124.7941,49.4708],[-124.7917,49.4619],[-124.7804,49.4597],[-124.786,49.4621],[-124.7769,49.4687],[-124.7626,49.4651],[-124.7571,49.4615],[-124.7571,49.4408],[-124.7344,49.4408],[-124.734,49.4049],[-124.823,49.4049],[-124.823,49.4193],[-124.8563,49.4195],[-124.859,49.4325],[-124.9024,49.4324],[-124.9155,49.4269],[-124.9725,49.432],[-124.9725,49.4428],[-124.9836,49.4456],[-124.9837,49.4529],[-124.9974,49.4528],[-124.9961,49.4565],[-125.0111,49.4583],[-125.0167,49.4639],[-125.014,49.4694],[-125.025,49.4748],[-125.0249,49.4801],[-125.0196,49.4801],[-125.0249,49.4928],[-125.0359,49.4927],[-125.0334,49.4855],[-125.0528,49.4803],[-125.053,49.4765],[-125.0687,49.477],[-125.0824,49.4911],[-125.0935,49.4931],[-125.0934,49.5021],[-125.1067,49.5039],[-125.1084,49.5146],[-125.1259,49.5146],[-125.1423,49.5291],[-125.1499,49.5291],[-125.1477,49.5219],[-125.1421,49.5219],[-125.1422,49.511],[-125.1283,49.5109],[-125.1338,49.5092],[-125.1338,49.5019],[-125.1717,49.508],[-125.1663,49.4904],[-125.2067,49.4943],[-125.2067,49.4912],[-125.2333,49.4903],[-125.3833,49.6084],[-125.4028,49.6027],[-125.4077,49.5945],[-125.4028,49.5889],[-125.4116,49.5836],[-125.3914,49.5718],[-125.3885,49.5606],[-125.3705,49.5478],[-125.3759,49.5409],[-125.3866,49.5388],[-125.3979,49.5488],[-125.4083,49.5424],[-125.428,49.5549],[-125.4378,49.5514],[-125.4475,49.5339],[-125.4729,49.5281],[-125.4863,49.5192],[-125.4827,49.5139],[-125.493,49.5036],[-125.4899,49.4986],[-125.4925,49.4837],[-125.5005,49.478],[-125.5635,49.4892],[-125.5671,49.4973],[-125.5956,49.508],[-125.6298,49.4938],[-125.6361,49.4983],[-125.6352,49.5142],[-125.6452,49.5175],[-125.6798,49.5113],[-125.6937,49.5163],[-125.7018,49.5114],[-125.7316,49.5132],[-125.7481,49.5189],[-125.7654,49.514],[-125.7707,49.5183],[-125.7696,49.5258],[-125.7802,49.5321],[-125.7795,49.5366],[-125.7986,49.5445],[-125.8162,49.5395],[-125.8425,49.5456],[-125.8481,49.5377],[-125.8655,49.5347],[-125.8708,49.5271],[-125.9018,49.5289],[-125.906,49.5492],[-125.8987,49.5487],[-125.8942,49.5555],[-125.9094,49.5572],[-125.9172,49.5652],[-125.9437,49.5694],[-125.9588,49.5841],[-125.9701,49.5852],[-125.9851,49.5778],[-125.9971,49.5829],[-126.0001,49.5736],[-126.0051,49.5718],[-126.0293,49.5771],[-126.0359,49.57],[-126.0464,49.5679],[-126.0485,49.5594],[-126.0666,49.5512],[-126.0856,49.5585],[-126.0955,49.5718],[-126.1177,49.5716],[-126.1207,49.5655],[-126.1433,49.5707],[-126.147,49.5734],[-126.1445,49.5778],[-126.1502,49.5791],[-126.1586,49.572],[-126.1849,49.5677],[-126.1909,49.5561],[-126.2085,49.5524],[-126.2314,49.5581],[-126.25,49.5554],[-126.2578,49.5612],[-126.2614,49.5699],[-126.2574,49.575],[-126.2619,49.5811],[-126.2701,49.5717],[-126.2836,49.573],[-126.285,49.5792],[-126.3137,49.5944],[-126.3204,49.6046],[-126.3343,49.6077],[-126.3378,49.6066],[-126.3365,49.5991],[-126.3572,49.5964],[-126.3572,49.5805],[-126.3679,49.5716],[-126.3825,49.5708],[-126.3864,49.5619],[-126.4023,49.5635],[-126.4056,49.5717],[-126.4251,49.5776],[-126.4623,49.5787],[-126.5021,49.5519],[-126.5021,49.5415],[-126.5589,49.5415],[-126.566,49.559],[-126.5656,49.5648],[-126.5608,49.5655],[-126.5688,49.5793],[-126.5563,49.5777],[-126.5561,49.5866],[-126.5263,49.5906],[-126.5061,49.6058],[-126.5007,49.6051],[-126.4921,49.6205],[-126.4828,49.6237],[-126.4849,49.6273],[-126.4758,49.6358],[-126.4801,49.6356],[-126.4793,49.6425],[-126.4712,49.6461],[-126.4624,49.6443],[-126.4596,49.6375],[-126.4703,49.6354],[-126.4668,49.6344],[-126.4594,49.6361],[-126.4528,49.6294],[-126.4409,49.6331],[-126.4451,49.6364],[-126.4312,49.6345],[-126.42,49.6395],[-126.3994,49.6388],[-126.3715,49.6285],[-126.3632,49.6324],[-126.3471,49.6304],[-126.3544,49.6347],[-126.3498,49.6364],[-126.3027,49.6351],[-126.2755,49.6428],[-126.2345,49.6442],[-126.2229,49.652],[-126.1893,49.6571],[-126.1683,49.6499],[-126.1575,49.652],[-126.1552,49.6468],[-126.154,49.6496],[-126.1557,49.6518],[-126.1517,49.6507],[-126.1551,49.6531],[-126.1431,49.6584],[-126.1048,49.6584],[-126.0973,49.6557],[-126.0985,49.6467],[-126.0904,49.6354],[-126.07,49.6281],[-126.0464,49.6076],[-126.0457,49.6121],[-126.057,49.6295],[-126.0847,49.6422],[-126.085,49.6582],[-126.1037,49.6775],[-126.1162,49.6793],[-126.1162,49.6845],[-126.1184,49.6826],[-126.1174,49.6787],[-126.1292,49.6793],[-126.1279,49.6748],[-126.1628,49.6771],[-126.2073,49.6698],[-126.2668,49.6507],[-126.3483,49.6446],[-126.3767,49.6542],[-126.3797,49.6582],[-126.3702,49.6621],[-126.3738,49.6651],[-126.4159,49.6626],[-126.4396,49.6531],[-126.4458,49.6548],[-126.4695,49.6696],[-126.4692,49.6767],[-126.4999,49.6864],[-126.4988,49.6901],[-126.4849,49.6904],[-126.4927,49.6924],[-126.4881,49.694],[-126.4917,49.6986],[-126.4787,49.7125],[-126.4639,49.7039],[-126.47,49.7081],[-126.4667,49.7191],[-126.4571,49.7221],[-126.4525,49.7287],[-126.4557,49.7362],[-126.4438,49.7413],[-126.4364,49.758],[-126.4205,49.755],[-126.4135,49.7608],[-126.3959,49.7544],[-126.3841,49.7548],[-126.3919,49.7555],[-126.4042,49.7723],[-126.4525,49.7619],[-126.4635,49.7679],[-126.4536,49.7812],[-126.4397,49.7885],[-126.4387,49.7958],[-126.4635,49.7881],[-126.4732,49.796],[-126.4749,49.7951],[-126.4748,49.7924],[-126.4965,49.802],[-126.4899,49.7929],[-126.4941,49.7902],[-126.4819,49.7825],[-126.4747,49.7634],[-126.4612,49.7563],[-126.456,49.7481],[-126.4693,49.7303],[-126.4888,49.727],[-126.4829,49.7367],[-126.4941,49.7317],[-126.5154,49.7447],[-126.5099,49.7554],[-126.5207,49.7529],[-126.5217,49.7399],[-126.4912,49.7206],[-126.4966,49.7117],[-126.5039,49.7101],[-126.5142,49.7155],[-126.5087,49.7092],[-126.5185,49.7064],[-126.5483,49.7153],[-126.5551,49.7128],[-126.5394,49.711],[-126.5303,49.7049],[-126.5518,49.697],[-126.5509,49.6937],[-126.5885,49.6952],[-126.6134,49.7211],[-126.6239,49.7377],[-126.6284,49.7646],[-126.6422,49.7765],[-126.6382,49.7783],[-126.6431,49.7971],[-126.6529,49.8165],[-126.6546,49.8537],[-126.6509,49.8575],[-126.6536,49.8708],[-126.6497,49.8986],[-126.6427,49.9107],[-126.6525,49.9117],[-126.6459,49.9136],[-126.6487,49.9143],[-126.652,49.9135],[-126.6516,49.9212],[-126.6588,49.9237],[-126.6631,49.9198],[-126.6632,49.9051],[-126.6692,49.898],[-126.6672,49.8866],[-126.6742,49.8735],[-126.6702,49.8662],[-126.6727,49.8595],[-126.6783,49.8648],[-126.7043,49.8633],[-126.712,49.8733],[-126.7354,49.8683],[-126.754,49.8748],[-126.7807,49.8994],[-126.7838,49.9138],[-126.8042,49.951],[-126.8459,49.9594],[-126.8431,49.9793],[-126.8483,49.9814],[-126.8598,49.9836],[-126.8566,49.9682],[-126.8611,49.9567],[-126.8185,49.9447],[-126.8008,49.9071],[-126.818,49.8934],[-126.8157,49.8878],[-126.8255,49.8808],[-126.8322,49.8826],[-126.8582,49.8719],[-126.8752,49.8738],[-126.8793,49.8689],[-126.9101,49.8687],[-126.9156,49.8744],[-126.9155,49.8922],[-126.9233,49.9032],[-126.9184,49.9243],[-126.9056,49.9297],[-126.9072,49.958],[-126.8661,49.9572],[-126.8697,49.9614],[-126.9107,49.9601],[-126.9143,49.9498],[-126.9112,49.932],[-126.9149,49.9313],[-126.919,49.9379],[-126.9155,49.9393],[-126.9251,49.944],[-126.9299,49.9567],[-126.9307,49.9696],[-126.9236,49.9736],[-126.9314,49.9842],[-126.9442,49.989],[-126.9451,49.9754],[-126.9394,49.9719],[-126.9458,49.9683],[-126.9358,49.9341],[-126.9424,49.9291],[-126.9367,49.9156],[-126.9418,49.9008],[-126.9362,49.8915],[-126.9391,49.8762],[-126.9473,49.8733],[-126.9311,49.8716],[-126.9431,49.8601],[-126.9635,49.8555],[-126.9708,49.8616],[-126.9786,49.8603],[-126.9761,49.8695],[-126.9628,49.8719],[-126.9815,49.8728],[-126.9817,49.8848],[-126.9888,49.8863],[-126.986,49.8765],[-126.9903,49.8742],[-127.0087,49.8837],[-127.02,49.9041],[-127.0159,49.9092],[-127.0247,49.9205],[-127.035,49.9245],[-127.0447,49.9438],[-127.0526,49.9421],[-127.0233,49.895],[-127.0236,49.8861],[-127.0081,49.8702],[-126.9919,49.8648],[-126.9946,49.8598],[-127.0031,49.8661],[-126.9956,49.8556],[-126.9977,49.8522],[-127.0435,49.8523],[-127.0778,49.8633],[-127.0926,49.8594],[-127.089,49.8624],[-127.0945,49.8663],[-127.1143,49.8635],[-127.1215,49.8579],[-127.1199,49.8543],[-127.127,49.8565],[-127.1224,49.8571],[-127.1279,49.8613],[-127.1518,49.8595],[-127.1771,49.8802],[-127.1737,49.8831],[-127.1822,49.8992],[-127.194,49.9034],[-127.1932,49.909],[-127.2015,49.9138],[-127.1996,49.921],[-127.219,49.9273],[-127.2163,49.9305],[-127.224,49.9365],[-127.2256,49.9457],[-127.2209,49.9482],[-127.2248,49.9534],[-127.2285,49.9522],[-127.2405,49.9637],[-127.2491,49.964],[-127.2515,49.96],[-127.2552,49.9657],[-127.2515,49.9709],[-127.2486,49.967],[-127.2387,49.9713],[-127.2301,49.9689],[-127.2343,49.9763],[-127.2232,49.9784],[-127.2103,49.9922],[-127.1863,50.0013],[-127.1231,49.9961],[-127.1532,50.0007],[-127.1511,50.0055],[-127.155,50.0084],[-127.1512,50.011],[-127.1587,50.0165],[-127.149,50.0227],[-127.1121,50.0178],[-127.0938,50.0253],[-127.0754,50.0258],[-127.0864,50.0322],[-127.1165,50.0263],[-127.1819,50.025],[-127.1753,50.0178],[-127.1977,50.0158],[-127.1835,50.0099],[-127.2065,50.0058],[-127.2133,50.0119],[-127.2335,50.0106],[-127.2381,50.0035],[-127.2434,50.0064],[-127.2542,50.0013],[-127.2504,49.9984],[-127.2569,49.9941],[-127.2568,49.988],[-127.2673,49.9853],[-127.2638,49.9832],[-127.2792,49.9726],[-127.2874,49.9762],[-127.2844,49.9816],[-127.291,49.9886],[-127.2865,49.9933],[-127.3021,49.9956],[-127.3019,49.9869],[-127.3062,49.9867],[-127.3228,50.0076],[-127.3108,50.0069],[-127.3161,50.0111],[-127.3117,50.0255],[-127.3155,50.0266],[-127.2966,50.0381],[-127.2836,50.0395],[-127.2836,50.0341],[-127.274,50.0408],[-127.2412,50.0406],[-127.2325,50.0521],[-127.2124,50.0542],[-127.2022,50.0613],[-127.1942,50.0588],[-127.1899,50.0513],[-127.2079,50.0534],[-127.1851,50.0413],[-127.2007,50.0418],[-127.2125,50.0358],[-127.2168,50.0386],[-127.2149,50.0331],[-127.1863,50.0254],[-127.1816,50.0345],[-127.1742,50.0339],[-127.1707,50.0437],[-127.176,50.0493],[-127.1731,50.0531],[-127.1768,50.0601],[-127.185,50.0652],[-127.1675,50.0756],[-127.1507,50.0688],[-127.1757,50.0595],[-127.1331,50.0638],[-127.0969,50.0596],[-127.1091,50.0661],[-127.1443,50.0687],[-127.1491,50.0775],[-127.1561,50.0789],[-127.1408,50.0838],[-127.132,50.0944],[-127.1225,50.0926],[-127.1205,50.0984],[-127.0917,50.1031],[-127.0841,50.1158],[-127.0917,50.1181],[-127.086,50.1225],[-127.0859,50.1305],[-127.094,50.1468],[-127.1046,50.1422],[-127.101,50.1239],[-127.1286,50.1064],[-127.1758,50.1012],[-127.1694,50.0961],[-127.2129,50.0932],[-127.2348,50.1055],[-127.2229,50.1068],[-127.2182,50.1049],[-127.2271,50.1115],[-127.2321,50.11],[-127.2325,50.1122],[-127.226,50.1129],[-127.2303,50.1186],[-127.2658,50.1359],[-127.2635,50.142],[-127.2705,50.1465],[-127.2812,50.1456],[-127.307,50.1599],[-127.3,50.1685],[-127.3037,50.1761],[-127.2994,50.1862],[-127.3084,50.1961],[-127.3112,50.1532],[-127.3045,50.153],[-127.3065,50.1472],[-127.2973,50.1436],[-127.3091,50.1391],[-127.3065,50.1306],[-127.3112,50.128],[-127.2743,50.112],[-127.2749,50.1157],[-127.2899,50.1203],[-127.3019,50.1338],[-127.291,50.1354],[-127.2861,50.1329],[-127.2911,50.1321],[-127.2902,50.1285],[-127.2713,50.1253],[-127.2752,50.1238],[-127.2651,50.1184],[-127.2711,50.1097],[-127.2631,50.1038],[-127.2754,50.1019],[-127.272,50.1036],[-127.2758,50.1053],[-127.2841,50.0967],[-127.27,50.0824],[-127.2815,50.0758],[-127.2891,50.0791],[-127.286,50.0666],[-127.2672,50.0578],[-127.2871,50.0538],[-127.2864,50.0504],[-127.3118,50.0406],[-127.3173,50.044],[-127.3285,50.0305],[-127.3486,50.0239],[-127.344,50.0196],[-127.3589,50.0228],[-127.3592,50.0287],[-127.3522,50.0293],[-127.3544,50.0345],[-127.3481,50.0408],[-127.3493,50.0459],[-127.3595,50.0457],[-127.3585,50.0314],[-127.362,50.0286],[-127.3921,50.0328],[-127.3928,50.0282],[-127.4032,50.0363],[-127.3996,50.0389],[-127.4107,50.0414],[-127.4287,50.0359],[-127.4275,50.0404],[-127.4402,50.0471],[-127.4429,50.0645],[-127.4848,50.0928],[-127.4805,50.0951],[-127.484,50.1005],[-127.4794,50.1029],[-127.4828,50.1067],[-127.478,50.108],[-127.4776,50.1149],[-127.4585,50.1239],[-127.4225,50.1291],[-127.4198,50.1387],[-127.4684,50.1311],[-127.4986,50.1147],[-127.5147,50.1219],[-127.5079,50.1283],[-127.5153,50.1338],[-127.4699,50.1559],[-127.4541,50.1694],[-127.4529,50.1791],[-127.4333,50.1827],[-127.4335,50.1894],[-127.4557,50.1857],[-127.4607,50.1789],[-127.4791,50.1831],[-127.4769,50.1711],[-127.4855,50.1719],[-127.4952,50.1672],[-127.4951,50.1621],[-127.5038,50.1617],[-127.5106,50.1533],[-127.5052,50.1527],[-127.51,50.1457],[-127.5302,50.1397],[-127.5301,50.1328],[-127.5374,50.1271],[-127.5613,50.1231],[-127.5774,50.128],[-127.5966,50.1182],[-127.593,50.111],[-127.6081,50.1076],[-127.6084,50.1148],[-127.6,50.1161],[-127.5992,50.1208],[-127.6255,50.1174],[-127.6261,50.1248],[-127.6319,50.1247],[-127.6311,50.1322],[-127.6387,50.1364],[-127.6386,50.1439],[-127.6444,50.1458],[-127.6308,50.1546],[-127.6317,50.1624],[-127.6215,50.1674],[-127.6235,50.1713],[-127.607,50.1912],[-127.6121,50.195],[-127.614,50.1899],[-127.6194,50.1908],[-127.6296,50.1796],[-127.6255,50.1774],[-127.6338,50.1756],[-127.6366,50.1681],[-127.6447,50.1674],[-127.6612,50.1825],[-127.6482,50.1986],[-127.6298,50.2038],[-127.6309,50.2089],[-127.6504,50.2017],[-127.6656,50.1872],[-127.6655,50.1804],[-127.6508,50.1709],[-127.6546,50.1628],[-127.6617,50.163],[-127.6556,50.1571],[-127.661,50.1554],[-127.659,50.1503],[-127.6677,50.1461],[-127.6729,50.1534],[-127.678,50.1469],[-127.6877,50.148],[-127.6857,50.1412],[-127.6965,50.142],[-127.7012,50.1354],[-127.6955,50.1385],[-127.6851,50.131],[-127.7153,50.1335],[-127.7109,50.1292],[-127.7188,50.127],[-127.7169,50.1242],[-127.7335,50.1228],[-127.7955,50.0806],[-127.8131,50.08],[-127.8314,50.0879],[-127.8811,50.0977],[-127.8851,50.1041],[-127.9165,50.1137],[-127.9207,50.1295],[-127.907,50.1323],[-127.8982,50.1424],[-127.8553,50.1592],[-127.8454,50.1695],[-127.8357,50.1703],[-127.8344,50.1774],[-127.8278,50.1812],[-127.8305,50.1852],[-127.8225,50.1875],[-127.8148,50.199],[-127.8001,50.1952],[-127.7887,50.1984],[-127.8044,50.2004],[-127.7922,50.2089],[-127.8017,50.2204],[-127.7746,50.2214],[-127.7723,50.2265],[-127.7605,50.2283],[-127.7596,50.2375],[-127.7227,50.2413],[-127.7348,50.2474],[-127.7196,50.2638],[-127.7325,50.2589],[-127.7345,50.2493],[-127.7439,50.243],[-127.7392,50.2499],[-127.7473,50.2494],[-127.7474,50.2533],[-127.7743,50.2451],[-127.7994,50.2467],[-127.8487,50.2737],[-127.8563,50.2864],[-127.864,50.289],[-127.8127,50.2973],[-127.8049,50.3035],[-127.8056,50.3145],[-127.7993,50.3182],[-127.7539,50.3024],[-127.7175,50.2962],[-127.7924,50.3253],[-127.8073,50.3238],[-127.8181,50.3143],[-127.8371,50.3074],[-127.8578,50.3129],[-127.8651,50.3172],[-127.8628,50.3269],[-127.8729,50.3308],[-127.8745,50.3442],[-127.9013,50.3397],[-127.9211,50.3259],[-127.9432,50.325],[-127.9404,50.3201],[-127.9498,50.319],[-127.9699,50.3271],[-127.9764,50.3246],[-127.975,50.3345],[-127.9956,50.3505],[-127.9852,50.3542],[-127.9692,50.3522],[-127.9713,50.3579],[-127.9624,50.3635],[-127.9642,50.3724],[-127.9589,50.3798],[-127.971,50.3884],[-127.9601,50.3886],[-127.9559,50.3972],[-127.9587,50.4011],[-127.9472,50.4003],[-127.9502,50.4106],[-127.9195,50.4264],[-127.9399,50.4371],[-127.9341,50.459],[-127.937,50.4642],[-127.9156,50.4662],[-127.8909,50.454],[-127.8834,50.4591],[-127.8604,50.4592],[-127.8554,50.4677],[-127.8433,50.4705],[-127.8088,50.4567],[-127.7708,50.4828],[-127.7543,50.4762],[-127.7442,50.4825],[-127.732,50.4785],[-127.685,50.4906],[-127.6633,50.4837],[-127.6531,50.4873],[-127.6274,50.4806],[-127.6134,50.4822],[-127.6263,50.489],[-127.6264,50.4947],[-127.6123,50.4887],[-127.6101,50.4829],[-127.6034,50.4887],[-127.5953,50.4886],[-127.5813,50.4804],[-127.585,50.486],[-127.5901,50.4866],[-127.5858,50.4908],[-127.5691,50.4803],[-127.5331,50.4454],[-127.496,50.3933],[-127.4806,50.3831],[-127.4748,50.3884],[-127.4653,50.3815],[-127.4661,50.3753],[-127.4521,50.3725],[-127.4475,50.3673],[-127.4483,50.3498],[-127.435,50.3421],[-127.4416,50.3578],[-127.4373,50.3689],[-127.4423,50.3792],[-127.4565,50.3843],[-127.4858,50.408],[-127.4819,50.419],[-127.5016,50.4456],[-127.5224,50.4582],[-127.5188,50.4605],[-127.5384,50.4785],[-127.5563,50.4865],[-127.5757,50.5106],[-127.5812,50.5119],[-127.5774,50.5164],[-127.5836,50.5138],[-127.5799,50.5097],[-127.5826,50.5042],[-127.6078,50.5188],[-127.609,50.5243],[-127.5924,50.5307],[-127.5789,50.5265],[-127.5811,50.5195],[-127.5712,50.5223],[-127.5741,50.5255],[-127.562,50.5247],[-127.5626,50.5432],[-127.5508,50.5553],[-127.5316,50.5511],[-127.5231,50.5387],[-127.5096,50.5336],[-127.5175,50.5375],[-127.5126,50.5437],[-127.5247,50.5492],[-127.5285,50.5584],[-127.5385,50.5588],[-127.5299,50.5613],[-127.5298,50.5676],[-127.5101,50.5738],[-127.4208,50.5816],[-127.418,50.5932],[-127.4271,50.5992],[-127.4239,50.5995],[-127.419,50.6037],[-127.4236,50.6054],[-127.4246,50.5999],[-127.4337,50.5981],[-127.4297,50.5962],[-127.4439,50.5958],[-127.4632,50.5871],[-127.4774,50.5867],[-127.5064,50.5963],[-127.5375,50.5821],[-127.5395,50.5747],[-127.5546,50.5688],[-127.5792,50.5838],[-127.58,50.5915],[-127.5679,50.5941],[-127.5715,50.6021],[-127.5992,50.5934],[-127.6525,50.6],[-127.6487,50.6007],[-127.6524,50.6076],[-127.6827,50.6055],[-127.7005,50.6102],[-127.707,50.6036],[-127.7213,50.607],[-127.7525,50.602],[-127.7618,50.6079],[-127.7915,50.605],[-127.8392,50.6178],[-127.8809,50.6222],[-127.895,50.6275],[-127.9009,50.636],[-127.9424,50.6396],[-127.9595,50.6462],[-127.9642,50.6458],[-127.9583,50.6433],[-127.9672,50.6432],[-128.0086,50.6537],[-128.0118,50.6467],[-127.9597,50.6303],[-127.9473,50.6335],[-127.9224,50.6294],[-127.8797,50.616],[-127.8725,50.6185],[-127.872,50.6128],[-127.8521,50.6135],[-127.824,50.6041],[-127.7601,50.5937],[-127.767,50.5866],[-127.6159,50.5806],[-127.5592,50.5544],[-127.57,50.5344],[-127.5889,50.5381],[-127.5938,50.5499],[-127.6017,50.552],[-127.6042,50.5494],[-127.5976,50.5437],[-127.6109,50.5337],[-127.6264,50.5387],[-127.663,50.5331],[-127.7063,50.5168],[-127.7371,50.5126],[-127.7993,50.494],[-127.7948,50.4891],[-127.8016,50.4843],[-127.8392,50.4877],[-127.845,50.4907],[-127.8365,50.4995],[-127.8435,50.5031],[-127.827,50.4985],[-127.8248,50.5013],[-127.8418,50.5057],[-127.8303,50.5049],[-127.8375,50.5081],[-127.862,50.5076],[-127.861,50.5033],[-127.8676,50.5063],[-127.8716,50.5],[-127.8781,50.5038],[-127.8741,50.4892],[-127.8911,50.4798],[-127.9058,50.4789],[-127.9287,50.4893],[-127.9264,50.4837],[-127.9372,50.4785],[-127.9541,50.4804],[-127.9675,50.4697],[-127.9858,50.4719],[-127.9916,50.4669],[-128.0097,50.4698],[-128.0127,50.4826],[-128.0318,50.5003],[-128.009,50.5174],[-128.0096,50.5277],[-127.9928,50.5297],[-127.9649,50.5416],[-127.942,50.544],[-127.9251,50.5371],[-127.9047,50.5208],[-127.8952,50.52],[-127.9341,50.544],[-127.9479,50.5466],[-127.9718,50.5403],[-127.9773,50.5445],[-127.9867,50.5409],[-127.9912,50.5438],[-128.0232,50.5315],[-128.0158,50.5264],[-128.0304,50.5183],[-128.0262,50.5097],[-128.0406,50.5046],[-128.0409,50.4963],[-128.0521,50.4889],[-128.0687,50.4944],[-128.0843,50.5084],[-128.0951,50.5046],[-128.0933,50.4921],[-128.0838,50.4891],[-128.0831,50.5033],[-128.0295,50.4624],[-128.0382,50.4473],[-128.0471,50.4435],[-128.0503,50.4503],[-128.0587,50.4521],[-128.0622,50.4665],[-128.0766,50.4676],[-128.0816,50.4792],[-128.0982,50.48],[-128.0993,50.4715],[-128.1092,50.472],[-128.113,50.4816],[-128.1191,50.4824],[-128.1215,50.49],[-128.1405,50.5056],[-128.1632,50.5075],[-128.1614,50.5104],[-128.1734,50.5158],[-128.1767,50.5232],[-128.2044,50.5279],[-128.2188,50.5372],[-128.2179,50.5422],[-128.2097,50.5446],[-128.2104,50.5503],[-128.2147,50.5486],[-128.2199,50.5571],[-128.2469,50.5723],[-128.2394,50.5726],[-128.2361,50.5814],[-128.2257,50.584],[-128.2292,50.5915],[-128.2324,50.5885],[-128.2298,50.5834],[-128.2396,50.5909],[-128.2605,50.5943],[-128.2722,50.6058],[-128.3035,50.6087],[-128.319,50.6231],[-128.3186,50.6279],[-128.3272,50.6297],[-128.3281,50.639],[-128.318,50.6409],[-128.3173,50.6476],[-128.2933,50.6484],[-128.2833,50.6543],[-128.2855,50.6643],[-128.2755,50.6677],[-128.2733,50.6739],[-128.2924,50.678],[-128.3091,50.6648],[-128.3364,50.6716],[-128.3454,50.6653],[-128.3502,50.6703],[-128.3436,50.6728],[-128.3441,50.6864],[-128.3514,50.6898],[-128.3604,50.6714],[-128.3734,50.6756],[-128.3779,50.6918],[-128.366,50.6945],[-128.3633,50.7017],[-128.3735,50.717],[-128.3897,50.7276],[-128.3716,50.7327],[-128.3716,50.7406],[-128.3632,50.7376],[-128.3674,50.7455],[-128.3562,50.7584],[-128.3493,50.7597],[-128.3466,50.7797],[-128.3562,50.7805],[-128.3548,50.7718],[-128.3736,50.7414],[-128.3886,50.7348],[-128.412,50.744],[-128.3983,50.7507],[-128.4048,50.7558],[-128.4022,50.7717],[-128.4118,50.7728],[-128.4192,50.7667],[-128.4323,50.7718],[-128.4286,50.7786],[-128.4329,50.7804],[-128.4306,50.7866],[-128.422,50.7847],[-128.4142,50.7757],[-128.3809,50.7861],[-128.3663,50.7822],[-128.3511,50.7931],[-128.3579,50.8032],[-128.348,50.8011],[-128.3313,50.8067],[-128.3135,50.7944],[-128.2737,50.8067],[-128.2661,50.8012],[-128.249,50.8034],[-128.227,50.8156],[-128.2115,50.834],[-128.1853,50.8342],[-128.1776,50.8437],[-128.1657,50.8405],[-128.1508,50.8443],[-128.1479,50.8389],[-128.1284,50.8388],[-128.1182,50.8472],[-128.1206,50.8541],[-128.1055,50.8605],[-128.103,50.8666],[-128.066,50.8701],[-128.0536,50.8768]]],[[[-125.8022,52.0348],[-125.7546,52.0263],[-125.7172,52.011],[-125.6992,51.9865],[-125.7011,51.9665],[-125.6788,51.9503],[-125.6748,51.9378],[-125.6616,51.9351],[-125.6549,51.922],[-125.6113,51.9031],[-125.5857,51.9017],[-125.5731,51.9179],[-125.553,51.9147],[-125.5492,51.9238],[-125.5283,51.9392],[-125.5202,51.9369],[-125.504,51.9202],[-125.4896,51.9207],[-125.4833,51.916],[-125.4981,51.895],[-125.4982,51.8868],[-125.4874,51.8824],[-125.4726,51.8631],[-125.4628,51.8615],[-125.459,51.8506],[-125.4646,51.8407],[-125.4433,51.8358],[-125.4321,51.8401],[-125.4059,51.8364],[-125.4035,51.8316],[-125.4186,51.8233],[-125.4194,51.8175],[-125.4057,51.8138],[-125.3938,51.803],[-125.3631,51.7931],[-125.3529,51.7736],[-125.3113,51.7765],[-125.2846,51.7705],[-125.276,51.7725],[-125.2445,51.7576],[-125.2356,51.7457],[-125.2573,51.7298],[-125.2604,51.7184],[-125.2503,51.7112],[-125.221,51.7036],[-125.2381,51.6944],[-125.2334,51.6894],[-125.235,51.6777],[-125.2493,51.6688],[-125.2472,51.6634],[-125.2534,51.6538],[-125.223,51.6322],[-125.2349,51.6235],[-125.2553,51.6181],[-125.2683,51.6011],[-125.2856,51.5966],[-125.2824,51.582],[-125.2876,51.5735],[-125.2468,51.5672],[-125.2479,51.5579],[-125.2697,51.547],[-125.2566,51.5273],[-125.2426,51.5255],[-125.2389,51.52],[-125.2487,51.5106],[-125.289,51.5048],[-125.2825,51.486],[-125.2912,51.4757],[-125.3001,51.4733],[-125.3365,51.4833],[-125.3399,51.4747],[-125.3108,51.4577],[-125.3206,51.4516],[-125.3326,51.4526],[-125.3388,51.4419],[-125.3277,51.4359],[-125.3423,51.4147],[-125.3416,51.4029],[-125.3338,51.3903],[-125.2976,51.3866],[-125.2644,51.3752],[-125.242,51.3624],[-125.2348,51.347],[-125.2154,51.3371],[-125.2165,51.3288],[-125.1631,51.3169],[-125.1394,51.3215],[-125.1279,51.315],[-125.0962,51.3159],[-125.0554,51.304],[-125.0539,51.2955],[-125.0323,51.2928],[-125.0101,51.2808],[-124.9916,51.2869],[-124.9794,51.2826],[-124.9772,51.2774],[-124.9638,51.2783],[-124.9435,51.2844],[-124.9183,51.3057],[-124.9016,51.3032],[-124.8858,51.3084],[-124.8806,51.297],[-124.8599,51.3046],[-124.8431,51.2996],[-124.8392,51.3063],[-124.8259,51.309],[-124.8154,51.3172],[-124.8154,51.3087],[-124.772,51.2936],[-124.7717,51.2772],[-124.7602,51.267],[-124.7653,51.2603],[-124.7612,51.2497],[-124.7655,51.2357],[-124.7369,51.2309],[-124.7414,51.2267],[-124.7352,51.2249],[-124.7165,51.2315],[-124.7022,51.2243],[-124.6894,51.2089],[-124.6776,51.2207],[-124.6699,51.2198],[-124.6557,51.2067],[-124.6291,51.2062],[-124.6257,51.1929],[-124.6103,51.1958],[-124.6036,51.1878],[-124.5876,51.1863],[-124.5818,51.181],[-124.5702,51.1796],[-124.5521,51.1867],[-124.5351,51.1816],[-124.5332,51.1736],[-124.5076,51.173],[-124.4882,51.1623],[-124.4725,51.163],[-124.4594,51.1698],[-124.4555,51.1863],[-124.4156,51.1946],[-124.4014,51.1957],[-124.3939,51.1911],[-124.3693,51.1955],[-124.3766,51.181],[-124.373,51.1665],[-124.3816,51.1504],[-124.3781,51.146],[-124.3301,51.1487],[-124.3246,51.1406],[-124.3055,51.1313],[-124.2909,51.1439],[-124.2483,51.1413],[-124.2505,51.1487],[-124.2336,51.1501],[-124.2147,51.1372],[-124.1965,51.1397],[-124.1899,51.1282],[-124.1743,51.1311],[-124.1702,51.1278],[-124.1774,51.1102],[-124.1726,51.1],[-124.1794,51.0927],[-124.1938,51.0898],[-124.1976,51.0794],[-124.21,51.074],[-124.2312,51.0753],[-124.2359,51.0673],[-124.2272,51.0647],[-124.2312,51.0563],[-124.2112,51.0505],[-124.1744,51.0592],[-124.1724,51.0549],[-124.1458,51.0453],[-124.1578,51.0407],[-124.1532,51.0301],[-124.1412,51.0311],[-124.1337,51.0208],[-124.0894,51.0123],[-124.0819,51.0025],[-124.0918,50.9921],[-124.0899,50.9819],[-124.0714,50.9841],[-124.0662,50.9739],[-124.0605,50.9755],[-124.0635,50.9584],[-124.0581,50.9477],[-124.0483,50.9422],[-124.035,50.9363],[-124.0267,50.938],[-124.0078,50.9578],[-124.004,50.956],[-123.9945,50.9627],[-123.9568,50.9603],[-123.9368,50.9485],[-123.9335,50.9421],[-123.9378,50.9379],[-123.9323,50.934],[-123.9199,50.942],[-123.8995,50.9384],[-123.8904,50.9469],[-123.8786,50.9488],[-123.8757,50.9395],[-123.8575,50.9318],[-123.8413,50.9344],[-123.8398,50.9243],[-123.8297,50.9104],[-123.8315,50.9004],[-123.8111,50.9119],[-123.7949,50.9147],[-123.7645,50.905],[-123.771,50.892],[-123.7665,50.885],[-123.732,50.8839],[-123.7104,50.8974],[-123.7027,50.8918],[-123.699,50.8807],[-123.6833,50.8795],[-123.7047,50.8487],[-123.7195,50.8483],[-123.7246,50.8311],[-123.7288,50.8305],[-123.733,50.8408],[-123.7405,50.8412],[-123.7926,50.8305],[-123.8281,50.8347],[-123.8314,50.8228],[-123.8111,50.8172],[-123.8064,50.8065],[-123.792,50.7961],[-123.8136,50.7919],[-123.8429,50.7655],[-123.8433,50.7545],[-123.8333,50.7429],[-123.8417,50.736],[-123.8233,50.7186],[-123.8606,50.7099],[-123.8743,50.7212],[-123.8917,50.721],[-123.922,50.7386],[-123.9179,50.7577],[-123.9379,50.7489],[-123.9531,50.7571],[-123.9591,50.7769],[-123.9802,50.7856],[-123.9702,50.8],[-123.9743,50.804],[-124.0309,50.8115],[-124.0374,50.8177],[-124.0334,50.833],[-124.0423,50.8368],[-124.0667,50.8358],[-124.0772,50.8242],[-124.1248,50.8324],[-124.1283,50.8253],[-124.1251,50.8206],[-124.1304,50.8172],[-124.1232,50.8104],[-124.1316,50.8023],[-124.1313,50.7943],[-124.1417,50.7915],[-124.1629,50.7985],[-124.1779,50.7978],[-124.1862,50.8032],[-124.1944,50.8008],[-124.1948,50.8063],[-124.2151,50.8241],[-124.2435,50.8161],[-124.2596,50.8219],[-124.2611,50.829],[-124.2556,50.8402],[-124.2634,50.8454],[-124.2599,50.855],[-124.2637,50.8636],[-124.3139,50.8505],[-124.3147,50.8424],[-124.3343,50.8372],[-124.3268,50.8194],[-124.3599,50.8003],[-124.3517,50.7898],[-124.3825,50.7772],[-124.3596,50.7646],[-124.3469,50.7486],[-124.3692,50.7381],[-124.384,50.7199],[-124.4093,50.7136],[-124.4169,50.6988],[-124.4431,50.6821],[-124.4474,50.6715],[-124.4685,50.6674],[-124.4759,50.6607],[-124.4817,50.664],[-124.4961,50.6736],[-124.4959,50.6932],[-124.492,50.6971],[-124.4949,50.7002],[-124.5237,50.6902],[-124.5353,50.6767],[-124.5577,50.671],[-124.5769,50.6566],[-124.5906,50.6632],[-124.6048,50.6596],[-124.5996,50.6523],[-124.6034,50.6379],[-124.5804,50.63],[-124.583,50.6215],[-124.5722,50.614],[-124.5681,50.6042],[-124.5865,50.5912],[-124.5767,50.5775],[-124.5829,50.5742],[-124.5612,50.5594],[-124.5644,50.5535],[-124.5579,50.5502],[-124.554,50.5398],[-124.5362,50.5382],[-124.5329,50.5287],[-124.5176,50.5221],[-124.5165,50.514],[-124.5174,50.4843],[-124.5491,50.4841],[-124.5622,50.4757],[-124.5673,50.4637],[-124.5813,50.459],[-124.5804,50.42],[-124.6144,50.4195],[-124.6455,50.4261],[-124.662,50.4371],[-124.6747,50.434],[-124.6715,50.4247],[-124.6929,50.4015],[-124.7038,50.397],[-124.6999,50.3903],[-124.7121,50.3734],[-124.7314,50.3583],[-124.7405,50.3578],[-124.752,50.3448],[-124.7704,50.3419],[-124.7849,50.3277],[-124.8003,50.3232],[-124.8028,50.3153],[-124.8305,50.3067],[-124.896,50.3252],[-124.9384,50.3261],[-124.9618,50.3375],[-124.9644,50.3478],[-124.9504,50.358],[-124.9387,50.3804],[-124.9524,50.3902],[-124.9506,50.3961],[-124.9632,50.4295],[-124.9843,50.4413],[-125.0083,50.4464],[-125.0131,50.4403],[-124.9873,50.4202],[-124.9687,50.3775],[-125.0018,50.3432],[-125.018,50.3429],[-125.0444,50.351],[-125.0319,50.3319],[-125.0408,50.3211],[-125.0548,50.3154],[-125.0803,50.3254],[-125.0766,50.3353],[-125.0931,50.3484],[-125.0885,50.3557],[-125.0692,50.3593],[-125.0541,50.3722],[-125.0587,50.3787],[-125.0519,50.3878],[-125.0661,50.4111],[-125.0571,50.4186],[-125.0569,50.4443],[-125.0431,50.4519],[-125.0507,50.4635],[-125.0435,50.4693],[-125.0486,50.4699],[-125.0522,50.4796],[-125.0241,50.4844],[-124.9927,50.4983],[-124.9695,50.5006],[-124.9356,50.5338],[-124.9448,50.5461],[-124.9438,50.5535],[-124.9221,50.5507],[-124.8864,50.5604],[-124.8725,50.5722],[-124.8752,50.5785],[-124.8688,50.5899],[-124.8589,50.5917],[-124.8571,50.5963],[-124.8753,50.5999],[-124.8668,50.6084],[-124.867,50.6174],[-124.8752,50.6262],[-124.8606,50.6419],[-124.8651,50.6586],[-124.8526,50.6652],[-124.8637,50.689],[-124.8397,50.7019],[-124.8406,50.7079],[-124.833,50.7128],[-124.8322,50.7328],[-124.8469,50.7464],[-124.8598,50.751],[-124.8648,50.7642],[-124.894,50.7691],[-124.903,50.7751],[-124.9124,50.7856],[-124.9115,50.7942],[-124.917,50.8007],[-124.864,50.8227],[-124.8611,50.8313],[-124.8436,50.8462],[-124.8438,50.8644],[-124.8377,50.8725],[-124.8284,50.8728],[-124.8029,50.8881],[-124.7867,50.8859],[-124.7924,50.8883],[-124.7927,50.894],[-124.7875,50.8934],[-124.7997,50.9148],[-124.823,50.9311],[-124.8607,50.9306],[-124.8516,50.9131],[-124.8541,50.9013],[-124.8817,50.886],[-124.8947,50.8718],[-124.9012,50.8611],[-124.8967,50.8591],[-124.8978,50.8526],[-124.91,50.8436],[-124.9113,50.8374],[-124.9545,50.8341],[-124.957,50.828],[-124.9723,50.8215],[-124.9824,50.8102],[-124.9818,50.7973],[-124.9435,50.7828],[-124.9518,50.7742],[-124.9478,50.755],[-124.9155,50.7464],[-124.8864,50.7281],[-124.9157,50.7035],[-124.9184,50.6954],[-124.9118,50.6903],[-124.9121,50.684],[-124.9292,50.6715],[-124.9225,50.6651],[-124.9165,50.6462],[-124.8981,50.6388],[-124.9098,50.6208],[-124.9066,50.613],[-124.9119,50.6119],[-124.9291,50.5898],[-124.9546,50.588],[-124.989,50.5686],[-124.996,50.559],[-124.9931,50.5365],[-125.0473,50.5126],[-125.06,50.5139],[-125.0993,50.5014],[-125.1099,50.5025],[-125.1062,50.4894],[-125.1128,50.4824],[-125.1059,50.4714],[-125.1106,50.4606],[-125.0975,50.4458],[-125.1143,50.4302],[-125.1445,50.4199],[-125.1575,50.4223],[-125.1684,50.4091],[-125.1829,50.4077],[-125.195,50.4137],[-125.196,50.4186],[-125.2271,50.4244],[-125.2229,50.4313],[-125.2279,50.4447],[-125.2696,50.4597],[-125.2567,50.469],[-125.2588,50.4742],[-125.2451,50.4883],[-125.2501,50.5029],[-125.2194,50.5023],[-125.1702,50.5115],[-125.155,50.506],[-125.1357,50.507],[-125.1387,50.514],[-125.1487,50.5186],[-125.1828,50.5202],[-125.217,50.5085],[-125.2489,50.5032],[-125.2566,50.5058],[-125.2634,50.4999],[-125.2645,50.4917],[-125.2786,50.4867],[-125.2986,50.4653],[-125.2975,50.457],[-125.3107,50.4556],[-125.3412,50.4731],[-125.3522,50.4847],[-125.3579,50.497],[-125.3511,50.5075],[-125.3572,50.5146],[-125.3533,50.5256],[-125.3581,50.5331],[-125.352,50.537],[-125.3612,50.5491],[-125.365,50.5686],[-125.3659,50.5554],[-125.3677,50.5581],[-125.3766,50.5521],[-125.3711,50.5434],[-125.3798,50.5271],[-125.403,50.5305],[-125.3883,50.5224],[-125.3734,50.5049],[-125.3802,50.4868],[-125.3977,50.4676],[-125.4396,50.4478],[-125.4749,50.4457],[-125.4787,50.4409],[-125.4986,50.4461],[-125.4973,50.451],[-125.5164,50.4534],[-125.5824,50.446],[-125.5937,50.4495],[-125.59,50.4602],[-125.5781,50.4681],[-125.5766,50.4802],[-125.547,50.5037],[-125.5513,50.5059],[-125.5442,50.5134],[-125.5483,50.522],[-125.5289,50.5346],[-125.53,50.5408],[-125.5234,50.5476],[-125.5247,50.5564],[-125.5363,50.5598],[-125.5397,50.5672],[-125.5378,50.5827],[-125.5266,50.5892],[-125.5343,50.6111],[-125.5299,50.634],[-125.509,50.6604],[-125.5193,50.6645],[-125.4585,50.6738],[-125.4507,50.6855],[-125.4513,50.6928],[-125.427,50.7118],[-125.4314,50.7154],[-125.4018,50.7156],[-125.4235,50.72],[-125.4543,50.7134],[-125.4712,50.7231],[-125.4783,50.7213],[-125.4635,50.6998],[-125.4667,50.6895],[-125.4942,50.6811],[-125.4938,50.6775],[-125.5254,50.6758],[-125.5335,50.666],[-125.5347,50.655],[-125.5395,50.6544],[-125.5401,50.6484],[-125.5584,50.6301],[-125.5549,50.6212],[-125.5573,50.6031],[-125.5528,50.5954],[-125.5754,50.5771],[-125.561,50.5782],[-125.5586,50.5632],[-125.5499,50.55],[-125.5642,50.5434],[-125.5782,50.526],[-125.6117,50.5166],[-125.5899,50.5119],[-125.6179,50.5056],[-125.6385,50.4944],[-125.6033,50.5049],[-125.5819,50.5052],[-125.6161,50.4515],[-125.657,50.4287],[-125.7072,50.4222],[-125.718,50.4257],[-125.7195,50.4319],[-125.7693,50.4673],[-125.7521,50.4777],[-125.7116,50.4821],[-125.6969,50.4904],[-125.7556,50.4835],[-125.7555,50.4786],[-125.769,50.4734],[-125.7824,50.48],[-125.7626,50.4817],[-125.7741,50.4889],[-125.7651,50.495],[-125.8096,50.4873],[-125.8189,50.4934],[-125.8076,50.5051],[-125.771,50.5158],[-125.7288,50.5197],[-125.7213,50.5273],[-125.7534,50.5262],[-125.779,50.5364],[-125.7815,50.5284],[-125.8082,50.5213],[-125.8354,50.5406],[-125.8383,50.5335],[-125.8275,50.5278],[-125.8265,50.5201],[-125.8475,50.4961],[-125.886,50.4909],[-125.9152,50.4739],[-125.9552,50.4722],[-125.9614,50.4676],[-126.0023,50.4754],[-125.977,50.4928],[-126.0056,50.4931],[-126.0183,50.4782],[-126.0266,50.4823],[-126.0361,50.4742],[-126.0807,50.4832],[-126.0877,50.4959],[-126.0774,50.5059],[-126.0597,50.5034],[-126.0257,50.5195],[-125.9804,50.5206],[-125.9885,50.5238],[-125.9894,50.5294],[-125.9983,50.53],[-125.9768,50.5331],[-125.9674,50.5407],[-125.9094,50.5481],[-125.9392,50.5475],[-125.9449,50.5534],[-125.9387,50.5615],[-125.9973,50.5328],[-126.0221,50.5322],[-126.0524,50.5182],[-126.0598,50.5228],[-126.0685,50.5197],[-126.0908,50.504],[-126.0952,50.4849],[-126.1055,50.4902],[-126.1316,50.4833],[-126.1555,50.4856],[-126.2033,50.5007],[-126.2288,50.4999],[-126.2398,50.5028],[-126.2418,50.5082],[-126.2709,50.5077],[-126.2872,50.5212],[-126.2844,50.5273],[-126.224,50.5306],[-126.2108,50.5379],[-126.1901,50.5312],[-126.1864,50.5142],[-126.1817,50.5205],[-126.172,50.5211],[-126.1769,50.5341],[-126.184,50.537],[-126.1895,50.5475],[-126.1864,50.5618],[-126.1904,50.5691],[-126.1698,50.578],[-126.1504,50.5795],[-126.1513,50.5882],[-126.1301,50.5886],[-126.1261,50.5931],[-126.1108,50.5906],[-126.1028,50.5981],[-126.0709,50.6001],[-126.0556,50.6097],[-126.0047,50.6111],[-125.9988,50.614],[-125.9997,50.6192],[-125.9589,50.6225],[-125.9409,50.6327],[-125.9408,50.6383],[-125.9745,50.6424],[-126.0274,50.6213],[-126.0774,50.6173],[-126.13,50.598],[-126.1487,50.5987],[-126.1992,50.5788],[-126.2062,50.5871],[-126.2194,50.5834],[-126.2331,50.5896],[-126.24,50.5837],[-126.2655,50.5955],[-126.2704,50.6023],[-126.2681,50.6091],[-126.2755,50.613],[-126.248,50.6196],[-126.2401,50.6236],[-126.2423,50.6271],[-126.2742,50.6172],[-126.301,50.6303],[-126.2743,50.6303],[-126.2138,50.6408],[-126.2095,50.6374],[-126.1756,50.6476],[-126.1614,50.6457],[-126.1835,50.6363],[-126.1143,50.6432],[-126.0696,50.6579],[-126.0294,50.6599],[-126.0075,50.6676],[-125.8854,50.664],[-125.8358,50.6815],[-125.7953,50.6825],[-125.7817,50.6761],[-125.7612,50.6753],[-125.7571,50.68],[-125.7633,50.6856],[-125.7597,50.6875],[-125.7381,50.6877],[-125.7376,50.6639],[-125.7283,50.6613],[-125.7316,50.6682],[-125.7245,50.6826],[-125.7001,50.6883],[-125.6927,50.6957],[-125.6941,50.7006],[-125.6824,50.71],[-125.6783,50.7269],[-125.6843,50.7323],[-125.6835,50.7395],[-125.6727,50.7382],[-125.6635,50.7518],[-125.6358,50.7508],[-125.6297,50.7573],[-125.6159,50.7589],[-125.6107,50.7631],[-125.6126,50.776],[-125.6077,50.78],[-125.6023,50.7778],[-125.6039,50.781],[-125.5911,50.7955],[-125.6132,50.8185],[-125.6343,50.8248],[-125.6451,50.8392],[-125.6466,50.8548],[-125.6324,50.8641],[-125.6225,50.8645],[-125.6213,50.872],[-125.6145,50.8747],[-125.5634,50.8649],[-125.5496,50.8681],[-125.5329,50.8865],[-125.5359,50.8963],[-125.522,50.9215],[-125.5048,50.9313],[-125.5036,50.9383],[-125.4957,50.9387],[-125.5098,50.9614],[-125.5366,50.9747],[-125.5266,50.9854],[-125.5433,51.009],[-125.5444,51.0267],[-125.5384,51.0428],[-125.543,51.0567],[-125.5521,51.0649],[-125.5746,51.0714],[-125.5723,51.0711],[-125.567,51.0785],[-125.588,51.0802],[-125.5873,51.0948],[-125.5951,51.0893],[-125.6004,51.0934],[-125.6176,51.0932],[-125.6171,51.097],[-125.6233,51.0919],[-125.6213,51.0965],[-125.6372,51.0932],[-125.6404,51.0887],[-125.6365,51.0716],[-125.5906,51.0358],[-125.5916,51.0257],[-125.6124,51.0222],[-125.5921,51.0156],[-125.5932,51.0053],[-125.5784,50.9864],[-125.5915,50.9657],[-125.571,50.9528],[-125.5499,50.9497],[-125.5448,50.9373],[-125.5536,50.923],[-125.5681,50.9162],[-125.5663,50.9037],[-125.5937,50.9022],[-125.6033,50.9084],[-125.6226,50.9047],[-125.6409,50.8986],[-125.6332,50.8902],[-125.6399,50.8905],[-125.6367,50.8864],[-125.6634,50.8852],[-125.6635,50.8797],[-125.685,50.8749],[-125.6785,50.8661],[-125.6886,50.8505],[-125.6811,50.829],[-125.6856,50.825],[-125.6812,50.8176],[-125.6521,50.8086],[-125.6428,50.7891],[-125.6502,50.7823],[-125.6461,50.776],[-125.6513,50.7737],[-125.6864,50.7812],[-125.686,50.7766],[-125.6915,50.7764],[-125.7051,50.7613],[-125.7018,50.7544],[-125.7226,50.7452],[-125.7138,50.7344],[-125.7118,50.7162],[-125.7314,50.7074],[-125.7543,50.7097],[-125.8042,50.7023],[-125.8514,50.7024],[-125.89,50.6929],[-125.958,50.6852],[-125.9801,50.6908],[-125.9852,50.6864],[-125.9926,50.6876],[-125.9583,50.6996],[-125.9515,50.7073],[-125.9979,50.6956],[-126.0156,50.7031],[-126.0246,50.6942],[-126.0943,50.6751],[-126.1824,50.6683],[-126.1977,50.6885],[-126.194,50.7114],[-126.1885,50.7169],[-126.1286,50.7342],[-126.1108,50.755],[-126.0871,50.762],[-126.0702,50.7733],[-126.0229,50.7818],[-126.0087,50.7931],[-126.013,50.798],[-126.0096,50.8017],[-126.0257,50.8068],[-126.037,50.7926],[-126.1126,50.7784],[-126.1192,50.7691],[-126.1934,50.7813],[-126.1908,50.7886],[-126.2045,50.8094],[-126.1898,50.8242],[-126.1931,50.8247],[-126.1895,50.8272],[-126.178,50.8305],[-126.1674,50.8411],[-126.1698,50.8559],[-126.164,50.8664],[-126.1653,50.8783],[-126.1722,50.8706],[-126.1862,50.8759],[-126.1946,50.8577],[-126.1903,50.8493],[-126.1934,50.8416],[-126.2165,50.8325],[-126.2512,50.833],[-126.2605,50.8425],[-126.2501,50.8577],[-126.2418,50.8619],[-126.2443,50.865],[-126.2334,50.8676],[-126.2364,50.8698],[-126.2515,50.8683],[-126.2514,50.8636],[-126.2653,50.8604],[-126.2803,50.8459],[-126.3066,50.8436],[-126.309,50.8477],[-126.3002,50.8495],[-126.3286,50.8507],[-126.3716,50.8378],[-126.3803,50.8303],[-126.476,50.8137],[-126.5079,50.8176],[-126.4668,50.8505],[-126.4833,50.8524],[-126.5012,50.8617],[-126.5083,50.8581],[-126.5107,50.8664],[-126.5164,50.8615],[-126.5241,50.8627],[-126.5249,50.8558],[-126.5305,50.8532],[-126.5498,50.8572],[-126.5519,50.8511],[-126.5291,50.8488],[-126.5216,50.8539],[-126.4842,50.8458],[-126.4934,50.8359],[-126.5026,50.8363],[-126.5106,50.829],[-126.5658,50.8331],[-126.5838,50.8496],[-126.5737,50.8511],[-126.5599,50.8445],[-126.5598,50.8549],[-126.5545,50.8568],[-126.562,50.862],[-126.5594,50.8663],[-126.537,50.8726],[-126.5436,50.8761],[-126.539,50.8818],[-126.5507,50.8848],[-126.55,50.8964],[-126.5344,50.9045],[-126.5086,50.9075],[-126.4954,50.925],[-126.4636,50.9235],[-126.4399,50.9094],[-126.425,50.907],[-126.4152,50.8963],[-126.4504,50.8802],[-126.4875,50.8742],[-126.4829,50.8728],[-126.4364,50.8764],[-126.4132,50.8839],[-126.4116,50.8904],[-126.4032,50.8903],[-126.3996,50.9008],[-126.4035,50.9042],[-126.4155,50.9023],[-126.4191,50.9075],[-126.3991,50.9179],[-126.3624,50.917],[-126.343,50.9113],[-126.307,50.9172],[-126.2121,50.9011],[-126.1978,50.9047],[-126.1952,50.9163],[-126.1872,50.9237],[-126.197,50.9363],[-126.2034,50.9308],[-126.2114,50.9331],[-126.2328,50.9239],[-126.2754,50.9265],[-126.3059,50.9338],[-126.3447,50.9288],[-126.3563,50.9368],[-126.3906,50.9317],[-126.4414,50.9464],[-126.4616,50.9441],[-126.4715,50.9507],[-126.4735,50.959],[-126.4857,50.9631],[-126.4924,50.9759],[-126.4896,50.9868],[-126.5058,50.999],[-126.509,51.0078],[-126.5047,51.021],[-126.5157,51.0379],[-126.5356,51.0372],[-126.536,51.0282],[-126.5501,51.0045],[-126.5355,50.9866],[-126.5378,50.9817],[-126.5137,50.9573],[-126.5116,50.9414],[-126.5329,50.9368],[-126.5577,50.9213],[-126.5641,50.9149],[-126.5602,50.9107],[-126.5869,50.9037],[-126.5894,50.8987],[-126.6255,50.886],[-126.6559,50.8831],[-126.6486,50.8764],[-126.6628,50.8744],[-126.6511,50.8712],[-126.664,50.8651],[-126.6843,50.8726],[-126.722,50.8735],[-126.7577,50.8991],[-126.7738,50.8999],[-126.7807,50.9057],[-126.8044,50.9075],[-126.8252,50.9012],[-126.8408,50.9121],[-126.7975,50.9213],[-126.7885,50.9163],[-126.7916,50.9086],[-126.7854,50.9096],[-126.7828,50.9235],[-126.7695,50.927],[-126.6757,50.9288],[-126.6783,50.9305],[-126.6355,50.9339],[-126.6841,50.9335],[-126.6878,50.9381],[-126.6748,50.939],[-126.7031,50.944],[-126.7146,50.9528],[-126.7207,50.9483],[-126.6915,50.9379],[-126.714,50.9313],[-126.722,50.9358],[-126.716,50.9379],[-126.7201,50.9408],[-126.7239,50.941],[-126.7228,50.9377],[-126.7402,50.9417],[-126.7746,50.9344],[-126.7982,50.9471],[-126.8054,50.9457],[-126.8083,50.9508],[-126.8117,50.9496],[-126.8119,50.9527],[-126.7751,50.9624],[-126.7923,50.9712],[-126.7866,50.9952],[-126.7769,51.0081],[-126.7789,51.0189],[-126.7858,51.0207],[-126.7973,51.0016],[-126.7953,50.9914],[-126.8004,50.979],[-126.7993,50.9676],[-126.7939,50.9623],[-126.8101,50.9541],[-126.8309,50.9571],[-126.8288,50.9613],[-126.8391,50.965],[-126.845,50.9566],[-126.8353,50.9581],[-126.8295,50.9539],[-126.8362,50.9483],[-126.8525,50.947],[-126.8586,50.9528],[-126.8552,50.9554],[-126.8635,50.9588],[-126.8579,50.9607],[-126.8729,50.9634],[-126.8646,50.9586],[-126.8664,50.9509],[-126.8773,50.9565],[-126.8817,50.9499],[-126.8721,50.9511],[-126.8715,50.9461],[-126.8621,50.9444],[-126.8711,50.9385],[-126.8725,50.9277],[-126.8898,50.9309],[-126.8872,50.9339],[-126.8918,50.9345],[-126.8856,50.9377],[-126.8905,50.9408],[-126.8962,50.9346],[-126.9041,50.9352],[-126.901,50.9258],[-126.8934,50.9291],[-126.8852,50.9235],[-126.9127,50.9065],[-126.9083,50.903],[-126.8934,50.9083],[-126.8887,50.9047],[-126.8897,50.8988],[-126.9019,50.8943],[-126.926,50.8992],[-126.93,50.904],[-126.9449,50.8972],[-126.9629,50.9012],[-126.9878,50.8978],[-126.9995,50.9054],[-127.0202,50.9036],[-127.0185,50.9093],[-127.03,50.9175],[-127.0415,50.9115],[-127.031,50.9127],[-127.0351,50.9093],[-127.0563,50.9068],[-127.058,50.9115],[-127.0844,50.9218],[-127.0939,50.9194],[-127.0933,50.9161],[-127.1096,50.917],[-127.11,50.9213],[-127.1163,50.9205],[-127.1376,50.9318],[-127.1287,50.9389],[-127.1298,50.9425],[-127.1198,50.944],[-127.1316,50.9499],[-127.1188,50.9519],[-127.1012,50.9466],[-127.1237,50.9422],[-127.1139,50.9399],[-127.036,50.9582],[-127.0389,50.965],[-127.0339,50.9686],[-127.0427,50.9743],[-127.0353,50.9786],[-127.0371,50.9838],[-127.0553,50.9901],[-127.0553,50.9953],[-127.0494,50.9985],[-127.0711,51.0093],[-127.0751,51.005],[-127.047,50.9813],[-127.0445,50.9657],[-127.0406,50.9642],[-127.0439,50.9594],[-127.0658,50.9553],[-127.0674,50.9597],[-127.0781,50.9621],[-127.0843,50.9502],[-127.1189,50.9543],[-127.1421,50.9501],[-127.1318,50.945],[-127.1407,50.9361],[-127.1696,50.9327],[-127.1754,50.9271],[-127.1892,50.9301],[-127.1885,50.9251],[-127.1998,50.9195],[-127.1672,50.9242],[-127.1444,50.9183],[-127.1451,50.9108],[-127.0962,50.9033],[-127.0451,50.8883],[-127.0072,50.8856],[-127.016,50.8903],[-127.0114,50.8914],[-126.9919,50.8851],[-126.9926,50.8909],[-126.983,50.8911],[-126.9801,50.8829],[-126.9634,50.8874],[-126.962,50.8949],[-126.94,50.8917],[-126.9342,50.8954],[-126.9112,50.8934],[-126.8958,50.8858],[-126.9183,50.8664],[-126.9299,50.868],[-126.9268,50.8609],[-126.9411,50.8516],[-126.9722,50.8441],[-126.9774,50.8388],[-127.0096,50.8339],[-127.0055,50.8276],[-127.0147,50.822],[-127.0147,50.8175],[-127.0212,50.8171],[-127.0465,50.8216],[-127.0583,50.8287],[-127.0591,50.8243],[-127.0514,50.8216],[-127.058,50.8185],[-127.0689,50.8257],[-127.0702,50.8294],[-127.0651,50.8305],[-127.0757,50.8366],[-127.0733,50.8402],[-127.1352,50.8562],[-127.1648,50.8752],[-127.1758,50.8766],[-127.1805,50.8724],[-127.1867,50.8774],[-127.1901,50.8738],[-127.1972,50.8759],[-127.2044,50.883],[-127.2111,50.8823],[-127.2398,50.8969],[-127.2346,50.9021],[-127.2583,50.9025],[-127.2521,50.9057],[-127.2701,50.912],[-127.2568,50.9189],[-127.2402,50.9154],[-127.251,50.9211],[-127.2211,50.9376],[-127.2255,50.9411],[-127.219,50.9431],[-127.2288,50.9429],[-127.2245,50.9374],[-127.2303,50.9387],[-127.2512,50.9231],[-127.2937,50.9358],[-127.2857,50.9257],[-127.2574,50.9197],[-127.2697,50.9148],[-127.2733,50.9192],[-127.2822,50.9109],[-127.3039,50.9085],[-127.2966,50.9054],[-127.2978,50.9006],[-127.3122,50.908],[-127.3331,50.9042],[-127.3523,50.929],[-127.351,50.9223],[-127.3657,50.9285],[-127.3691,50.9219],[-127.3657,50.9169],[-127.3838,50.9249],[-127.4071,50.9257],[-127.4026,50.9269],[-127.4043,50.9343],[-127.4318,50.9419],[-127.4326,50.9467],[-127.4498,50.9532],[-127.4461,50.9571],[-127.4534,50.9605],[-127.4478,50.9636],[-127.4213,50.9594],[-127.4197,50.9614],[-127.4243,50.963],[-127.4178,50.9628],[-127.4368,50.9659],[-127.4322,50.9683],[-127.4118,50.9655],[-127.4429,50.9724],[-127.4451,50.9775],[-127.4486,50.9752],[-127.4443,50.9723],[-127.4961,50.984],[-127.5124,50.9932],[-127.5249,51.0138],[-127.5236,51.0237],[-127.5123,51.03],[-127.5199,51.0347],[-127.5141,51.0454],[-127.4963,51.0618],[-127.5029,51.063],[-127.5079,51.0612],[-127.5062,51.0692],[-127.5115,51.0706],[-127.5083,51.0648],[-127.5111,51.0531],[-127.5221,51.0398],[-127.5214,51.0534],[-127.5162,51.06],[-127.519,51.07],[-127.5112,51.0688],[-127.5171,51.0726],[-127.5144,51.0807],[-127.5066,51.0828],[-127.5106,51.0848],[-127.4975,51.0838],[-127.4961,51.0752],[-127.4729,51.066],[-127.4719,51.0715],[-127.4882,51.0756],[-127.497,51.0846],[-127.5092,51.0876],[-127.4975,51.0956],[-127.4989,51.0986],[-127.4383,51.0686],[-127.4167,51.0638],[-127.4055,51.0543],[-127.4124,51.0496],[-127.4514,51.057],[-127.4474,51.0529],[-127.4184,51.0474],[-127.4097,51.0493],[-127.4098,51.0441],[-127.394,51.047],[-127.385,51.0417],[-127.368,51.043],[-127.3527,51.0351],[-127.3236,51.0339],[-127.2948,51.019],[-127.2981,51.0177],[-127.2883,51.0017],[-127.2755,51.0033],[-127.2942,51.0143],[-127.2551,51.0],[-127.2887,50.9963],[-127.3055,50.9891],[-127.247,50.9937],[-127.2072,50.978],[-127.1984,50.9703],[-127.2168,50.9707],[-127.2148,50.9669],[-127.2187,50.9651],[-127.2096,50.9575],[-127.209,50.951],[-127.2021,50.9577],[-127.2094,50.9645],[-127.2011,50.9635],[-127.2034,50.9681],[-127.195,50.9692],[-127.1931,50.9723],[-127.1715,50.9658],[-127.1802,50.9734],[-127.188,50.9725],[-127.2339,50.9947],[-127.1932,51.0043],[-127.1843,51.0122],[-127.1908,51.0157],[-127.1904,51.021],[-127.2036,51.0228],[-127.2006,51.0101],[-127.2148,51.0031],[-127.2439,50.9996],[-127.2887,51.0145],[-127.3066,51.0305],[-127.3145,51.0325],[-127.2779,51.0338],[-127.2801,51.0365],[-127.3014,51.0353],[-127.3246,51.0403],[-127.3021,51.0389],[-127.304,51.0435],[-127.2964,51.0439],[-127.2827,51.0413],[-127.2478,51.0411],[-127.2432,51.0396],[-127.2505,51.0363],[-127.2298,51.032],[-127.2221,51.0402],[-127.1424,51.038],[-127.134,51.0442],[-127.0988,51.0476],[-127.0952,51.0468],[-127.0974,51.0371],[-127.0932,51.0326],[-127.0892,51.0321],[-127.0922,51.0296],[-127.0846,51.0323],[-127.0931,51.0339],[-127.0892,51.0459],[-127.0676,51.0476],[-127.0293,51.0594],[-126.9688,51.0559],[-126.8971,51.0652],[-126.8993,51.0606],[-126.8907,51.0586],[-126.8564,51.0646],[-126.8366,51.0615],[-126.7659,51.0681],[-126.7509,51.0621],[-126.7377,51.0488],[-126.7265,51.0245],[-126.7194,51.0225],[-126.7164,51.009],[-126.707,50.9991],[-126.7104,50.9955],[-126.7222,51.0016],[-126.7359,50.9991],[-126.7441,50.9935],[-126.7445,50.987],[-126.7401,50.9857],[-126.7406,50.9916],[-126.7348,50.9952],[-126.7049,50.9916],[-126.6967,50.9972],[-126.6957,51.0066],[-126.7094,51.0289],[-126.707,51.0389],[-126.6663,51.0423],[-126.6475,51.0486],[-126.645,51.0569],[-126.7217,51.0471],[-126.7238,51.0547],[-126.7373,51.067],[-126.7731,51.0686],[-126.7743,51.0762],[-126.731,51.099],[-126.7186,51.1091],[-126.7166,51.12],[-126.6991,51.1218],[-126.6603,51.1402],[-126.6457,51.175],[-126.6535,51.1946],[-126.6674,51.1946],[-126.6621,51.2012],[-126.6743,51.1918],[-126.6686,51.1859],[-126.668,51.1737],[-126.6744,51.1545],[-126.7035,51.1392],[-126.7091,51.1297],[-126.7233,51.1344],[-126.7316,51.1262],[-126.734,51.1125],[-126.7444,51.1137],[-126.7409,51.1179],[-126.7439,51.1196],[-126.7503,51.1181],[-126.7749,51.0969],[-126.7707,51.0947],[-126.7977,51.0803],[-126.8288,51.0757],[-126.8541,51.0828],[-126.8261,51.0943],[-126.791,51.0977],[-126.8182,51.103],[-126.8745,51.0924],[-126.8692,51.0903],[-126.8774,51.0832],[-126.9073,51.0814],[-126.9172,51.086],[-126.9493,51.0753],[-127.0202,51.0834],[-127.0326,51.0746],[-127.1037,51.0605],[-127.1262,51.0633],[-127.1558,51.0532],[-127.1752,51.0566],[-127.2675,51.0534],[-127.3002,51.0601],[-127.3188,51.0534],[-127.3406,51.0561],[-127.3462,51.0546],[-127.3357,51.0486],[-127.3436,51.0464],[-127.332,51.0441],[-127.3386,51.0431],[-127.3353,51.0394],[-127.3395,51.038],[-127.3836,51.0592],[-127.3722,51.0575],[-127.3713,51.0616],[-127.4184,51.0696],[-127.4673,51.0903],[-127.4059,51.0835],[-127.3645,51.0873],[-127.3357,51.0828],[-127.3331,51.0887],[-127.3262,51.0893],[-127.261,51.0821],[-127.2447,51.0864],[-127.2063,51.0847],[-127.1982,51.0815],[-127.2014,51.0782],[-127.1978,51.0723],[-127.1738,51.0615],[-127.1429,51.0607],[-127.1959,51.0767],[-127.1971,51.0951],[-127.2094,51.0899],[-127.2176,51.0927],[-127.2414,51.0886],[-127.3545,51.0941],[-127.3686,51.0895],[-127.3895,51.0935],[-127.3959,51.0878],[-127.4018,51.0929],[-127.4674,51.0936],[-127.4839,51.104],[-127.5289,51.1128],[-127.5539,51.1244],[-127.4726,51.1284],[-127.4502,51.1229],[-127.4017,51.1234],[-127.3906,51.1278],[-127.346,51.1246],[-127.3136,51.1283],[-127.2775,51.1209],[-127.2707,51.1218],[-127.2682,51.1274],[-127.1898,51.1211],[-127.093,51.1035],[-126.9961,51.1054],[-126.9082,51.098],[-126.9158,51.1104],[-126.976,51.1111],[-126.9914,51.1167],[-127.0125,51.1117],[-127.132,51.1195],[-127.1334,51.1229],[-127.1274,51.1239],[-127.1244,51.1327],[-127.1058,51.1459],[-127.1133,51.1551],[-127.1018,51.1535],[-127.1095,51.1604],[-127.1047,51.1641],[-127.0706,51.1634],[-127.0733,51.167],[-127.0608,51.1671],[-127.0039,51.1561],[-126.9983,51.1605],[-126.9441,51.1625],[-126.9201,51.1755],[-126.9156,51.1866],[-126.9264,51.1868],[-126.9343,51.173],[-127.0058,51.1614],[-127.0326,51.1646],[-127.0232,51.1705],[-127.0826,51.1727],[-127.0927,51.1859],[-127.1106,51.1713],[-127.1192,51.1541],[-127.113,51.1487],[-127.1167,51.1418],[-127.1244,51.1391],[-127.1304,51.1295],[-127.1583,51.1239],[-127.1789,51.1331],[-127.2583,51.1339],[-127.2715,51.1383],[-127.402,51.1325],[-127.4108,51.1386],[-127.4026,51.1548],[-127.4141,51.1575],[-127.41,51.1646],[-127.4141,51.1691],[-127.4053,51.1733],[-127.4149,51.1765],[-127.4096,51.1826],[-127.4164,51.1853],[-127.4012,51.1925],[-127.4056,51.1962],[-127.4011,51.1976],[-127.4032,51.2016],[-127.3895,51.2029],[-127.3514,51.1942],[-127.3553,51.1904],[-127.3441,51.1871],[-127.2833,51.1864],[-127.2544,51.1945],[-127.2457,51.2079],[-127.255,51.2103],[-127.2565,51.2028],[-127.28,51.194],[-127.3046,51.1925],[-127.3908,51.2116],[-127.4151,51.2095],[-127.4095,51.2066],[-127.4179,51.194],[-127.4237,51.1926],[-127.4173,51.1914],[-127.4244,51.1835],[-127.4225,51.1697],[-127.4729,51.1711],[-127.4772,51.16],[-127.4741,51.1566],[-127.4719,51.161],[-127.4569,51.1635],[-127.4243,51.1619],[-127.42,51.1588],[-127.4234,51.1494],[-127.4182,51.1421],[-127.4315,51.1347],[-127.4656,51.1349],[-127.4539,51.1544],[-127.4657,51.1488],[-127.4707,51.1381],[-127.4957,51.1404],[-127.5494,51.1319],[-127.6138,51.1452],[-127.6115,51.1386],[-127.597,51.133],[-127.6164,51.1277],[-127.5623,51.1223],[-127.5069,51.0976],[-127.5231,51.0937],[-127.5458,51.1037],[-127.5672,51.0913],[-127.585,51.0953],[-127.5953,51.09],[-127.6375,51.0886],[-127.6319,51.0923],[-127.6572,51.087],[-127.6715,51.0932],[-127.6641,51.0956],[-127.6705,51.1027],[-127.6789,51.1042],[-127.676,51.1062],[-127.6693,51.1035],[-127.6689,51.1107],[-127.6818,51.1325],[-127.6982,51.1415],[-127.7218,51.1352],[-127.7251,51.1374],[-127.7219,51.1418],[-127.7307,51.1416],[-127.7296,51.1449],[-127.7408,51.1416],[-127.7449,51.1458],[-127.7418,51.1512],[-127.7551,51.1623],[-127.7391,51.1623],[-127.7391,51.1912],[-127.666,51.1936],[-127.6473,51.183],[-127.6123,51.191],[-127.6019,51.1866],[-127.5748,51.1972],[-127.5438,51.1971],[-127.5275,51.2021],[-127.5236,51.2075],[-127.496,51.2002],[-127.4821,51.206],[-127.471,51.2014],[-127.4569,51.2036],[-127.4727,51.2184],[-127.4884,51.2209],[-127.4852,51.2268],[-127.4908,51.2289],[-127.484,51.2343],[-127.439,51.2273],[-127.3863,51.2303],[-127.3885,51.2231],[-127.3744,51.2164],[-127.3456,51.2187],[-127.3251,51.2091],[-127.3104,51.2151],[-127.2748,51.212],[-127.2698,51.213],[-127.2731,51.2156],[-127.2697,51.2195],[-127.2338,51.2196],[-127.2101,51.1987],[-127.1974,51.2056],[-127.1704,51.2028],[-127.147,51.2082],[-127.1294,51.2179],[-127.0962,51.2235],[-127.0878,51.22],[-127.0716,51.2323],[-127.0658,51.2298],[-127.041,51.2358],[-127.0293,51.2298],[-126.9977,51.2423],[-126.9581,51.2337],[-126.9238,51.2422],[-126.9193,51.2519],[-126.9218,51.2571],[-126.9123,51.2605],[-126.923,51.2864],[-126.902,51.2906],[-126.8929,51.3003],[-126.8948,51.3059],[-126.8686,51.3062],[-126.8624,51.3169],[-126.8514,51.3214],[-126.8209,51.3219],[-126.8155,51.3131],[-126.8216,51.2995],[-126.8155,51.2942],[-126.7676,51.2983],[-126.7723,51.3095],[-126.7546,51.3138],[-126.7528,51.3328],[-126.7374,51.3365],[-126.7249,51.3459],[-126.7225,51.3526],[-126.7303,51.3597],[-126.7193,51.3648],[-126.7115,51.3762],[-126.7132,51.3928],[-126.7005,51.3958],[-126.7004,51.408],[-126.7097,51.414],[-126.7166,51.4263],[-126.732,51.4343],[-126.7203,51.4536],[-126.7074,51.4558],[-126.7128,51.4681],[-126.7021,51.4786],[-126.6832,51.4683],[-126.6599,51.4464],[-126.6228,51.4423],[-126.6112,51.4197],[-126.6004,51.4176],[-126.5941,51.4059],[-126.588,51.4046],[-126.5678,51.4041],[-126.5621,51.4131],[-126.5528,51.4168],[-126.5372,51.4088],[-126.5314,51.4161],[-126.5066,51.4273],[-126.4976,51.4246],[-126.4937,51.4299],[-126.4868,51.43],[-126.4886,51.4351],[-126.4797,51.4422],[-126.4779,51.4544],[-126.4652,51.4544],[-126.4659,51.46],[-126.4564,51.4664],[-126.4536,51.4821],[-126.4438,51.4896],[-126.4263,51.483],[-126.4272,51.4756],[-126.3784,51.474],[-126.3792,51.4623],[-126.3684,51.4599],[-126.3643,51.451],[-126.3385,51.4647],[-126.3245,51.4567],[-126.3072,51.4628],[-126.3003,51.4564],[-126.289,51.4571],[-126.2811,51.4494],[-126.2716,51.4492],[-126.2661,51.4549],[-126.2505,51.4497],[-126.2402,51.4541],[-126.215,51.4527],[-126.195,51.4367],[-126.1854,51.4392],[-126.177,51.4318],[-126.169,51.4447],[-126.1483,51.4497],[-126.1443,51.4585],[-126.1057,51.4602],[-126.0969,51.4767],[-126.1072,51.4887],[-126.1058,51.4982],[-126.1135,51.5041],[-126.1133,51.5175],[-126.0846,51.5239],[-126.0825,51.5414],[-126.0742,51.5457],[-126.0775,51.5496],[-126.0546,51.5602],[-126.0488,51.5708],[-126.0626,51.5819],[-126.051,51.586],[-126.0495,51.5956],[-126.026,51.6013],[-126.0165,51.5923],[-125.9861,51.5818],[-125.9806,51.5967],[-125.9625,51.604],[-125.96,51.6236],[-125.9447,51.6334],[-125.948,51.6571],[-125.9224,51.664],[-125.9381,51.6752],[-125.9423,51.6846],[-125.9527,51.6864],[-125.9562,51.6922],[-125.9805,51.693],[-126.0021,51.723],[-126.001,51.7287],[-125.9847,51.7339],[-125.9835,51.7414],[-125.9622,51.7474],[-125.9578,51.7586],[-125.9443,51.7607],[-125.9433,51.7707],[-125.9495,51.7776],[-125.9736,51.7821],[-125.9793,51.7972],[-125.9604,51.8041],[-125.9585,51.8307],[-125.9537,51.8371],[-125.9412,51.8387],[-125.9334,51.8524],[-125.9369,51.871],[-125.9324,51.8857],[-125.9368,51.8916],[-125.9295,51.9011],[-125.9217,51.9027],[-125.9052,51.8928],[-125.8972,51.9016],[-125.8774,51.9007],[-125.8811,51.9069],[-125.8974,51.9138],[-125.8906,51.9304],[-125.8929,51.9367],[-125.9001,51.9392],[-125.8904,51.946],[-125.8966,51.9527],[-125.8763,51.9646],[-125.8777,51.975],[-125.8296,51.9803],[-125.8344,51.994],[-125.8722,52.0119],[-125.8649,52.0315],[-125.8533,52.0347],[-125.8524,52.0452],[-125.8282,52.0535],[-125.8203,52.0453],[-125.8068,52.0418],[-125.8022,52.0348]]]]}},{"type":"Feature","properties":{"hsda_code":51,"hsda":"Northwest","health_authority":"Northern","area_km2":252190},"geometry":{"type":"MultiPolygon","coordinates":[[[[-130.5389,53.5983],[-130.5408,53.5945],[-130.5496,53.5932],[-130.5458,53.598],[-130.5389,53.5983]]],[[[-131.2547,52.3935],[-131.2566,52.3908],[-131.2712,52.387],[-131.2684,52.3901],[-131.2547,52.3935]]],[[[-131.5001,52.5183],[-131.5158,52.5223],[-131.5065,52.5245],[-131.5001,52.5183]]],[[[-130.3566,53.7426],[-130.3635,53.7411],[-130.3596,53.7507],[-130.3566,53.7426]]],[[[-129.6916,53.0525],[-129.6957,53.048],[-129.7026,53.051],[-129.7006,53.0537],[-129.6934,53.0522],[-129.6948,53.0563],[-129.6916,53.0525]]],[[[-132.5854,53.6876],[-132.5881,53.6841],[-132.5951,53.6858],[-132.5943,53.6894],[-132.5854,53.6876]]],[[[-130.6466,54.0973],[-130.6469,54.0921],[-130.6544,54.0858],[-130.652,54.0885],[-130.6566,54.0886],[-130.6466,54.0973]]],[[[-130.4616,54.4899],[-130.4677,54.4956],[-130.4656,54.4993],[-130.4597,54.4981],[-130.4616,54.4899]]],[[[-130.5193,53.5394],[-130.5146,53.5354],[-130.5229,53.5323],[-130.5239,53.5364],[-130.5193,53.5394]]],[[[-131.2389,52.1968],[-131.2353,52.1943],[-131.2324,52.189],[-131.2414,52.1909],[-131.2389,52.1968]]],[[[-130.8653,54.4397],[-130.8586,54.4382],[-130.8561,54.4349],[-130.8656,54.4346],[-130.8653,54.4397]]],[[[-130.8265,54.3854],[-130.8306,54.3796],[-130.8341,54.3862],[-130.8314,54.3877],[-130.8265,54.3854]]],[[[-130.6346,54.1259],[-130.6305,54.1194],[-130.6408,54.1208],[-130.6394,54.1244],[-130.6346,54.1259]]],[[[-131.7434,53.0448],[-131.7481,53.0434],[-131.7546,53.0458],[-131.7502,53.0502],[-131.7434,53.0448]]],[[[-130.4118,53.5116],[-130.4152,53.5095],[-130.4154,53.5062],[-130.4177,53.5056],[-130.4216,53.5128],[-130.4118,53.5116]]],[[[-129.757,53.1221],[-129.752,53.1165],[-129.7524,53.1113],[-129.7601,53.119],[-129.757,53.1221]]],[[[-128.9696,53.7617],[-128.9769,53.7568],[-128.9852,53.757],[-128.9795,53.7602],[-128.9696,53.7617]]],[[[-130.862,54.4724],[-130.854,54.4697],[-130.8622,54.4676],[-130.8619,54.4641],[-130.8654,54.4685],[-130.862,54.4724]]],[[[-129.9568,53.5748],[-129.9566,53.5695],[-129.9699,53.5705],[-129.9643,53.5719],[-129.9568,53.5748]]],[[[-130.5561,53.8707],[-130.5576,53.8647],[-130.5659,53.8708],[-130.562,53.8742],[-130.5561,53.8707]]],[[[-131.2073,52.3533],[-131.2045,52.3474],[-131.2163,52.3483],[-131.2139,52.352],[-131.2073,52.3533]]],[[[-129.7417,53.6953],[-129.7368,53.6902],[-129.7402,53.6872],[-129.7482,53.692],[-129.7417,53.6953]]],[[[-130.6558,54.1074],[-130.6585,54.1042],[-130.6576,54.1029],[-130.6658,54.0996],[-130.6655,54.1054],[-130.6558,54.1074]]],[[[-130.8709,54.4506],[-130.8623,54.449],[-130.8629,54.4412],[-130.8665,54.4418],[-130.8709,54.4506]]],[[[-130.7382,54.453],[-130.7331,54.4562],[-130.7355,54.4522],[-130.732,54.4499],[-130.7419,54.4479],[-130.7395,54.4556],[-130.7382,54.453]]],[[[-129.8054,53.1618],[-129.8101,53.1646],[-129.8049,53.1707],[-129.8002,53.1685],[-129.8054,53.1618]]],[[[-131.0148,52.1309],[-131.0114,52.131],[-131.0057,52.125],[-131.0141,52.1247],[-131.0148,52.1309]]],[[[-131.5557,52.5801],[-131.5742,52.5757],[-131.5697,52.5811],[-131.5557,52.5801]]],[[[-129.7664,55.465],[-129.763,55.4547],[-129.7691,55.4511],[-129.7711,55.457],[-129.7664,55.465]]],[[[-130.2451,54.064],[-130.2463,54.0582],[-130.253,54.0556],[-130.256,54.0602],[-130.2451,54.064]]],[[[-130.5078,53.7836],[-130.499,53.7813],[-130.5029,53.7785],[-130.5003,53.7765],[-130.5074,53.7761],[-130.5078,53.7836]]],[[[-129.5227,53.0001],[-129.516,52.9987],[-129.5143,52.9912],[-129.525,52.9955],[-129.5227,53.0001]]],[[[-129.7463,53.0955],[-129.737,53.0897],[-129.7399,53.0857],[-129.7454,53.0864],[-129.7463,53.0955]]],[[[-130.4077,54.2101],[-130.4125,54.2093],[-130.4108,54.2028],[-130.4156,54.2034],[-130.4183,54.2102],[-130.4077,54.2101]]],[[[-131.6134,52.912],[-131.6065,52.9066],[-131.6089,52.9034],[-131.619,52.9066],[-131.6134,52.912]]],[[[-130.8083,54.145],[-130.8025,54.1429],[-130.8064,54.1402],[-130.801,54.1372],[-130.8047,54.1336],[-130.8101,54.1399],[-130.8083,54.145]]],[[[-130.4596,54.5908],[-130.4653,54.592],[-130.4553,54.6023],[-130.453,54.5991],[-130.4596,54.5908]]],[[[-130.4671,53.8063],[-130.4736,53.8044],[-130.4678,53.8008],[-130.4755,53.7998],[-130.4831,53.804],[-130.4828,53.8043],[-130.4803,53.8033],[-130.4741,53.8048],[-130.4671,53.8063]]],[[[-132.4403,53.0324],[-132.4322,53.0226],[-132.4512,53.0326],[-132.4403,53.0324]]],[[[-132.2624,53.7515],[-132.2645,53.7571],[-132.2524,53.7586],[-132.2578,53.7534],[-132.2624,53.7515]]],[[[-130.4084,53.4893],[-130.4181,53.479],[-130.4242,53.4758],[-130.425,53.4812],[-130.4084,53.4893]]],[[[-129.6584,53.0583],[-129.6602,53.0529],[-129.6682,53.0548],[-129.6701,53.0589],[-129.6584,53.0583]]],[[[-131.06,52.2624],[-131.0557,52.2544],[-131.0671,52.2561],[-131.0673,52.2593],[-131.06,52.2624]]],[[[-128.4395,52.5236],[-128.4215,52.5135],[-128.4286,52.5119],[-128.4292,52.5176],[-128.435,52.5171],[-128.4395,52.5236]]],[[[-130.5902,53.8547],[-130.5801,53.8511],[-130.5879,53.8448],[-130.5924,53.8496],[-130.5902,53.8547]]],[[[-130.3952,54.2136],[-130.3884,54.2077],[-130.4075,54.2125],[-130.3952,54.2136]]],[[[-131.3259,52.4526],[-131.3187,52.4511],[-131.3152,52.4436],[-131.3246,52.4447],[-131.3259,52.4526]]],[[[-132.4582,53.0315],[-132.4631,53.0232],[-132.4662,53.0282],[-132.4781,53.027],[-132.4756,53.029],[-132.4582,53.0315]]],[[[-130.4024,53.5055],[-130.4013,53.4969],[-130.4135,53.49],[-130.4125,53.4926],[-130.4152,53.4933],[-130.4024,53.5055]]],[[[-130.8396,54.5002],[-130.8275,54.4977],[-130.8355,54.4926],[-130.843,54.4948],[-130.8396,54.5002]]],[[[-130.4555,53.4942],[-130.4421,53.4897],[-130.4541,53.4828],[-130.4591,53.4853],[-130.4518,53.4892],[-130.456,53.488],[-130.4555,53.4942]]],[[[-130.2013,53.3485],[-130.1946,53.3461],[-130.1924,53.3367],[-130.1948,53.3361],[-130.2028,53.3415],[-130.2013,53.3485]]],[[[-131.2778,52.3267],[-131.2731,52.3213],[-131.29,52.3209],[-131.2937,52.3247],[-131.2918,52.326],[-131.2778,52.3267]]],[[[-130.3445,53.8237],[-130.344,53.818],[-130.3634,53.8205],[-130.3591,53.8234],[-130.3445,53.8237]]],[[[-131.3863,52.3913],[-131.3706,52.3886],[-131.3725,52.3823],[-131.3814,52.3838],[-131.3863,52.3913]]],[[[-132.4301,53.0089],[-132.4137,53.0096],[-132.4018,53.0069],[-132.4222,53.0024],[-132.4301,53.0089]]],[[[-130.528,53.7715],[-130.5239,53.7756],[-130.5196,53.7776],[-130.5229,53.7793],[-130.512,53.78],[-130.5229,53.7685],[-130.5311,53.7685],[-130.528,53.7715]]],[[[-130.6337,54.0119],[-130.6319,53.9973],[-130.6369,53.9916],[-130.6407,54.0082],[-130.6337,54.0119]]],[[[-129.7761,53.1728],[-129.7683,53.1695],[-129.7755,53.1652],[-129.7677,53.1658],[-129.7745,53.1604],[-129.7822,53.165],[-129.7761,53.1728]]],[[[-130.4697,53.8],[-130.4589,53.7954],[-130.4705,53.7921],[-130.4788,53.7956],[-130.4697,53.8]]],[[[-130.7003,54.4236],[-130.6915,54.4171],[-130.6929,54.412],[-130.7078,54.4192],[-130.7003,54.4236]]],[[[-130.9887,54.4614],[-130.9769,54.4548],[-130.9811,54.4489],[-130.9883,54.4485],[-130.9862,54.451],[-130.9922,54.4539],[-130.9887,54.4614]]],[[[-132.3969,53.7182],[-132.4168,53.7131],[-132.4155,53.7215],[-132.3969,53.7182]]],[[[-128.8434,53.6598],[-128.8579,53.6472],[-128.8601,53.6564],[-128.8434,53.6598]]],[[[-130.6655,54.1106],[-130.6699,54.1031],[-130.675,54.1055],[-130.6805,54.098],[-130.689,54.0976],[-130.6825,54.1053],[-130.6655,54.1106]]],[[[-131.4012,52.4293],[-131.3982,52.418],[-131.4075,52.413],[-131.4106,52.4204],[-131.4012,52.4293]]],[[[-131.9866,52.7711],[-131.9655,52.7634],[-131.9653,52.7537],[-131.9744,52.7559],[-131.9866,52.7711]]],[[[-130.4954,53.811],[-130.4869,53.8098],[-130.487,53.8036],[-130.4836,53.8036],[-130.4849,53.8013],[-130.4992,53.7985],[-130.4971,53.804],[-130.5019,53.8063],[-130.4925,53.8094],[-130.4954,53.811]]],[[[-129.594,53.0175],[-129.5839,53.0159],[-129.5789,53.0058],[-129.5953,53.0092],[-129.594,53.0175]]],[[[-129.5278,53.1292],[-129.5415,53.1227],[-129.5393,53.1192],[-129.5543,53.1235],[-129.5419,53.1296],[-129.5278,53.1292]]],[[[-130.7978,54.3838],[-130.8027,54.386],[-130.8079,54.3822],[-130.8056,54.3799],[-130.8186,54.3848],[-130.8173,54.39],[-130.8032,54.3947],[-130.7978,54.3838]]],[[[-130.7614,54.5064],[-130.7616,54.4954],[-130.7688,54.4947],[-130.772,54.4887],[-130.7745,54.5009],[-130.7614,54.5064]]],[[[-130.13,53.5663],[-130.1186,53.5616],[-130.1423,53.5591],[-130.1555,53.563],[-130.1481,53.5647],[-130.13,53.5663]]],[[[-130.1421,53.9691],[-130.1458,53.9556],[-130.1599,53.964],[-130.1484,53.9706],[-130.1421,53.9691]]],[[[-130.5953,53.8539],[-130.5954,53.8418],[-130.6112,53.8492],[-130.6118,53.8538],[-130.5953,53.8539]]],[[[-130.4472,54.648],[-130.4338,54.6378],[-130.4523,54.6345],[-130.448,54.6403],[-130.4548,54.6428],[-130.4472,54.648]]],[[[-130.1958,54.1134],[-130.205,54.1036],[-130.2231,54.1082],[-130.2126,54.1138],[-130.1958,54.1134]]],[[[-130.5094,54.3201],[-130.5175,54.3192],[-130.5129,54.321],[-130.508,54.3395],[-130.4948,54.3318],[-130.5094,54.3201]]],[[[-132.9453,53.612],[-132.9191,53.5976],[-132.9248,53.5942],[-132.9363,53.5966],[-132.9351,53.6039],[-132.9484,53.6056],[-132.9453,53.612]]],[[[-131.2231,52.1043],[-131.2136,52.0985],[-131.209,52.0863],[-131.2333,52.0947],[-131.2261,52.0963],[-131.2231,52.1043]]],[[[-129.7413,53.0741],[-129.7125,53.0691],[-129.7065,53.0636],[-129.716,53.0614],[-129.7263,53.0676],[-129.7295,53.063],[-129.7331,53.0644],[-129.7293,53.0676],[-129.7413,53.0741]]],[[[-130.7671,54.42],[-130.7687,54.4191],[-130.7715,54.4191],[-130.7767,54.4168],[-130.7719,54.4164],[-130.7741,54.412],[-130.7842,54.4112],[-130.78,54.413],[-130.7852,54.4156],[-130.7838,54.4191],[-130.7927,54.4167],[-130.7869,54.4174],[-130.7917,54.4118],[-130.788,54.4123],[-130.7956,54.4101],[-130.8059,54.4109],[-130.7978,54.4133],[-130.8009,54.4134],[-130.7944,54.4197],[-130.7671,54.42]]],[[[-130.4343,53.4814],[-130.4379,53.4696],[-130.4485,53.4786],[-130.439,53.4898],[-130.4343,53.4814]]],[[[-130.3584,54.7376],[-130.3746,54.7188],[-130.3816,54.7207],[-130.3748,54.7311],[-130.3584,54.7376]]],[[[-129.9732,53.5633],[-129.9576,53.5616],[-129.9626,53.555],[-129.9878,53.5552],[-129.9857,53.559],[-129.9732,53.5633]]],[[[-130.7047,54.0435],[-130.6956,54.0369],[-130.6952,54.0289],[-130.702,54.0248],[-130.7009,54.0295],[-130.7077,54.0333],[-130.7103,54.0269],[-130.7161,54.026],[-130.7154,54.0309],[-130.7087,54.0327],[-130.7091,54.0401],[-130.713,54.041],[-130.7056,54.04],[-130.7047,54.0435]]],[[[-129.9153,53.5752],[-129.9313,53.5669],[-129.9253,53.5677],[-129.9243,53.5639],[-129.9477,53.5599],[-129.9373,53.5661],[-129.9427,53.5663],[-129.94,53.5703],[-129.9435,53.5715],[-129.9153,53.5752]]],[[[-130.4237,53.4826],[-130.4234,53.4897],[-130.4286,53.4863],[-130.435,53.4904],[-130.4304,53.5009],[-130.4168,53.5029],[-130.4237,53.4826]]],[[[-128.695,53.1806],[-128.6537,53.1752],[-128.6411,53.1694],[-128.6861,53.1745],[-128.695,53.1806]]],[[[-130.5414,53.6183],[-130.549,53.6114],[-130.5548,53.6099],[-130.5561,53.6147],[-130.5777,53.6053],[-130.5736,53.611],[-130.5643,53.6124],[-130.563,53.6226],[-130.5578,53.6219],[-130.5581,53.6165],[-130.5457,53.6258],[-130.5414,53.6183]]],[[[-130.2678,54.0484],[-130.2589,54.0382],[-130.2695,54.0255],[-130.2816,54.0398],[-130.2783,54.0389],[-130.2789,54.0445],[-130.2773,54.04],[-130.2706,54.0407],[-130.2678,54.0484]]],[[[-130.2933,54.2099],[-130.2774,54.2003],[-130.2775,54.1933],[-130.2909,54.1923],[-130.3024,54.2013],[-130.2909,54.2073],[-130.2933,54.2099]]],[[[-130.1705,53.5841],[-130.1652,53.5717],[-130.1738,53.5671],[-130.1888,53.5702],[-130.1929,53.5758],[-130.1881,53.579],[-130.1705,53.5841]]],[[[-130.3624,53.7493],[-130.3679,53.7455],[-130.3656,53.7387],[-130.3775,53.7371],[-130.3806,53.7323],[-130.3866,53.7328],[-130.3859,53.74],[-130.3904,53.738],[-130.3932,53.7432],[-130.3844,53.7484],[-130.373,53.7419],[-130.3743,53.7485],[-130.3624,53.7493]]],[[[-132.4418,53.3403],[-132.4351,53.3319],[-132.4481,53.3289],[-132.4508,53.3248],[-132.4575,53.3231],[-132.4766,53.3307],[-132.4626,53.3357],[-132.4426,53.3351],[-132.4418,53.3403]]],[[[-132.3759,53.6436],[-132.3577,53.6392],[-132.3691,53.6297],[-132.3904,53.6284],[-132.3831,53.6389],[-132.3759,53.6436]]],[[[-130.1484,53.9324],[-130.1472,53.9355],[-130.1404,53.9302],[-130.1434,53.9307],[-130.1467,53.9212],[-130.1627,53.9214],[-130.172,53.9304],[-130.1648,53.9318],[-130.1646,53.9369],[-130.1484,53.9324]]],[[[-131.5212,52.8771],[-131.49,52.8777],[-131.5107,52.8679],[-131.5186,52.8689],[-131.5141,52.8666],[-131.5154,52.8618],[-131.5458,52.869],[-131.5212,52.8771]]],[[[-131.6932,52.6604],[-131.6831,52.646],[-131.69,52.6413],[-131.7116,52.6641],[-131.7087,52.6656],[-131.7169,52.667],[-131.7203,52.6765],[-131.6932,52.6604]]],[[[-129.9878,53.553],[-129.9601,53.5498],[-129.9672,53.5439],[-129.9622,53.5416],[-129.9661,53.533],[-129.9755,53.5317],[-129.9783,53.54],[-129.9697,53.5487],[-129.9765,53.5511],[-129.9934,53.5436],[-129.9967,53.5445],[-129.9864,53.5472],[-129.9872,53.5505],[-130.0002,53.5484],[-129.9878,53.553]]],[[[-129.7185,55.3693],[-129.7556,55.3394],[-129.7373,55.3593],[-129.7422,55.3602],[-129.7401,55.3631],[-129.7177,55.3775],[-129.7185,55.3693]]],[[[-130.7679,54.139],[-130.7532,54.1327],[-130.7507,54.1162],[-130.7713,54.1209],[-130.7688,54.1263],[-130.7728,54.1254],[-130.7708,54.1298],[-130.7763,54.1316],[-130.7679,54.139]]],[[[-130.8122,54.1611],[-130.8114,54.1554],[-130.8038,54.1565],[-130.801,54.1475],[-130.8092,54.1472],[-130.8193,54.1399],[-130.8147,54.1514],[-130.8216,54.146],[-130.8309,54.1491],[-130.8313,54.1539],[-130.8269,54.1515],[-130.8215,54.1554],[-130.8274,54.1573],[-130.8269,54.1626],[-130.8122,54.1611]]],[[[-130.0742,53.5611],[-130.0759,53.5548],[-130.0681,53.557],[-130.0632,53.5532],[-130.0936,53.5472],[-130.1032,53.5592],[-130.086,53.5568],[-130.0859,53.5604],[-130.0742,53.5611]]],[[[-132.4774,53.6892],[-132.4687,53.685],[-132.4687,53.6799],[-132.4875,53.6732],[-132.4826,53.6739],[-132.4896,53.6683],[-132.4979,53.672],[-132.4943,53.6821],[-132.4774,53.6892]]],[[[-132.1218,53.1851],[-132.1086,53.1795],[-132.1014,53.1825],[-132.093,53.1708],[-132.0842,53.171],[-132.0859,53.1687],[-132.124,53.17],[-132.1169,53.1774],[-132.1218,53.1851]]],[[[-128.7411,53.5265],[-128.7214,53.5018],[-128.7495,53.5129],[-128.7531,53.5208],[-128.7411,53.5265]]],[[[-130.96,54.4857],[-130.963,54.4813],[-130.9585,54.4784],[-130.9629,54.4753],[-130.959,54.4766],[-130.9563,54.4727],[-130.9604,54.4706],[-130.9522,54.4691],[-130.9502,54.4578],[-130.9662,54.4591],[-130.9728,54.4657],[-130.9678,54.4716],[-130.9728,54.4708],[-130.9678,54.4728],[-130.971,54.4807],[-130.9662,54.4811],[-130.9731,54.4846],[-130.9688,54.4899],[-130.96,54.4857]]],[[[-130.339,54.0747],[-130.3282,54.0695],[-130.3305,54.0741],[-130.3192,54.0711],[-130.3023,54.0576],[-130.2915,54.0577],[-130.2887,54.052],[-130.2925,54.0433],[-130.2871,54.0387],[-130.3222,54.0653],[-130.3276,54.0655],[-130.339,54.0747]]],[[[-131.4674,52.6111],[-131.4688,52.6065],[-131.4812,52.5988],[-131.4989,52.5989],[-131.512,52.6058],[-131.4931,52.612],[-131.4674,52.6111]]],[[[-130.2581,54.0254],[-130.2586,54.0217],[-130.2464,54.0154],[-130.247,54.0194],[-130.2428,54.0072],[-130.2342,54.0053],[-130.2273,53.9884],[-130.2334,53.9918],[-130.2343,53.9871],[-130.2451,54.0005],[-130.2559,54.0022],[-130.2598,54.0097],[-130.2517,54.0055],[-130.2644,54.0208],[-130.2581,54.0254]]],[[[-130.6325,54.0712],[-130.6173,54.0654],[-130.615,54.0693],[-130.601,54.0673],[-130.5852,54.0596],[-130.593,54.0543],[-130.602,54.0532],[-130.5948,54.0555],[-130.6081,54.0609],[-130.6251,54.0534],[-130.6307,54.0601],[-130.6273,54.062],[-130.6353,54.0645],[-130.6325,54.0712]]],[[[-131.4385,52.6151],[-131.445,52.612],[-131.4364,52.6008],[-131.4427,52.5934],[-131.4495,52.5947],[-131.4635,52.5851],[-131.456,52.5824],[-131.4698,52.5768],[-131.4843,52.5875],[-131.4738,52.5945],[-131.4632,52.5926],[-131.4497,52.604],[-131.4443,52.6034],[-131.4494,52.6043],[-131.4486,52.611],[-131.4385,52.6151]]],[[[-129.5829,53.0591],[-129.5795,53.055],[-129.5894,53.0505],[-129.5802,53.0529],[-129.591,53.0445],[-129.5869,53.0441],[-129.5962,53.0421],[-129.6021,53.0357],[-129.6198,53.0484],[-129.6046,53.0581],[-129.5829,53.0591]]],[[[-131.5492,52.7702],[-131.5696,52.7561],[-131.5689,52.7518],[-131.5919,52.752],[-131.5934,52.7558],[-131.5798,52.7725],[-131.5492,52.7702]]],[[[-132.127,53.24],[-132.1231,53.2325],[-132.1082,53.236],[-132.0943,53.2316],[-132.1016,53.2261],[-132.1417,53.222],[-132.1382,53.2187],[-132.1436,53.2176],[-132.1471,53.2199],[-132.1439,53.2241],[-132.161,53.2277],[-132.1409,53.2333],[-132.1393,53.2399],[-132.127,53.24]]],[[[-133.0042,53.5474],[-132.9557,53.5357],[-132.9539,53.5264],[-132.9833,53.5225],[-132.9899,53.5281],[-132.9856,53.5362],[-133.0129,53.544],[-133.0042,53.5474]]],[[[-133.1736,53.9417],[-133.159,53.9325],[-133.1612,53.924],[-133.1735,53.9216],[-133.177,53.9139],[-133.1869,53.919],[-133.1841,53.9202],[-133.1951,53.9212],[-133.1896,53.9238],[-133.1967,53.9269],[-133.1996,53.9329],[-133.1951,53.9357],[-133.1993,53.9382],[-133.1894,53.94],[-133.1783,53.9363],[-133.1736,53.9417]]],[[[-128.8688,53.6256],[-128.8579,53.6074],[-128.8633,53.6023],[-128.861,53.5949],[-128.8779,53.579],[-128.8838,53.579],[-128.8902,53.5945],[-128.8758,53.6022],[-128.8745,53.6234],[-128.8688,53.6256]]],[[[-130.6749,54.0366],[-130.6559,54.03],[-130.6502,54.0335],[-130.6496,54.0276],[-130.6602,54.0269],[-130.6541,54.0205],[-130.6454,54.0192],[-130.6449,54.0101],[-130.6621,54.0099],[-130.6738,54.0235],[-130.6683,54.0054],[-130.6837,54.0097],[-130.6779,54.0119],[-130.6833,54.0164],[-130.6816,54.0216],[-130.6871,54.021],[-130.6812,54.0258],[-130.6851,54.03],[-130.6788,54.0296],[-130.6749,54.0366]]],[[[-129.4365,53.3469],[-129.4433,53.3283],[-129.4514,53.322],[-129.4644,53.3433],[-129.4621,53.3234],[-129.4694,53.3326],[-129.4642,53.3611],[-129.4365,53.3469]]],[[[-131.3615,52.4673],[-131.3535,52.4627],[-131.3669,52.4466],[-131.3589,52.4343],[-131.3782,52.434],[-131.3878,52.4397],[-131.3931,52.451],[-131.3878,52.4535],[-131.3871,52.4601],[-131.3615,52.4673]]],[[[-130.4557,54.5448],[-130.4613,54.5243],[-130.4659,54.5216],[-130.4852,54.5305],[-130.4858,54.5422],[-130.4909,54.5471],[-130.4873,54.5545],[-130.4849,54.5462],[-130.4799,54.5452],[-130.4858,54.5567],[-130.4833,54.5659],[-130.478,54.5662],[-130.4557,54.5448]]],[[[-130.3933,54.6704],[-130.3949,54.6587],[-130.3899,54.6429],[-130.3952,54.6306],[-130.4315,54.6434],[-130.4425,54.6548],[-130.4052,54.6613],[-130.3933,54.6704]]],[[[-130.6168,53.5053],[-130.5931,53.4937],[-130.5984,53.4922],[-130.5859,53.482],[-130.5924,53.4804],[-130.5834,53.4719],[-130.584,53.4669],[-130.5912,53.4675],[-130.5933,53.4729],[-130.6015,53.4694],[-130.6073,53.4766],[-130.6172,53.4747],[-130.623,53.4851],[-130.6321,53.486],[-130.629,53.488],[-130.6343,53.5015],[-130.6168,53.5053]]],[[[-131.76,52.7598],[-131.7238,52.732],[-131.721,52.7263],[-131.7314,52.7184],[-131.7316,52.7115],[-131.765,52.7304],[-131.7705,52.7582],[-131.76,52.7598]]],[[[-130.1233,54.1296],[-130.1322,54.1007],[-130.1467,54.0894],[-130.1605,54.1072],[-130.1503,54.1126],[-130.151,54.1183],[-130.1655,54.1181],[-130.1553,54.1284],[-130.1621,54.1293],[-130.1529,54.1331],[-130.1515,54.1451],[-130.1233,54.1296]]],[[[-131.089,54.626],[-131.0625,54.6208],[-131.0597,54.6262],[-131.0572,54.6221],[-131.0539,54.6249],[-131.0456,54.6096],[-131.0579,54.6043],[-131.0535,54.5967],[-131.0718,54.5915],[-131.0717,54.584],[-131.0768,54.5807],[-131.0877,54.5929],[-131.0907,54.5832],[-131.0972,54.582],[-131.1004,54.5876],[-131.1002,54.5927],[-131.0936,54.5963],[-131.0981,54.6005],[-131.0893,54.6106],[-131.0953,54.613],[-131.0779,54.6206],[-131.0842,54.6232],[-131.0927,54.6214],[-131.089,54.626]]],[[[-129.7474,55.462],[-129.7282,55.4245],[-129.7296,55.41],[-129.7229,55.3964],[-129.732,55.3839],[-129.7477,55.3759],[-129.7504,55.3827],[-129.756,55.3838],[-129.7362,55.3964],[-129.7338,55.41],[-129.7353,55.4102],[-129.7435,55.4005],[-129.7501,55.3893],[-129.7489,55.3988],[-129.753,55.3987],[-129.7566,55.4098],[-129.7498,55.4137],[-129.7522,55.4194],[-129.7454,55.4262],[-129.7534,55.448],[-129.7615,55.452],[-129.7561,55.4601],[-129.7474,55.462]]],[[[-128.7338,53.8719],[-128.7256,53.8613],[-128.7242,53.8456],[-128.7539,53.8205],[-128.7659,53.8197],[-128.7761,53.8331],[-128.7721,53.8422],[-128.7471,53.8616],[-128.746,53.8667],[-128.7338,53.8719]]],[[[-128.8467,53.7595],[-128.8319,53.7225],[-128.8492,53.7214],[-128.8435,53.7276],[-128.8457,53.7359],[-128.8734,53.721],[-128.8988,53.7154],[-128.8844,53.7297],[-128.8879,53.745],[-128.8739,53.7584],[-128.8467,53.7595]]],[[[-130.3781,53.7833],[-130.3487,53.7799],[-130.3211,53.7622],[-130.3269,53.7565],[-130.3369,53.7569],[-130.3334,53.7499],[-130.3425,53.7507],[-130.3524,53.7424],[-130.3555,53.7534],[-130.3635,53.7564],[-130.3732,53.7557],[-130.3744,53.7502],[-130.384,53.7554],[-130.3888,53.753],[-130.385,53.7568],[-130.3914,53.7596],[-130.3855,53.7626],[-130.3908,53.767],[-130.3811,53.7722],[-130.3722,53.7686],[-130.3841,53.7766],[-130.3781,53.7833]]],[[[-129.3516,53.2838],[-129.3225,53.2821],[-129.3402,53.2748],[-129.3356,53.2733],[-129.3061,53.2817],[-129.3382,53.2622],[-129.3459,53.2547],[-129.346,53.246],[-129.3687,53.2322],[-129.3725,53.2516],[-129.3535,53.2663],[-129.3645,53.2632],[-129.3722,53.2587],[-129.3808,53.2605],[-129.3702,53.2689],[-129.3456,53.2722],[-129.3529,53.2754],[-129.3695,53.2709],[-129.3774,53.2781],[-129.3516,53.2838]]],[[[-130.7929,54.4965],[-130.7841,54.4852],[-130.7863,54.4829],[-130.79,54.486],[-130.7888,54.4732],[-130.7977,54.4721],[-130.7967,54.4657],[-130.806,54.462],[-130.8118,54.4524],[-130.8368,54.4455],[-130.838,54.4501],[-130.8439,54.4443],[-130.8478,54.4471],[-130.8504,54.4384],[-130.856,54.4382],[-130.858,54.4438],[-130.8515,54.4431],[-130.8567,54.4521],[-130.8508,54.4521],[-130.8562,54.4561],[-130.8529,54.4581],[-130.8476,54.4537],[-130.848,54.4624],[-130.8197,54.467],[-130.8337,54.4692],[-130.8411,54.4656],[-130.8415,54.4719],[-130.8311,54.4715],[-130.8339,54.4759],[-130.829,54.4777],[-130.8204,54.4776],[-130.8213,54.4739],[-130.8194,54.4751],[-130.82,54.4776],[-130.8215,54.4788],[-130.816,54.4795],[-130.8224,54.4829],[-130.8093,54.4862],[-130.8097,54.4924],[-130.7929,54.4965]]],[[[-129.6794,53.0628],[-129.681,53.0562],[-129.676,53.0518],[-129.6738,53.0561],[-129.6583,53.0486],[-129.6603,53.0448],[-129.656,53.0472],[-129.6613,53.0509],[-129.6486,53.0549],[-129.6387,53.054],[-129.6292,53.0445],[-129.6212,53.0463],[-129.6242,53.0437],[-129.5975,53.0224],[-129.6063,53.0184],[-129.5962,53.0184],[-129.5973,53.014],[-129.6024,53.0091],[-129.6159,53.018],[-129.6329,53.022],[-129.6375,53.0316],[-129.656,53.034],[-129.6541,53.042],[-129.6651,53.0396],[-129.6699,53.0465],[-129.6934,53.0465],[-129.6893,53.0495],[-129.6957,53.0654],[-129.6794,53.0628]]],[[[-129.5753,53.0522],[-129.5563,53.0429],[-129.563,53.0283],[-129.5505,53.0352],[-129.5466,53.0181],[-129.546,53.033],[-129.5324,53.0284],[-129.5374,53.0088],[-129.5446,53.0117],[-129.5462,53.0042],[-129.5495,53.0097],[-129.5543,53.009],[-129.5642,52.9995],[-129.5643,53.0043],[-129.5718,53.0082],[-129.57,53.0171],[-129.5794,53.014],[-129.5853,53.02],[-129.5733,53.0328],[-129.5793,53.0299],[-129.5855,53.0209],[-129.5989,53.0258],[-129.5979,53.0367],[-129.5959,53.036],[-129.5839,53.0463],[-129.5769,53.0482],[-129.5753,53.0522]]],[[[-129.2369,53.4121],[-129.2321,53.4087],[-129.2219,53.3775],[-129.2294,53.3573],[-129.2616,53.3671],[-129.2698,53.3896],[-129.2769,53.3936],[-129.2717,53.4006],[-129.2369,53.4121]]],[[[-132.1196,53.1873],[-132.1308,53.2011],[-132.0576,53.2223],[-132.0372,53.2216],[-132.0296,53.2155],[-132.0344,53.2126],[-132.0313,53.2096],[-132.0343,53.2039],[-132.0418,53.2003],[-132.073,53.1916],[-132.1083,53.1886],[-132.1147,53.1918],[-132.1196,53.1873]]],[[[-130.6316,53.9199],[-130.6311,53.9166],[-130.6066,53.9163],[-130.6055,53.9112],[-130.6158,53.9133],[-130.5912,53.9025],[-130.5866,53.8914],[-130.5945,53.8825],[-130.6062,53.884],[-130.6099,53.8759],[-130.6167,53.8738],[-130.6333,53.8797],[-130.6339,53.8843],[-130.6489,53.8843],[-130.6469,53.8882],[-130.6098,53.8845],[-130.6435,53.8893],[-130.6626,53.8991],[-130.6554,53.9046],[-130.6585,53.9079],[-130.6531,53.9049],[-130.6549,53.9075],[-130.6316,53.9199]]],[[[-130.4286,53.7959],[-130.4098,53.7915],[-130.4068,53.7842],[-130.4167,53.7868],[-130.4002,53.7793],[-130.4145,53.7574],[-130.4262,53.7646],[-130.4251,53.7655],[-130.4251,53.7673],[-130.4275,53.7689],[-130.4248,53.7718],[-130.4305,53.769],[-130.4297,53.7611],[-130.4222,53.7606],[-130.4188,53.7554],[-130.4405,53.7621],[-130.4346,53.7494],[-130.4468,53.75],[-130.4478,53.7566],[-130.4546,53.7549],[-130.4623,53.7643],[-130.4782,53.7658],[-130.4703,53.7705],[-130.4763,53.7715],[-130.4707,53.7774],[-130.4488,53.7686],[-130.4542,53.7739],[-130.4452,53.7764],[-130.4512,53.783],[-130.4442,53.7864],[-130.4711,53.7782],[-130.4637,53.7903],[-130.4286,53.7959]]],[[[-130.6427,54.1205],[-130.627,54.1167],[-130.6244,54.1202],[-130.6226,54.1112],[-130.5988,54.1052],[-130.5714,54.081],[-130.5692,54.0671],[-130.5853,54.0654],[-130.5825,54.0717],[-130.59,54.0711],[-130.5867,54.075],[-130.596,54.0715],[-130.5868,54.0684],[-130.5897,54.0674],[-130.6175,54.0754],[-130.6217,54.0847],[-130.626,54.0824],[-130.6318,54.0902],[-130.6258,54.1021],[-130.6226,54.0944],[-130.6197,54.0999],[-130.6273,54.1049],[-130.6338,54.1046],[-130.6289,54.1025],[-130.6342,54.0926],[-130.6482,54.0846],[-130.6436,54.0972],[-130.6495,54.1023],[-130.6544,54.1009],[-130.6482,54.1074],[-130.6364,54.105],[-130.6473,54.1089],[-130.6446,54.1165],[-130.648,54.116],[-130.6427,54.1205]]],[[[-131.372,52.5836],[-131.3495,52.5687],[-131.347,52.562],[-131.3497,52.5542],[-131.3632,52.5466],[-131.3928,52.5407],[-131.398,52.5488],[-131.4233,52.551],[-131.44,52.5584],[-131.4396,52.5636],[-131.4267,52.5686],[-131.4096,52.5664],[-131.4027,52.5685],[-131.4023,52.5735],[-131.3959,52.5692],[-131.3829,52.5827],[-131.372,52.5836]]],[[[-130.7765,54.4727],[-130.7639,54.4713],[-130.7618,54.4669],[-130.7657,54.4634],[-130.7544,54.4489],[-130.7576,54.4443],[-130.7524,54.448],[-130.75,54.4449],[-130.7536,54.4436],[-130.7434,54.4421],[-130.7348,54.4285],[-130.7283,54.4282],[-130.7411,54.4215],[-130.7402,54.4206],[-130.729,54.424],[-130.7302,54.4201],[-130.7655,54.413],[-130.7654,54.4268],[-130.7901,54.4256],[-130.7885,54.4328],[-130.7988,54.432],[-130.7924,54.4365],[-130.8026,54.4437],[-130.8155,54.4397],[-130.8112,54.4395],[-130.8122,54.4349],[-130.8197,54.4345],[-130.8191,54.4298],[-130.8256,54.4263],[-130.8385,54.4292],[-130.8227,54.4342],[-130.8228,54.4389],[-130.8154,54.4421],[-130.8227,54.4431],[-130.8198,54.4464],[-130.8085,54.4481],[-130.8009,54.4552],[-130.7953,54.4532],[-130.8015,54.4581],[-130.7765,54.4727]]],[[[-131.648,52.7788],[-131.6147,52.7669],[-131.6096,52.7519],[-131.6382,52.7478],[-131.6905,52.7506],[-131.7111,52.7457],[-131.7483,52.7675],[-131.7489,52.7622],[-131.7571,52.7683],[-131.7246,52.7723],[-131.6927,52.7682],[-131.684,52.7738],[-131.648,52.7788]]],[[[-130.72,54.4122],[-130.7235,54.4094],[-130.7121,54.4021],[-130.721,54.3939],[-130.7101,54.398],[-130.7016,54.3912],[-130.7182,54.3823],[-130.7048,54.3838],[-130.6998,54.3801],[-130.7093,54.3726],[-130.7068,54.3687],[-130.7115,54.3639],[-130.7258,54.3631],[-130.7335,54.3577],[-130.7489,54.3634],[-130.7594,54.3547],[-130.774,54.3621],[-130.7777,54.3662],[-130.7727,54.37],[-130.7832,54.3719],[-130.781,54.3762],[-130.7943,54.3779],[-130.7838,54.3819],[-130.7851,54.3826],[-130.7907,54.3818],[-130.7922,54.387],[-130.7879,54.392],[-130.7844,54.3873],[-130.7777,54.3906],[-130.773,54.3974],[-130.7775,54.3994],[-130.7713,54.3982],[-130.7577,54.4066],[-130.7586,54.4029],[-130.7407,54.4046],[-130.72,54.4122]]],[[[-133.0345,54.2579],[-132.9794,54.2499],[-132.9763,54.244],[-132.9802,54.2399],[-132.9637,54.2378],[-132.9729,54.2327],[-132.9635,54.2273],[-132.966,54.2249],[-132.9876,54.2188],[-132.9743,54.2043],[-132.9787,54.1875],[-133.0164,54.1927],[-133.005,54.2],[-133.0073,54.2091],[-133.0024,54.2122],[-133.0111,54.2199],[-133.0195,54.2145],[-133.0408,54.2161],[-133.0365,54.222],[-133.043,54.2248],[-133.0821,54.2247],[-133.0698,54.2345],[-133.0772,54.2483],[-133.0633,54.2509],[-133.0591,54.2566],[-133.0345,54.2579]]],[[[-132.3664,53.0074],[-132.2923,53.0052],[-132.231,52.9958],[-132.1896,52.9799],[-132.3278,52.9631],[-132.334,52.9677],[-132.3303,52.9683],[-132.3317,52.9724],[-132.3241,52.9715],[-132.3271,52.9753],[-132.3207,52.9772],[-132.3346,52.9894],[-132.3412,52.9883],[-132.3368,52.9909],[-132.3558,52.9894],[-132.363,52.9976],[-132.3787,53.0027],[-132.3664,53.0074]]],[[[-130.4148,54.3227],[-130.4207,54.3193],[-130.4098,54.3063],[-130.4036,54.3129],[-130.3885,54.307],[-130.3836,54.2988],[-130.3887,54.2927],[-130.3862,54.2859],[-130.3744,54.2899],[-130.3726,54.2856],[-130.3858,54.2804],[-130.3723,54.2782],[-130.3738,54.2724],[-130.3654,54.2656],[-130.3642,54.2548],[-130.3782,54.2526],[-130.3957,54.2709],[-130.3778,54.2351],[-130.3915,54.2393],[-130.3845,54.242],[-130.3874,54.2448],[-130.4083,54.2489],[-130.4173,54.2603],[-130.4395,54.2686],[-130.435,54.2722],[-130.4474,54.2821],[-130.4598,54.2841],[-130.455,54.2872],[-130.4691,54.2955],[-130.4665,54.3008],[-130.4737,54.3084],[-130.4679,54.3072],[-130.4649,54.3119],[-130.4507,54.3054],[-130.4575,54.3094],[-130.458,54.3166],[-130.4474,54.3232],[-130.4475,54.3281],[-130.4148,54.3227]]],[[[-130.5631,53.8491],[-130.5004,53.8196],[-130.521,53.8104],[-130.528,53.8141],[-130.5387,53.8093],[-130.5461,53.8026],[-130.5317,53.8024],[-130.5363,53.7983],[-130.5319,53.7961],[-130.5437,53.7936],[-130.5429,53.7894],[-130.5487,53.7877],[-130.5699,53.7937],[-130.5924,53.7885],[-130.6063,53.7977],[-130.6243,53.8002],[-130.6271,53.8093],[-130.6427,53.8105],[-130.6232,53.826],[-130.5848,53.8399],[-130.5802,53.8467],[-130.5631,53.8491]]],[[[-129.6395,53.0215],[-129.6212,53.0181],[-129.6145,53.0144],[-129.6148,53.0098],[-129.6076,53.0105],[-129.6141,53.0077],[-129.609,53.0049],[-129.6027,53.0057],[-129.607,53.0017],[-129.5966,53.0062],[-129.578,53.0004],[-129.5787,52.9935],[-129.5693,52.9906],[-129.5776,52.9857],[-129.5621,52.984],[-129.5671,52.981],[-129.5643,52.9776],[-129.5389,52.9714],[-129.5359,52.96],[-129.5481,52.9613],[-129.541,52.9544],[-129.5456,52.9518],[-129.5554,52.9558],[-129.5547,52.9512],[-129.5642,52.9504],[-129.5719,52.9568],[-129.571,52.9672],[-129.5759,52.9642],[-129.5902,52.9723],[-129.5935,52.9656],[-129.6014,52.9725],[-129.6007,52.9781],[-129.587,52.9842],[-129.6026,52.9839],[-129.6067,52.9881],[-129.6091,52.9856],[-129.6044,52.9784],[-129.6068,52.9725],[-129.6025,52.9673],[-129.6064,52.9628],[-129.6006,52.9539],[-129.6078,52.9566],[-129.6133,52.9533],[-129.6128,52.9566],[-129.6268,52.948],[-129.6329,52.9525],[-129.6245,52.957],[-129.6368,52.955],[-129.6296,52.974],[-129.6364,52.9722],[-129.6351,52.9778],[-129.6428,52.9776],[-129.6464,52.9825],[-129.6409,52.9866],[-129.65,52.9862],[-129.6529,52.9909],[-129.6597,52.9806],[-129.664,52.9878],[-129.6714,52.9887],[-129.6689,52.9923],[-129.6823,52.9963],[-129.6788,52.9991],[-129.6817,53.002],[-129.6716,53.0031],[-129.6768,53.012],[-129.6723,53.0147],[-129.6647,53.0143],[-129.6561,53.0028],[-129.6517,53.0046],[-129.6524,53.0102],[-129.6372,53.0075],[-129.64,53.0102],[-129.6367,53.0122],[-129.649,53.0155],[-129.6395,53.0215]]],[[[-132.1394,53.7974],[-132.1356,53.7965],[-132.1398,53.7846],[-132.1375,53.77],[-132.146,53.7571],[-132.1405,53.7506],[-132.1601,53.7403],[-132.1635,53.7266],[-132.1784,53.7126],[-132.1838,53.714],[-132.1929,53.7443],[-132.2053,53.7496],[-132.2154,53.7714],[-132.2025,53.7915],[-132.1884,53.7938],[-132.1787,53.8037],[-132.1416,53.8234],[-132.1339,53.8145],[-132.1394,53.7974]]],[[[-132.5865,53.1523],[-132.4915,53.1247],[-132.4069,53.1286],[-132.3951,53.1192],[-132.3932,53.1082],[-132.4164,53.1028],[-132.5434,53.1051],[-132.5644,53.1195],[-132.5918,53.1227],[-132.5954,53.132],[-132.591,53.131],[-132.5917,53.1381],[-132.585,53.1379],[-132.5812,53.1431],[-132.5883,53.1449],[-132.5885,53.149],[-132.5822,53.1491],[-132.5865,53.1523]]],[[[-128.8598,53.7748],[-128.909,53.7505],[-128.9063,53.7401],[-128.8985,53.7332],[-128.9348,53.7113],[-128.9581,53.7127],[-128.9644,53.7181],[-128.9848,53.717],[-129.0054,53.7022],[-129.0599,53.6794],[-129.0621,53.6849],[-129.0818,53.6866],[-129.079,53.6925],[-129.085,53.6915],[-129.0807,53.6993],[-129.0595,53.7105],[-129.0285,53.7174],[-129.0115,53.7293],[-128.9424,53.7496],[-128.9016,53.7733],[-128.8598,53.7748]]],[[[-129.9409,53.5474],[-129.9107,53.541],[-129.8983,53.5429],[-129.8913,53.5337],[-129.8985,53.5331],[-129.8945,53.5305],[-129.8949,53.5207],[-129.9043,53.5154],[-129.8992,53.5129],[-129.9093,53.5028],[-129.9362,53.5022],[-129.9557,53.4966],[-129.9089,53.5004],[-129.9277,53.4695],[-129.9544,53.4678],[-129.964,53.4761],[-129.9818,53.4797],[-129.9887,53.4874],[-129.981,53.4914],[-129.9973,53.4898],[-130.0083,53.494],[-130.0095,53.4959],[-130.0053,53.4981],[-130.0268,53.5067],[-130.0217,53.5124],[-129.9793,53.5273],[-129.9782,53.5102],[-129.9665,53.5064],[-129.9751,53.5071],[-129.9719,53.5023],[-129.9857,53.4965],[-129.9868,53.4928],[-129.9684,53.4976],[-129.9685,53.5025],[-129.9575,53.4955],[-129.9654,53.504],[-129.9631,53.5082],[-129.9677,53.5093],[-129.9541,53.5141],[-129.971,53.5095],[-129.9713,53.5162],[-129.9643,53.5161],[-129.9552,53.5273],[-129.9608,53.5318],[-129.9409,53.5474]]],[[[-131.7578,52.8604],[-131.7267,52.853],[-131.7212,52.8456],[-131.7275,52.8402],[-131.7595,52.8434],[-131.7462,52.8382],[-131.7188,52.8353],[-131.697,52.8434],[-131.6529,52.8407],[-131.645,52.8335],[-131.7397,52.8072],[-131.7625,52.814],[-131.8275,52.8181],[-131.8491,52.8378],[-131.8404,52.8467],[-131.8059,52.8443],[-131.7578,52.8604]]],[[[-130.1925,54.0807],[-130.1588,54.066],[-130.1394,54.0329],[-130.131,54.0272],[-130.1337,54.0101],[-130.1475,53.9878],[-130.1762,53.9841],[-130.1859,53.9881],[-130.2063,54.0033],[-130.217,54.0192],[-130.2226,54.0614],[-130.199,54.0767],[-130.1919,54.0756],[-130.1925,54.0807]]],[[[-130.246,54.1893],[-130.223,54.1898],[-130.1735,54.1644],[-130.1549,54.1505],[-130.1575,54.1422],[-130.163,54.1402],[-130.1604,54.1368],[-130.1728,54.1252],[-130.1961,54.1171],[-130.2251,54.1136],[-130.2267,54.1184],[-130.2457,54.1169],[-130.2893,54.1517],[-130.2891,54.1612],[-130.2816,54.1701],[-130.2442,54.1735],[-130.1998,54.1629],[-130.2429,54.1781],[-130.2667,54.1735],[-130.2756,54.1759],[-130.2648,54.1762],[-130.2725,54.179],[-130.25,54.1863],[-130.252,54.1885],[-130.258,54.1888],[-130.2598,54.1858],[-130.2663,54.1859],[-130.2607,54.1878],[-130.2599,54.1946],[-130.246,54.1893]]],[[[-128.4369,52.5449],[-128.3525,52.5242],[-128.3009,52.5237],[-128.2866,52.511],[-128.2812,52.5201],[-128.2688,52.4935],[-128.305,52.482],[-128.3505,52.483],[-128.4197,52.4624],[-128.4229,52.4682],[-128.4205,52.496],[-128.425,52.4975],[-128.4153,52.5028],[-128.42,52.5124],[-128.3794,52.497],[-128.3169,52.4979],[-128.3104,52.4906],[-128.3077,52.4992],[-128.3153,52.5074],[-128.3814,52.5042],[-128.4113,52.5107],[-128.4386,52.5299],[-128.4425,52.5417],[-128.4369,52.5449]]],[[[-130.2836,54.3332],[-130.2859,54.3305],[-130.2755,54.332],[-130.2786,54.3257],[-130.2634,54.3171],[-130.2655,54.3136],[-130.2545,54.31],[-130.2599,54.3086],[-130.2602,54.3031],[-130.2482,54.2987],[-130.2616,54.2912],[-130.2573,54.2881],[-130.2611,54.2855],[-130.257,54.2734],[-130.2649,54.2649],[-130.2601,54.2662],[-130.2557,54.2611],[-130.2583,54.2545],[-130.2726,54.2632],[-130.2713,54.2546],[-130.2756,54.259],[-130.2778,54.2547],[-130.2864,54.2633],[-130.2887,54.2588],[-130.2977,54.2615],[-130.295,54.2497],[-130.3102,54.2472],[-130.3203,54.2374],[-130.3025,54.226],[-130.2948,54.2137],[-130.3083,54.2023],[-130.3345,54.2249],[-130.3315,54.2304],[-130.3347,54.2347],[-130.3295,54.2361],[-130.3591,54.2734],[-130.3601,54.2887],[-130.3498,54.3034],[-130.2836,54.3332]]],[[[-130.2236,54.8014],[-130.213,54.798],[-130.2258,54.7803],[-130.2331,54.7809],[-130.2288,54.7759],[-130.2219,54.7762],[-130.2039,54.7911],[-130.2017,54.7831],[-130.2121,54.7661],[-130.2095,54.7552],[-130.2147,54.7417],[-130.2295,54.7298],[-130.2317,54.7224],[-130.3223,54.7045],[-130.3489,54.7067],[-130.3795,54.6925],[-130.3809,54.705],[-130.3693,54.7203],[-130.3299,54.7456],[-130.2965,54.7509],[-130.2865,54.7587],[-130.2757,54.7592],[-130.2765,54.7632],[-130.258,54.7681],[-130.2378,54.7937],[-130.2236,54.8014]]],[[[-129.4151,53.4113],[-129.3353,53.3638],[-129.3354,53.3564],[-129.3455,53.3458],[-129.3341,53.3245],[-129.3356,53.3022],[-129.4155,53.2942],[-129.4105,53.2998],[-129.3905,53.3091],[-129.3845,53.3221],[-129.3936,53.3181],[-129.3998,53.3416],[-129.4049,53.3406],[-129.3999,53.3473],[-129.4115,53.342],[-129.4266,53.3538],[-129.4516,53.3605],[-129.4578,53.3744],[-129.4494,53.3762],[-129.4554,53.3795],[-129.4475,53.3851],[-129.4488,53.3825],[-129.4425,53.3783],[-129.4283,53.3739],[-129.4299,53.3796],[-129.4381,53.3806],[-129.4387,53.3853],[-129.4452,53.3818],[-129.4465,53.3868],[-129.4328,53.3921],[-129.4327,53.4016],[-129.4251,53.3967],[-129.427,53.392],[-129.4164,53.3949],[-129.4195,53.3979],[-129.4151,53.4113]]],[[[-129.6933,53.134],[-129.6988,53.126],[-129.7053,53.1253],[-129.6968,53.1252],[-129.7018,53.1198],[-129.6945,53.1232],[-129.692,53.1348],[-129.6783,53.1349],[-129.6712,53.1305],[-129.6777,53.1248],[-129.6602,53.1267],[-129.6563,53.1189],[-129.6286,53.1026],[-129.6326,53.0888],[-129.6224,53.0994],[-129.6227,53.0945],[-129.5986,53.0786],[-129.6,53.0695],[-129.5956,53.0731],[-129.5944,53.0702],[-129.6245,53.0503],[-129.653,53.0635],[-129.7071,53.0708],[-129.713,53.0741],[-129.7077,53.0787],[-129.7209,53.0744],[-129.7274,53.0781],[-129.7275,53.0741],[-129.7366,53.0806],[-129.7272,53.0843],[-129.75,53.0983],[-129.7452,53.0983],[-129.75,53.1157],[-129.7399,53.1134],[-129.7499,53.1185],[-129.7511,53.1159],[-129.7575,53.1275],[-129.7543,53.1287],[-129.7504,53.1184],[-129.7524,53.131],[-129.7508,53.1333],[-129.6933,53.134]]],[[[-131.2824,52.4487],[-131.239,52.4468],[-131.2357,52.44],[-131.244,52.4233],[-131.2673,52.4145],[-131.2663,52.4063],[-131.2894,52.3971],[-131.3036,52.3836],[-131.303,52.3688],[-131.3274,52.3532],[-131.3241,52.3505],[-131.3205,52.3551],[-131.296,52.3593],[-131.2882,52.3657],[-131.2949,52.3738],[-131.2889,52.3799],[-131.2762,52.3772],[-131.2829,52.371],[-131.2827,52.3641],[-131.2443,52.3724],[-131.2602,52.3634],[-131.2585,52.358],[-131.265,52.3569],[-131.2613,52.351],[-131.2668,52.3487],[-131.2593,52.3491],[-131.261,52.3443],[-131.3062,52.35],[-131.3138,52.3286],[-131.3277,52.3254],[-131.3336,52.3314],[-131.3346,52.3424],[-131.3443,52.3534],[-131.3525,52.3543],[-131.3485,52.3559],[-131.3504,52.359],[-131.3523,52.3582],[-131.3497,52.3631],[-131.3549,52.3902],[-131.3681,52.4061],[-131.3707,52.4194],[-131.3617,52.4168],[-131.3513,52.4294],[-131.3394,52.4268],[-131.3265,52.4363],[-131.2824,52.4487]]],[[[-130.7863,54.2168],[-130.7828,54.2079],[-130.7762,54.2091],[-130.7656,54.2],[-130.7662,54.2026],[-130.7688,54.2042],[-130.7544,54.2069],[-130.7369,54.1908],[-130.7066,54.1738],[-130.6829,54.1614],[-130.6632,54.1579],[-130.6577,54.1487],[-130.641,54.1393],[-130.6438,54.1349],[-130.6361,54.1291],[-130.6431,54.1308],[-130.6525,54.1131],[-130.6734,54.1148],[-130.6879,54.1075],[-130.6999,54.1147],[-130.7128,54.1153],[-130.7058,54.1298],[-130.7132,54.1197],[-130.7143,54.1216],[-130.7129,54.1243],[-130.7225,54.1186],[-130.7206,54.1219],[-130.7292,54.122],[-130.728,54.1302],[-130.7237,54.1314],[-130.7313,54.1358],[-130.7442,54.1209],[-130.7378,54.1371],[-130.7434,54.1349],[-130.7421,54.1374],[-130.7511,54.1465],[-130.7528,54.1414],[-130.7602,54.1446],[-130.7619,54.1394],[-130.7775,54.141],[-130.7777,54.1447],[-130.7687,54.1424],[-130.7661,54.1467],[-130.7796,54.1577],[-130.7799,54.1514],[-130.7832,54.1535],[-130.7894,54.1469],[-130.7881,54.1426],[-130.7979,54.1461],[-130.802,54.1585],[-130.799,54.1653],[-130.8097,54.1581],[-130.807,54.1612],[-130.8094,54.1624],[-130.8137,54.1619],[-130.8183,54.1648],[-130.8173,54.1746],[-130.822,54.1761],[-130.8186,54.1773],[-130.815,54.1735],[-130.8169,54.1777],[-130.8051,54.1774],[-130.8108,54.185],[-130.7896,54.2017],[-130.7947,54.2018],[-130.7936,54.2068],[-130.8009,54.2099],[-130.7863,54.2168]]],[[[-130.4933,54.826],[-130.442,54.7733],[-130.4391,54.7626],[-130.4579,54.7545],[-130.4359,54.7578],[-130.4744,54.7051],[-130.4963,54.7085],[-130.5022,54.721],[-130.519,54.717],[-130.5304,54.7291],[-130.5302,54.7269],[-130.529,54.7237],[-130.5273,54.7212],[-130.5188,54.7147],[-130.5169,54.7068],[-130.5247,54.7021],[-130.5386,54.703],[-130.5686,54.7145],[-130.5725,54.7198],[-130.5935,54.7238],[-130.6027,54.7348],[-130.6021,54.7402],[-130.6147,54.7414],[-130.6192,54.7442],[-130.6166,54.7498],[-130.6329,54.7531],[-130.6345,54.7568],[-130.6293,54.7594],[-130.6453,54.7633],[-130.621,54.776],[-130.6,54.7658],[-130.5985,54.7538],[-130.5945,54.7575],[-130.5895,54.7553],[-130.5889,54.7464],[-130.593,54.7434],[-130.587,54.7407],[-130.587,54.7562],[-130.5805,54.7521],[-130.5713,54.7531],[-130.5858,54.7622],[-130.5871,54.7709],[-130.5508,54.7906],[-130.5451,54.7886],[-130.5461,54.7967],[-130.5167,54.8094],[-130.5008,54.8193],[-130.4933,54.826]]],[[[-131.0982,52.1526],[-131.0874,52.1478],[-131.0748,52.1533],[-131.0524,52.1495],[-131.0468,52.1438],[-131.0493,52.139],[-131.0211,52.1238],[-131.0459,52.1266],[-131.0506,52.1325],[-131.0508,52.127],[-131.0655,52.1237],[-131.0568,52.1229],[-131.0505,52.1252],[-131.0467,52.1183],[-131.0177,52.1139],[-131.0142,52.1044],[-131.0218,52.1006],[-131.0212,52.0961],[-131.0082,52.1013],[-130.9981,52.0896],[-131.0036,52.1056],[-130.9975,52.1113],[-130.9995,52.1032],[-130.9929,52.1014],[-130.9732,52.1103],[-130.9743,52.1062],[-130.968,52.1036],[-130.9762,52.1002],[-130.9672,52.0952],[-130.951,52.1053],[-130.9459,52.0967],[-130.9366,52.0935],[-130.9399,52.0773],[-130.949,52.0776],[-130.9682,52.067],[-130.979,52.0683],[-130.988,52.0593],[-131.0243,52.0683],[-131.0289,52.0637],[-131.0249,52.052],[-131.0415,52.0564],[-131.0632,52.0795],[-131.0727,52.0761],[-131.0728,52.0634],[-131.0543,52.0377],[-131.0025,52.0249],[-130.9771,52.0111],[-130.9836,52.0042],[-130.9898,52.0087],[-130.9968,52.0058],[-131.0303,52.0238],[-131.049,52.0274],[-131.057,52.0222],[-131.0096,51.9834],[-131.008,51.9758],[-131.0345,51.9747],[-131.042,51.9681],[-131.04,51.9612],[-131.014,51.9445],[-131.031,51.9426],[-131.0296,51.9494],[-131.0502,51.9529],[-131.0525,51.9602],[-131.0747,51.9684],[-131.086,51.9781],[-131.0895,51.995],[-131.1025,51.9954],[-131.1091,52.0014],[-131.0793,52.0135],[-131.0833,52.0208],[-131.0769,52.0236],[-131.0817,52.0255],[-131.0811,52.0389],[-131.0917,52.0352],[-131.1031,52.0381],[-131.1049,52.0487],[-131.1145,52.0558],[-131.1108,52.0692],[-131.1206,52.0639],[-131.1242,52.0657],[-131.1219,52.0696],[-131.1299,52.0734],[-131.1147,52.0725],[-131.1177,52.0757],[-131.1122,52.0851],[-131.1199,52.0959],[-131.1324,52.1002],[-131.1317,52.1191],[-131.1254,52.1213],[-131.1239,52.1387],[-131.1173,52.1506],[-131.0982,52.1526]]],[[[-130.8954,54.6347],[-130.8862,54.6295],[-130.886,54.6217],[-130.8789,54.6181],[-130.8767,54.6105],[-130.8726,54.6105],[-130.8738,54.6217],[-130.862,54.6228],[-130.8617,54.6278],[-130.8544,54.6298],[-130.8494,54.6238],[-130.8525,54.6173],[-130.8455,54.6168],[-130.8762,54.6023],[-130.8794,54.6085],[-130.8863,54.5942],[-130.8988,54.5894],[-130.899,54.5841],[-130.8953,54.585],[-130.8988,54.5813],[-130.8795,54.5915],[-130.8853,54.5928],[-130.8727,54.6016],[-130.869,54.6003],[-130.8749,54.5905],[-130.8669,54.5913],[-130.8554,54.6089],[-130.837,54.6117],[-130.8381,54.5991],[-130.8427,54.5966],[-130.8389,54.5963],[-130.8139,54.6138],[-130.8023,54.6146],[-130.8022,54.6112],[-130.7954,54.6171],[-130.7903,54.6156],[-130.7864,54.6247],[-130.7855,54.6139],[-130.7785,54.6268],[-130.7576,54.6141],[-130.7515,54.6023],[-130.7553,54.596],[-130.753,54.5862],[-130.7592,54.5693],[-130.7756,54.5515],[-130.8155,54.5376],[-130.8392,54.5172],[-130.8531,54.5154],[-130.8456,54.5116],[-130.8575,54.51],[-130.8589,54.5043],[-130.8675,54.5026],[-130.8745,54.4945],[-130.8805,54.4941],[-130.8793,54.4983],[-130.8852,54.4943],[-130.8892,54.5043],[-130.8943,54.5058],[-130.917,54.4763],[-130.924,54.4724],[-130.9316,54.4761],[-130.9355,54.4735],[-130.9333,54.4672],[-130.9445,54.4668],[-130.9523,54.4723],[-130.949,54.473],[-130.9562,54.4791],[-130.9528,54.4793],[-130.9547,54.4826],[-130.9566,54.4833],[-130.9598,54.4825],[-130.9567,54.4857],[-130.9647,54.4908],[-130.9585,54.4988],[-130.9668,54.4988],[-130.9659,54.5028],[-130.9584,54.5059],[-130.9798,54.5025],[-130.9832,54.5065],[-130.9668,54.5136],[-130.9684,54.5222],[-130.9773,54.5205],[-130.9677,54.5274],[-130.9761,54.5352],[-130.9702,54.5399],[-130.9737,54.5466],[-130.9661,54.5545],[-130.9603,54.5499],[-130.9601,54.5577],[-130.947,54.5622],[-130.9524,54.567],[-130.9421,54.571],[-130.9452,54.5761],[-130.9506,54.5757],[-130.9486,54.5803],[-130.9298,54.5908],[-130.9489,54.593],[-130.9449,54.5967],[-130.9359,54.5947],[-130.9401,54.5975],[-130.9356,54.6039],[-130.94,54.6062],[-130.9339,54.6154],[-130.9248,54.6179],[-130.9275,54.6215],[-130.9174,54.621],[-130.9105,54.6274],[-130.8978,54.6298],[-130.8954,54.6347]]],[[[-128.1572,52.7586],[-128.1731,52.7238],[-128.1856,52.7153],[-128.2,52.6918],[-128.2082,52.71],[-128.2254,52.7167],[-128.2169,52.7117],[-128.2086,52.6877],[-128.2173,52.6617],[-128.214,52.6514],[-128.2382,52.6255],[-128.2495,52.6009],[-128.2765,52.5898],[-128.2911,52.5891],[-128.2888,52.6338],[-128.2732,52.6587],[-128.2711,52.674],[-128.2981,52.6966],[-128.309,52.7142],[-128.334,52.7349],[-128.3293,52.7643],[-128.3356,52.7784],[-128.3469,52.7825],[-128.3021,52.7791],[-128.2833,52.7837],[-128.2797,52.7786],[-128.2385,52.7867],[-128.2289,52.778],[-128.2033,52.7753],[-128.2086,52.7861],[-128.2197,52.7873],[-128.2198,52.7918],[-128.1761,52.8305],[-128.1464,52.8442],[-128.1572,52.7586]]],[[[-129.4888,53.1902],[-129.4774,53.1714],[-129.4579,53.1569],[-129.4581,53.1506],[-129.4547,53.1521],[-129.4518,53.1455],[-129.4422,53.1439],[-129.4373,53.1396],[-129.4402,53.138],[-129.418,53.1269],[-129.4162,53.118],[-129.4047,53.1089],[-129.4071,53.106],[-129.4002,53.1026],[-129.3941,53.088],[-129.3842,53.0856],[-129.3814,53.0794],[-129.378,53.0825],[-129.37,53.0782],[-129.3498,53.0625],[-129.3285,53.0553],[-129.3224,53.0512],[-129.3233,53.0468],[-129.3157,53.0468],[-129.3172,53.0421],[-129.3081,53.0299],[-129.3098,53.0122],[-129.3049,53.0042],[-129.3081,52.9985],[-129.301,52.9806],[-129.3069,52.974],[-129.2983,52.9752],[-129.303,52.9662],[-129.3315,52.9603],[-129.3316,52.9635],[-129.3446,52.9639],[-129.3432,52.9678],[-129.3543,52.9671],[-129.3633,52.9719],[-129.3593,52.976],[-129.3707,52.9753],[-129.368,52.9826],[-129.3772,52.9808],[-129.3819,52.987],[-129.3864,52.9859],[-129.3868,52.9916],[-129.3946,52.9898],[-129.3925,52.9976],[-129.399,52.9946],[-129.4069,53.0037],[-129.4207,53.0066],[-129.4277,53.015],[-129.431,53.0122],[-129.433,53.0214],[-129.4287,53.0257],[-129.4349,53.0278],[-129.4356,53.0403],[-129.4533,53.0541],[-129.4561,53.0652],[-129.4649,53.0674],[-129.4607,53.0716],[-129.4673,53.0742],[-129.4669,53.0799],[-129.4592,53.0823],[-129.4685,53.0857],[-129.4723,53.0818],[-129.4738,53.0891],[-129.4846,53.09],[-129.4611,53.0603],[-129.4604,53.0541],[-129.4652,53.0533],[-129.4682,53.0602],[-129.4832,53.0696],[-129.4946,53.09],[-129.499,53.0891],[-129.4959,53.0962],[-129.4856,53.0914],[-129.4695,53.1003],[-129.4862,53.096],[-129.487,53.1002],[-129.4788,53.1041],[-129.4947,53.1028],[-129.4932,53.1125],[-129.5013,53.1027],[-129.5048,53.1094],[-129.5182,53.1136],[-129.518,53.105],[-129.5132,53.1013],[-129.5207,53.1028],[-129.5174,53.0928],[-129.5391,53.1121],[-129.5241,53.1166],[-129.5071,53.1148],[-129.4974,53.1185],[-129.4952,53.1135],[-129.4911,53.1201],[-129.4762,53.1265],[-129.4837,53.1258],[-129.4848,53.1312],[-129.4913,53.1221],[-129.4936,53.128],[-129.4954,53.1232],[-129.5125,53.1161],[-129.5172,53.1201],[-129.5035,53.1243],[-129.5128,53.1222],[-129.514,53.1254],[-129.5035,53.1299],[-129.5224,53.1249],[-129.5282,53.1274],[-129.5237,53.1304],[-129.5156,53.129],[-129.5256,53.1356],[-129.532,53.1328],[-129.5336,53.1389],[-129.5527,53.1274],[-129.5579,53.132],[-129.5614,53.1321],[-129.5633,53.1411],[-129.5509,53.1469],[-129.5563,53.1511],[-129.5506,53.1494],[-129.555,53.1539],[-129.5692,53.1474],[-129.553,53.1595],[-129.5608,53.1605],[-129.5597,53.1718],[-129.5427,53.1711],[-129.5417,53.1803],[-129.5337,53.1777],[-129.5374,53.1816],[-129.5347,53.1849],[-129.5322,53.1821],[-129.5272,53.1863],[-129.4888,53.1902]]],[[[-131.6286,52.7257],[-131.61,52.7299],[-131.5787,52.7267],[-131.5747,52.7237],[-131.5794,52.7221],[-131.5779,52.7147],[-131.6702,52.7151],[-131.679,52.7135],[-131.6764,52.7075],[-131.6857,52.7005],[-131.6819,52.6979],[-131.6646,52.7051],[-131.6336,52.7072],[-131.6276,52.7039],[-131.6466,52.6929],[-131.6328,52.687],[-131.605,52.7033],[-131.5902,52.7068],[-131.5695,52.6993],[-131.561,52.6874],[-131.565,52.6807],[-131.5509,52.685],[-131.555,52.7004],[-131.5329,52.7246],[-131.5038,52.737],[-131.5023,52.7336],[-131.4882,52.7385],[-131.4767,52.7351],[-131.4809,52.7305],[-131.4695,52.7215],[-131.4454,52.7121],[-131.4423,52.701],[-131.4487,52.6924],[-131.458,52.6926],[-131.4395,52.6857],[-131.4455,52.6829],[-131.4442,52.6791],[-131.4636,52.6746],[-131.4637,52.6631],[-131.4557,52.6537],[-131.4583,52.641],[-131.4636,52.625],[-131.4772,52.6195],[-131.52,52.6164],[-131.564,52.6467],[-131.5975,52.6573],[-131.6056,52.656],[-131.5903,52.6424],[-131.5956,52.6411],[-131.6055,52.6443],[-131.6144,52.6435],[-131.6161,52.639],[-131.5996,52.6348],[-131.6102,52.6304],[-131.5846,52.6286],[-131.5604,52.6138],[-131.5463,52.5987],[-131.5622,52.5948],[-131.5598,52.5923],[-131.5681,52.5938],[-131.6211,52.6371],[-131.6239,52.635],[-131.6075,52.6191],[-131.5935,52.6123],[-131.5774,52.5959],[-131.5809,52.5806],[-131.6064,52.5835],[-131.6636,52.6409],[-131.6635,52.6523],[-131.6424,52.6466],[-131.6405,52.6507],[-131.6807,52.6712],[-131.7299,52.7075],[-131.705,52.7191],[-131.6923,52.7326],[-131.6286,52.7257]]],[[[-129.0048,53.5297],[-128.9975,53.5145],[-128.9962,53.4827],[-128.9876,53.479],[-128.9898,53.4691],[-128.9808,53.4619],[-128.9828,53.4579],[-128.9586,53.4337],[-128.951,53.4345],[-128.9415,53.4272],[-128.92,53.3967],[-128.9183,53.3779],[-128.9278,53.3509],[-128.9246,53.3424],[-128.9282,53.3273],[-128.9426,53.3152],[-128.9574,53.3128],[-128.9887,53.3254],[-128.9877,53.333],[-128.992,53.336],[-129.0326,53.3369],[-129.0587,53.3328],[-129.076,53.3206],[-129.1088,53.313],[-129.1234,53.312],[-129.1352,53.3177],[-129.1529,53.3369],[-129.1485,53.3499],[-129.1383,53.3572],[-129.1377,53.3684],[-129.122,53.3828],[-129.1112,53.4041],[-129.0896,53.4237],[-129.064,53.4338],[-129.0535,53.4484],[-129.0559,53.469],[-129.0663,53.4876],[-129.0643,53.4944],[-129.0285,53.5277],[-129.0048,53.5297]]],[[[-130.1891,55.034],[-130.1866,55.024],[-130.1845,55.0313],[-130.1812,55.0299],[-130.1819,55.0162],[-130.1626,54.9938],[-130.1579,54.9772],[-130.1533,54.9763],[-130.1591,54.9704],[-130.1529,54.958],[-130.1809,54.9318],[-130.1952,54.9104],[-130.2278,54.8874],[-130.2592,54.8521],[-130.2748,54.8502],[-130.2712,54.8449],[-130.276,54.8336],[-130.2827,54.8357],[-130.2862,54.8269],[-130.3022,54.8195],[-130.3049,54.8311],[-130.3186,54.8145],[-130.3479,54.7993],[-130.3635,54.8041],[-130.3594,54.7963],[-130.4145,54.768],[-130.4234,54.7689],[-130.4275,54.7846],[-130.4374,54.7837],[-130.4501,54.8006],[-130.4557,54.7983],[-130.4894,54.8264],[-130.4779,54.8361],[-130.4765,54.8332],[-130.4643,54.8386],[-130.4489,54.8161],[-130.4193,54.7905],[-130.4555,54.8332],[-130.4566,54.8433],[-130.4192,54.871],[-130.4099,54.8697],[-130.4083,54.8755],[-130.3906,54.8868],[-130.3462,54.9045],[-130.308,54.9366],[-130.2755,54.9532],[-130.2413,54.991],[-130.2298,55.0103],[-130.2137,55.0223],[-130.1996,55.026],[-130.2016,55.0306],[-130.1891,55.034]]],[[[-129.2691,53.3273],[-129.2237,53.3153],[-129.2251,53.3106],[-129.2101,53.3066],[-129.1723,53.2844],[-129.1764,53.2728],[-129.1712,53.2565],[-129.1772,53.251],[-129.1702,53.2391],[-129.16,53.235],[-129.159,53.2191],[-129.1496,53.2058],[-129.1661,53.2011],[-129.1717,53.1936],[-129.1649,53.1857],[-129.1713,53.1844],[-129.1757,53.1771],[-129.1636,53.164],[-129.1722,53.1523],[-129.1618,53.1396],[-129.1477,53.1336],[-129.1503,53.1275],[-129.1399,53.1165],[-129.1534,53.0968],[-129.168,53.0984],[-129.1759,53.091],[-129.1802,53.0969],[-129.1763,53.1013],[-129.1904,53.1064],[-129.2031,53.1022],[-129.2078,53.1057],[-129.2132,53.098],[-129.2237,53.1],[-129.226,53.0907],[-129.2363,53.0931],[-129.2613,53.0877],[-129.2621,53.1005],[-129.2701,53.1033],[-129.2678,53.0927],[-129.2736,53.0803],[-129.2784,53.079],[-129.2843,53.0962],[-129.297,53.1018],[-129.2982,53.1067],[-129.3138,53.1016],[-129.3128,53.1088],[-129.3265,53.1122],[-129.3416,53.1336],[-129.35,53.1736],[-129.3436,53.1802],[-129.3432,53.1951],[-129.3371,53.1977],[-129.3148,53.1976],[-129.3292,53.2009],[-129.3449,53.1981],[-129.345,53.2072],[-129.3324,53.2172],[-129.3014,53.2251],[-129.2934,53.2322],[-129.3024,53.2342],[-129.299,53.2411],[-129.2562,53.2688],[-129.2613,53.2712],[-129.2576,53.2783],[-129.2718,53.2924],[-129.2689,53.2997],[-129.2761,53.3001],[-129.288,53.319],[-129.2691,53.3273]]],[[[-128.3847,52.8031],[-128.3526,52.7854],[-128.3475,52.7627],[-128.3566,52.7546],[-128.3471,52.7449],[-128.3495,52.7324],[-128.3417,52.7374],[-128.3246,52.7207],[-128.3155,52.718],[-128.3159,52.7121],[-128.3045,52.7064],[-128.2966,52.689],[-128.2893,52.6846],[-128.2889,52.6729],[-128.2977,52.6581],[-128.2969,52.6418],[-128.3033,52.6358],[-128.2934,52.6174],[-128.2978,52.6086],[-128.2962,52.5678],[-128.285,52.541],[-128.294,52.5227],[-128.3258,52.5301],[-128.3542,52.5299],[-128.3511,52.5309],[-128.3597,52.5372],[-128.3694,52.5326],[-128.3898,52.541],[-128.4424,52.5481],[-128.4356,52.562],[-128.4444,52.5909],[-128.4442,52.6082],[-128.4348,52.6174],[-128.4464,52.6122],[-128.4448,52.6239],[-128.4494,52.6307],[-128.4361,52.6785],[-128.3714,52.6754],[-128.3534,52.665],[-128.3559,52.6692],[-128.3493,52.6759],[-128.3503,52.6838],[-128.3564,52.686],[-128.3648,52.6811],[-128.4321,52.694],[-128.4338,52.7021],[-128.428,52.7123],[-128.3887,52.705],[-128.3969,52.7102],[-128.4256,52.714],[-128.4294,52.7231],[-128.4144,52.7269],[-128.4187,52.7284],[-128.4164,52.7323],[-128.3978,52.7263],[-128.4007,52.7347],[-128.4097,52.7317],[-128.4239,52.7397],[-128.4096,52.7397],[-128.4113,52.7432],[-128.4198,52.7402],[-128.4249,52.7435],[-128.4414,52.7333],[-128.4519,52.7452],[-128.4496,52.7555],[-128.4377,52.7604],[-128.4387,52.7653],[-128.4271,52.7796],[-128.411,52.7826],[-128.39,52.772],[-128.3999,52.7791],[-128.3961,52.7828],[-128.4112,52.7919],[-128.4065,52.7964],[-128.3877,52.7962],[-128.396,52.8029],[-128.3847,52.8031]]],[[[-131.8781,53.0384],[-131.8359,53.0399],[-131.8003,53.0341],[-131.7818,53.0288],[-131.7743,53.0204],[-131.7764,53.0175],[-131.7702,53.0193],[-131.7583,53.0107],[-131.6641,52.9997],[-131.6134,52.9759],[-131.6033,52.9633],[-131.6378,52.9509],[-131.6423,52.9441],[-131.6179,52.9293],[-131.619,52.9236],[-131.6258,52.922],[-131.6249,52.9163],[-131.6405,52.9116],[-131.6205,52.9002],[-131.6301,52.9012],[-131.6321,52.9054],[-131.656,52.9039],[-131.6519,52.9006],[-131.6585,52.8894],[-131.6735,52.8851],[-131.6707,52.8778],[-131.6848,52.8809],[-131.6883,52.8753],[-131.693,52.8762],[-131.6892,52.8673],[-131.6929,52.8651],[-131.7046,52.8766],[-131.737,52.8765],[-131.7951,52.8865],[-131.8239,52.881],[-131.7821,52.8796],[-131.8213,52.8677],[-131.8411,52.8883],[-131.8489,52.8894],[-131.8442,52.8964],[-131.8472,52.9006],[-131.8638,52.9055],[-131.8864,52.9223],[-131.8987,52.9366],[-131.8978,52.9447],[-131.9033,52.9458],[-131.9002,52.9512],[-131.9096,52.9771],[-131.9301,52.9924],[-131.9237,53.0011],[-131.9325,53.0153],[-131.903,53.0213],[-131.8781,53.0384]]],[[[-130.2867,53.7999],[-130.2421,53.7925],[-130.2267,53.7761],[-130.2207,53.752],[-130.2306,53.7378],[-130.2262,53.7289],[-130.2345,53.7298],[-130.2212,53.718],[-130.1973,53.7079],[-130.1578,53.7096],[-130.1228,53.6956],[-130.1245,53.6874],[-130.1103,53.6759],[-130.1294,53.6696],[-130.1195,53.662],[-130.1233,53.6597],[-130.1234,53.6475],[-130.1143,53.632],[-130.1288,53.6183],[-130.1178,53.6202],[-130.1145,53.6115],[-130.1011,53.6058],[-130.0975,53.5875],[-130.1029,53.5836],[-130.0754,53.5639],[-130.1104,53.562],[-130.11,53.5685],[-130.1233,53.5709],[-130.1254,53.5672],[-130.1417,53.568],[-130.1374,53.5716],[-130.1545,53.5681],[-130.1648,53.5786],[-130.1616,53.5827],[-130.165,53.5868],[-130.1907,53.5801],[-130.1928,53.5859],[-130.2276,53.5942],[-130.2187,53.5956],[-130.2319,53.5979],[-130.2287,53.6005],[-130.2634,53.601],[-130.2744,53.6059],[-130.2744,53.6067],[-130.2674,53.6075],[-130.2738,53.6083],[-130.2695,53.61],[-130.2742,53.6097],[-130.2866,53.606],[-130.2885,53.6077],[-130.2794,53.6106],[-130.2911,53.6096],[-130.2943,53.6134],[-130.2999,53.6091],[-130.3024,53.6201],[-130.3108,53.6147],[-130.3141,53.6186],[-130.3332,53.6176],[-130.3597,53.6327],[-130.3451,53.6396],[-130.327,53.6352],[-130.3175,53.637],[-130.3202,53.6383],[-130.3244,53.6364],[-130.3325,53.6384],[-130.3222,53.6407],[-130.345,53.6417],[-130.3421,53.6487],[-130.3459,53.645],[-130.3568,53.6463],[-130.3596,53.6505],[-130.3561,53.6523],[-130.3766,53.6514],[-130.3878,53.6597],[-130.3817,53.6635],[-130.4004,53.668],[-130.4027,53.6747],[-130.4087,53.6736],[-130.407,53.6788],[-130.4006,53.6791],[-130.4078,53.6864],[-130.4038,53.6906],[-130.3966,53.6906],[-130.3982,53.6947],[-130.3807,53.7035],[-130.3757,53.7001],[-130.3789,53.7024],[-130.3759,53.7052],[-130.3943,53.7023],[-130.4003,53.7067],[-130.378,53.7116],[-130.3847,53.7073],[-130.3809,53.708],[-130.3763,53.7109],[-130.3785,53.7143],[-130.3563,53.7248],[-130.3529,53.7316],[-130.3269,53.7368],[-130.3301,53.741],[-130.3134,53.7442],[-130.3038,53.7399],[-130.3052,53.7473],[-130.2999,53.7471],[-130.3035,53.7509],[-130.2758,53.7467],[-130.2814,53.7503],[-130.2878,53.7512],[-130.2881,53.7562],[-130.3005,53.7583],[-130.3182,53.7758],[-130.3121,53.782],[-130.315,53.7842],[-130.2974,53.7889],[-130.3142,53.7957],[-130.2867,53.7999]]],[[[-128.8731,53.7174],[-128.8369,53.7121],[-128.8294,53.7083],[-128.8278,53.702],[-128.8364,53.6882],[-128.8853,53.6622],[-128.8884,53.6567],[-128.8888,53.6476],[-128.8717,53.6347],[-128.8858,53.6224],[-128.8874,53.6179],[-128.8784,53.6095],[-128.8907,53.5994],[-128.8942,53.5847],[-128.8848,53.5685],[-128.8862,53.5631],[-128.8904,53.5644],[-128.89,53.5594],[-128.8945,53.5584],[-128.9321,53.5645],[-128.9492,53.573],[-128.9541,53.5777],[-128.9507,53.5821],[-128.9563,53.5844],[-128.9682,53.5737],[-128.9974,53.5684],[-129.0159,53.5489],[-129.0167,53.5557],[-129.0245,53.5572],[-129.0912,53.5053],[-129.0932,53.4949],[-129.1032,53.4924],[-129.102,53.4797],[-129.0923,53.4748],[-129.0826,53.4611],[-129.0829,53.448],[-129.1086,53.4402],[-129.139,53.4174],[-129.149,53.4152],[-129.15,53.3969],[-129.1659,53.3817],[-129.1679,53.3938],[-129.1793,53.4112],[-129.1826,53.4306],[-129.1724,53.4472],[-129.1729,53.4821],[-129.1783,53.4866],[-129.1789,53.5023],[-129.17,53.5236],[-129.1683,53.5516],[-129.1772,53.5616],[-129.1818,53.582],[-129.1785,53.5899],[-129.1831,53.598],[-129.1811,53.6187],[-129.1758,53.627],[-129.1172,53.6527],[-129.0846,53.6742],[-129.0578,53.6716],[-129.0268,53.6891],[-128.9991,53.6944],[-128.9717,53.7068],[-128.9373,53.6939],[-128.9088,53.6984],[-128.9013,53.7033],[-128.9045,53.7089],[-128.8899,53.7057],[-128.8731,53.7174]]],[[[-130.4162,54.1026],[-130.4156,54.0895],[-130.4102,54.0906],[-130.4106,54.0865],[-130.4003,54.0908],[-130.3763,54.0767],[-130.3877,54.0852],[-130.3827,54.0893],[-130.3537,54.0688],[-130.3473,54.0701],[-130.3387,54.0633],[-130.3361,54.0667],[-130.3264,54.0603],[-130.2974,54.0306],[-130.2893,54.0279],[-130.2888,54.021],[-130.2983,54.0098],[-130.2794,54.0173],[-130.2592,54.003],[-130.2529,53.9904],[-130.2499,53.995],[-130.2455,53.9924],[-130.24,53.9839],[-130.2427,53.9797],[-130.2346,53.9777],[-130.2384,53.9699],[-130.231,53.9521],[-130.2339,53.945],[-130.2497,53.9446],[-130.2609,53.9522],[-130.2696,53.9531],[-130.2588,53.95],[-130.257,53.945],[-130.2413,53.9381],[-130.2407,53.934],[-130.26,53.9331],[-130.2616,53.9265],[-130.2697,53.9241],[-130.2778,53.913],[-130.2773,53.903],[-130.295,53.8985],[-130.2957,53.8932],[-130.3073,53.8911],[-130.3121,53.884],[-130.3304,53.8825],[-130.3374,53.8768],[-130.334,53.8713],[-130.3405,53.8586],[-130.338,53.8546],[-130.3538,53.8443],[-130.3388,53.8443],[-130.341,53.8331],[-130.3475,53.8345],[-130.3414,53.8281],[-130.3592,53.8317],[-130.3804,53.8236],[-130.3896,53.8282],[-130.3989,53.8234],[-130.4059,53.8334],[-130.4063,53.8281],[-130.4215,53.8332],[-130.4119,53.8351],[-130.4127,53.8384],[-130.4355,53.8335],[-130.4364,53.8347],[-130.4334,53.8358],[-130.4335,53.8395],[-130.4275,53.8383],[-130.4398,53.8482],[-130.4352,53.8576],[-130.4387,53.8597],[-130.4407,53.8581],[-130.4425,53.8482],[-130.4502,53.8436],[-130.4482,53.8396],[-130.46,53.8379],[-130.4695,53.8421],[-130.4858,53.8374],[-130.4867,53.8419],[-130.5033,53.8374],[-130.5027,53.8433],[-130.4841,53.848],[-130.4996,53.853],[-130.5019,53.8623],[-130.5067,53.861],[-130.5111,53.8699],[-130.5164,53.8701],[-130.5063,53.877],[-130.4934,53.8726],[-130.4936,53.8794],[-130.4684,53.8867],[-130.4666,53.8974],[-130.4459,53.9195],[-130.432,53.9587],[-130.4143,53.971],[-130.3913,53.965],[-130.3786,53.9677],[-130.3705,53.9605],[-130.3629,53.9648],[-130.3364,53.9629],[-130.3691,53.9706],[-130.3692,53.9758],[-130.3807,53.9796],[-130.3771,53.9846],[-130.351,53.9866],[-130.3562,53.9949],[-130.3401,53.9936],[-130.3413,53.9973],[-130.4122,54.0321],[-130.4212,54.0306],[-130.3623,53.9984],[-130.3564,53.9897],[-130.3794,53.9858],[-130.3879,53.9736],[-130.4347,53.9846],[-130.4519,53.973],[-130.4611,53.952],[-130.4554,53.9231],[-130.4628,53.9193],[-130.4598,53.9151],[-130.473,53.8917],[-130.4977,53.8835],[-130.511,53.896],[-130.514,53.8928],[-130.5285,53.8955],[-130.534,53.9005],[-130.5568,53.896],[-130.558,53.9015],[-130.5775,53.9157],[-130.5767,53.9202],[-130.5835,53.9213],[-130.5786,53.9282],[-130.6035,53.9376],[-130.6095,53.9482],[-130.6444,53.96],[-130.6299,53.9474],[-130.6317,53.9408],[-130.6361,53.9362],[-130.6615,53.9362],[-130.6622,53.9371],[-130.66,53.9379],[-130.6576,53.937],[-130.6576,53.9395],[-130.673,53.9396],[-130.6696,53.9483],[-130.6612,53.9488],[-130.6686,53.9579],[-130.6726,53.9525],[-130.6697,53.9495],[-130.6891,53.9444],[-130.6796,53.933],[-130.69,53.9256],[-130.6804,53.9157],[-130.6907,53.9162],[-130.6876,53.9204],[-130.7009,53.9127],[-130.6929,53.9078],[-130.7014,53.9034],[-130.6989,53.8924],[-130.6184,53.863],[-130.6107,53.8564],[-130.6175,53.8511],[-130.6225,53.8551],[-130.6351,53.8562],[-130.6295,53.8535],[-130.6247,53.8541],[-130.6158,53.8452],[-130.6393,53.8449],[-130.6509,53.8401],[-130.6463,53.8366],[-130.6386,53.8417],[-130.6446,53.8347],[-130.659,53.837],[-130.6636,53.846],[-130.6904,53.8422],[-130.6916,53.847],[-130.7069,53.8472],[-130.6998,53.852],[-130.7224,53.8687],[-130.7146,53.8779],[-130.7108,53.8971],[-130.7321,53.9102],[-130.728,53.9233],[-130.7223,53.9263],[-130.7224,53.9403],[-130.6902,53.9548],[-130.671,53.9741],[-130.6633,53.9887],[-130.67,54.0015],[-130.6619,54.0051],[-130.6568,54.0],[-130.6641,53.994],[-130.6591,53.9951],[-130.6588,53.9898],[-130.6556,53.9935],[-130.6546,53.9897],[-130.6463,53.9901],[-130.6445,53.9783],[-130.6508,53.9722],[-130.6453,53.9709],[-130.6348,53.9768],[-130.6369,53.9827],[-130.6309,53.9875],[-130.6281,54.0092],[-130.6237,54.006],[-130.6253,54.0104],[-130.619,54.0093],[-130.6204,54.0173],[-130.6141,54.0123],[-130.6157,54.0166],[-130.6044,54.0238],[-130.6018,54.0333],[-130.5756,54.0285],[-130.5623,54.0318],[-130.5603,54.0431],[-130.5508,54.0406],[-130.5591,54.0519],[-130.5525,54.057],[-130.5261,54.0456],[-130.521,54.0476],[-130.5231,54.055],[-130.534,54.0627],[-130.5308,54.0655],[-130.5007,54.0643],[-130.4864,54.0671],[-130.4842,54.0731],[-130.4783,54.0682],[-130.4717,54.0785],[-130.4542,54.0779],[-130.4469,54.0718],[-130.4509,54.0692],[-130.4459,54.0703],[-130.442,54.0651],[-130.4414,54.0546],[-130.4466,54.0548],[-130.4354,54.0516],[-130.4345,54.0572],[-130.4281,54.0579],[-130.4398,54.0612],[-130.431,54.0671],[-130.4434,54.0702],[-130.4464,54.0845],[-130.4355,54.0978],[-130.4272,54.0994],[-130.4271,54.0956],[-130.4162,54.1026]]],[[[-130.4701,53.6378],[-130.445,53.631],[-130.4329,53.6245],[-130.4347,53.6204],[-130.4248,53.6248],[-130.4011,53.62],[-130.3894,53.6117],[-130.3624,53.6051],[-130.3604,53.5986],[-130.3524,53.6015],[-130.3346,53.5924],[-130.275,53.574],[-130.2575,53.5731],[-130.2102,53.5562],[-130.1708,53.5338],[-130.1907,53.5283],[-130.1764,53.5269],[-130.1662,53.5345],[-130.1083,53.5147],[-130.0767,53.4923],[-130.061,53.4871],[-130.0446,53.4718],[-130.0357,53.4727],[-129.9933,53.4528],[-129.9775,53.4425],[-129.9777,53.438],[-129.9472,53.4237],[-129.9474,53.4157],[-129.9343,53.4147],[-129.932,53.4095],[-129.9396,53.4087],[-129.9278,53.4066],[-129.9194,53.3966],[-129.9163,53.3988],[-129.9055,53.3918],[-129.8826,53.363],[-129.8918,53.3566],[-129.885,53.356],[-129.8784,53.3596],[-129.8693,53.3501],[-129.8689,53.3434],[-129.8835,53.3418],[-129.8702,53.3415],[-129.8661,53.3288],[-129.8563,53.3357],[-129.8498,53.3188],[-129.8377,53.3177],[-129.8253,53.3069],[-129.8294,53.3028],[-129.803,53.2915],[-129.7971,53.2653],[-129.7901,53.2564],[-129.7946,53.255],[-129.781,53.248],[-129.7819,53.2428],[-129.7653,53.2323],[-129.7629,53.2197],[-129.7536,53.216],[-129.7582,53.1949],[-129.774,53.1887],[-129.7746,53.1865],[-129.769,53.1869],[-129.783,53.1793],[-129.7793,53.1777],[-129.7828,53.1765],[-129.7793,53.1767],[-129.7824,53.166],[-129.7897,53.1704],[-129.7871,53.1655],[-129.7906,53.1631],[-129.8031,53.1748],[-129.8083,53.1698],[-129.8109,53.1729],[-129.8189,53.1699],[-129.8253,53.179],[-129.8244,53.1744],[-129.8296,53.1735],[-129.8297,53.1833],[-129.8346,53.1883],[-129.8483,53.1832],[-129.8707,53.188],[-129.8686,53.1831],[-129.8745,53.1855],[-129.8765,53.1801],[-129.8727,53.1741],[-129.8879,53.1773],[-129.8817,53.1684],[-129.8952,53.1739],[-129.8955,53.1655],[-129.9012,53.1636],[-129.9107,53.172],[-129.9205,53.1683],[-129.9393,53.1712],[-129.9296,53.1634],[-129.948,53.1651],[-129.9728,53.1793],[-129.9606,53.1832],[-129.974,53.1877],[-129.9734,53.1952],[-129.986,53.1927],[-129.9885,53.198],[-129.9814,53.1997],[-129.9941,53.206],[-129.9991,53.2157],[-130.0024,53.2125],[-130.0068,53.2164],[-130.0057,53.2086],[-130.0134,53.2069],[-130.0102,53.2146],[-130.0137,53.2175],[-130.0087,53.2212],[-130.0211,53.2185],[-130.0184,53.2222],[-130.0242,53.2261],[-130.0189,53.23],[-130.0248,53.2347],[-130.021,53.2381],[-130.0346,53.2278],[-130.0288,53.2412],[-130.0229,53.2426],[-130.026,53.2499],[-130.0204,53.2526],[-130.0262,53.2511],[-130.0311,53.2473],[-130.0363,53.2481],[-130.0351,53.2526],[-130.0447,53.2477],[-130.0507,53.2508],[-130.0527,53.2485],[-130.0465,53.2452],[-130.056,53.2449],[-130.0592,53.2514],[-130.0641,53.2487],[-130.0625,53.2553],[-130.0661,53.2564],[-130.0605,53.2603],[-130.065,53.2591],[-130.0645,53.2625],[-130.0568,53.2648],[-130.072,53.2672],[-130.0689,53.2557],[-130.0752,53.2532],[-130.0753,53.2577],[-130.0805,53.2579],[-130.0777,53.2621],[-130.0859,53.2615],[-130.0816,53.2647],[-130.0869,53.268],[-130.0912,53.2649],[-130.0951,53.2691],[-130.0919,53.2708],[-130.0998,53.2716],[-130.0947,53.2743],[-130.099,53.2791],[-130.0918,53.2884],[-130.0957,53.2865],[-130.0941,53.2895],[-130.1024,53.293],[-130.0994,53.2957],[-130.1039,53.2958],[-130.0981,53.3044],[-130.1033,53.302],[-130.1013,53.3083],[-130.1066,53.3056],[-130.107,53.3091],[-130.1009,53.3099],[-130.114,53.319],[-130.1099,53.3235],[-130.1158,53.3212],[-130.1243,53.3326],[-130.1231,53.3375],[-130.1172,53.3384],[-130.1233,53.3386],[-130.1195,53.3441],[-130.1283,53.339],[-130.1328,53.3457],[-130.1311,53.3395],[-130.1254,53.3382],[-130.1262,53.3291],[-130.1218,53.3218],[-130.1254,53.3174],[-130.1332,53.3227],[-130.1338,53.3221],[-130.1324,53.3181],[-130.1346,53.3177],[-130.1399,53.3235],[-130.1422,53.3205],[-130.155,53.3262],[-130.1521,53.3328],[-130.1601,53.3322],[-130.1567,53.3426],[-130.163,53.343],[-130.1542,53.3511],[-130.1648,53.3478],[-130.1646,53.3471],[-130.1608,53.3478],[-130.1673,53.3426],[-130.1728,53.3438],[-130.171,53.3487],[-130.1847,53.3486],[-130.159,53.3527],[-130.1618,53.3545],[-130.1672,53.3516],[-130.171,53.3573],[-130.1822,53.351],[-130.1824,53.3581],[-130.1929,53.3574],[-130.1897,53.3603],[-130.2007,53.3542],[-130.2012,53.352],[-130.2128,53.3563],[-130.2075,53.3598],[-130.2214,53.3588],[-130.2228,53.3643],[-130.2213,53.3655],[-130.2187,53.3643],[-130.2224,53.3696],[-130.2134,53.3703],[-130.2205,53.3742],[-130.1991,53.377],[-130.2558,53.3757],[-130.2695,53.385],[-130.2712,53.3776],[-130.2769,53.3819],[-130.2802,53.3781],[-130.3047,53.3835],[-130.3053,53.3925],[-130.3105,53.3876],[-130.3157,53.3908],[-130.3319,53.4106],[-130.3688,53.4385],[-130.3873,53.4429],[-130.384,53.4467],[-130.392,53.4472],[-130.3889,53.4512],[-130.3969,53.455],[-130.3924,53.4569],[-130.4082,53.4571],[-130.4088,53.4644],[-130.3961,53.4752],[-130.4012,53.4737],[-130.4094,53.4663],[-130.4153,53.4705],[-130.4085,53.4784],[-130.4139,53.4785],[-130.4066,53.4907],[-130.3779,53.5089],[-130.321,53.5083],[-130.3021,53.5129],[-130.3234,53.5128],[-130.3396,53.5098],[-130.3464,53.5119],[-130.343,53.5146],[-130.3576,53.5102],[-130.3639,53.5228],[-130.3681,53.5209],[-130.3791,53.53],[-130.384,53.5289],[-130.3816,53.5225],[-130.3879,53.5172],[-130.397,53.5209],[-130.3944,53.5105],[-130.3983,53.5146],[-130.4077,53.5115],[-130.4211,53.5164],[-130.44,53.5028],[-130.4422,53.5077],[-130.4382,53.5086],[-130.4456,53.5083],[-130.4421,53.5132],[-130.4572,53.5069],[-130.4621,53.509],[-130.4602,53.5151],[-130.4688,53.5082],[-130.4756,53.5142],[-130.4721,53.5164],[-130.4879,53.5155],[-130.4866,53.5233],[-130.4903,53.5258],[-130.4845,53.5269],[-130.4895,53.5279],[-130.4873,53.5328],[-130.4953,53.5318],[-130.4834,53.5394],[-130.4958,53.5351],[-130.4974,53.5402],[-130.5005,53.5374],[-130.5061,53.5433],[-130.5103,53.5408],[-130.5098,53.5449],[-130.5165,53.5439],[-130.5181,53.5494],[-130.524,53.5431],[-130.5287,53.5484],[-130.5392,53.5489],[-130.5365,53.5517],[-130.5481,53.5514],[-130.5481,53.5574],[-130.5324,53.5613],[-130.5471,53.5625],[-130.5488,53.5756],[-130.5271,53.5726],[-130.5455,53.5786],[-130.5413,53.5807],[-130.5469,53.5805],[-130.5435,53.5895],[-130.5335,53.5893],[-130.5353,53.593],[-130.5213,53.6016],[-130.5297,53.5986],[-130.5371,53.5933],[-130.5386,53.5975],[-130.5329,53.6006],[-130.5409,53.6026],[-130.5347,53.6067],[-130.5502,53.6048],[-130.5423,53.6068],[-130.5412,53.6121],[-130.5449,53.6118],[-130.5401,53.6187],[-130.5418,53.6268],[-130.5355,53.6268],[-130.5367,53.6233],[-130.5315,53.6185],[-130.5293,53.6237],[-130.5352,53.625],[-130.5308,53.6282],[-130.5334,53.6303],[-130.5136,53.6293],[-130.5077,53.6338],[-130.4985,53.6306],[-130.4896,53.6335],[-130.4747,53.6266],[-130.4623,53.6255],[-130.4565,53.629],[-130.4502,53.6252],[-130.4545,53.6291],[-130.4578,53.6293],[-130.4612,53.6266],[-130.479,53.6339],[-130.4701,53.6378]]],[[[-130.208,53.9111],[-130.196,53.9096],[-130.1569,53.8906],[-130.1278,53.8895],[-130.1114,53.8825],[-130.1126,53.8788],[-130.098,53.8635],[-130.0752,53.8491],[-130.0685,53.8464],[-130.0731,53.8507],[-130.0705,53.8528],[-130.066,53.8496],[-130.0682,53.8561],[-130.063,53.8539],[-130.0655,53.8478],[-130.0614,53.843],[-130.0577,53.8415],[-130.0578,53.8427],[-130.062,53.8455],[-130.0586,53.8492],[-130.0464,53.8408],[-130.0451,53.8446],[-130.0343,53.8395],[-130.0268,53.8256],[-130.0047,53.8148],[-130.0065,53.8094],[-129.9992,53.8102],[-129.9712,53.798],[-129.9486,53.7832],[-129.9277,53.7615],[-129.8965,53.7505],[-129.8406,53.7206],[-129.7399,53.639],[-129.7062,53.5997],[-129.5663,53.5127],[-129.5512,53.4971],[-129.5201,53.4811],[-129.5216,53.4781],[-129.4515,53.4394],[-129.4189,53.4137],[-129.4214,53.4057],[-129.4413,53.417],[-129.4352,53.3996],[-129.4482,53.3926],[-129.4484,53.3865],[-129.4661,53.381],[-129.4591,53.378],[-129.4605,53.3733],[-129.4654,53.3776],[-129.4605,53.3667],[-129.4688,53.3629],[-129.4735,53.3723],[-129.4762,53.3606],[-129.4727,53.3623],[-129.4721,53.3518],[-129.4739,53.3482],[-129.4823,53.352],[-129.4811,53.3361],[-129.464,53.3099],[-129.4692,53.2938],[-129.4789,53.2849],[-129.4863,53.2817],[-129.4986,53.2869],[-129.5043,53.2832],[-129.5172,53.3024],[-129.5161,53.3087],[-129.5254,53.3079],[-129.5245,53.3148],[-129.5172,53.3172],[-129.5235,53.3192],[-129.524,53.3161],[-129.5261,53.3211],[-129.5321,53.3238],[-129.5396,53.3226],[-129.5389,53.3312],[-129.544,53.333],[-129.5413,53.3366],[-129.553,53.3414],[-129.541,53.3236],[-129.5506,53.3218],[-129.5361,53.3196],[-129.5395,53.314],[-129.5324,53.3145],[-129.525,53.3063],[-129.53,53.3034],[-129.5228,53.2928],[-129.5399,53.2915],[-129.5177,53.2859],[-129.5129,53.2741],[-129.5087,53.2779],[-129.5009,53.2731],[-129.5029,53.2647],[-129.5091,53.2638],[-129.5121,53.2568],[-129.5054,53.2472],[-129.4951,53.2428],[-129.4925,53.2384],[-129.4971,53.2384],[-129.4877,53.2289],[-129.4943,53.2206],[-129.5048,53.2249],[-129.4995,53.2095],[-129.5067,53.2088],[-129.5096,53.2151],[-129.5235,53.2167],[-129.5259,53.2208],[-129.5546,53.2125],[-129.564,53.2184],[-129.5876,53.2119],[-129.5857,53.2143],[-129.6029,53.2207],[-129.6012,53.2293],[-129.6052,53.2292],[-129.6093,53.239],[-129.628,53.2507],[-129.6355,53.2493],[-129.6307,53.2523],[-129.632,53.258],[-129.645,53.2607],[-129.6439,53.2656],[-129.6385,53.2635],[-129.646,53.2703],[-129.6478,53.2663],[-129.6549,53.2685],[-129.6484,53.2735],[-129.6474,53.2776],[-129.666,53.2771],[-129.6532,53.2829],[-129.6516,53.2879],[-129.6566,53.2869],[-129.6562,53.2827],[-129.6689,53.2823],[-129.6722,53.2874],[-129.6664,53.2876],[-129.6667,53.2913],[-129.6732,53.2923],[-129.6804,53.2999],[-129.6727,53.2993],[-129.6821,53.3013],[-129.6855,53.3076],[-129.6306,53.3064],[-129.5728,53.3187],[-129.5809,53.3228],[-129.6006,53.3182],[-129.6136,53.3315],[-129.6209,53.3296],[-129.6113,53.3247],[-129.6116,53.3163],[-129.6222,53.3123],[-129.6668,53.3183],[-129.6678,53.3154],[-129.6512,53.3127],[-129.6708,53.3104],[-129.6876,53.3188],[-129.6988,53.3185],[-129.691,53.3279],[-129.6773,53.3296],[-129.683,53.3313],[-129.6787,53.3338],[-129.6518,53.3315],[-129.6335,53.3383],[-129.6263,53.347],[-129.6433,53.3646],[-129.6507,53.3634],[-129.6319,53.3458],[-129.6352,53.3409],[-129.642,53.3377],[-129.6493,53.342],[-129.6476,53.3387],[-129.6582,53.3334],[-129.6636,53.3345],[-129.6628,53.3394],[-129.6753,53.3382],[-129.6807,53.343],[-129.6962,53.3332],[-129.6998,53.334],[-129.6912,53.3372],[-129.6994,53.3412],[-129.7071,53.337],[-129.7062,53.3288],[-129.7142,53.3231],[-129.7439,53.3372],[-129.7787,53.3651],[-129.7709,53.3716],[-129.7752,53.3768],[-129.76,53.3823],[-129.7848,53.3811],[-129.7816,53.3781],[-129.7762,53.378],[-129.7813,53.3733],[-129.7781,53.3703],[-129.7839,53.369],[-129.7982,53.3762],[-129.8087,53.3758],[-129.7973,53.3904],[-129.7988,53.3969],[-129.7899,53.3967],[-129.7906,53.4019],[-129.7842,53.4064],[-129.7916,53.4071],[-129.7918,53.4019],[-129.8016,53.398],[-129.8085,53.3786],[-129.8327,53.3875],[-129.8389,53.4039],[-129.8454,53.4037],[-129.85,53.4096],[-129.8332,53.4122],[-129.839,53.4066],[-129.8324,53.4055],[-129.8283,53.4087],[-129.8368,53.4161],[-129.8287,53.4196],[-129.8322,53.4202],[-129.8395,53.4154],[-129.8499,53.419],[-129.8442,53.4236],[-129.8469,53.4255],[-129.8273,53.4251],[-129.8439,53.4255],[-129.8473,53.4295],[-129.8265,53.4316],[-129.8396,53.4347],[-129.8223,53.4435],[-129.7961,53.4491],[-129.7844,53.4467],[-129.7727,53.453],[-129.8013,53.4514],[-129.78,53.4568],[-129.7817,53.4597],[-129.8222,53.4476],[-129.8415,53.4376],[-129.8457,53.4398],[-129.8326,53.4487],[-129.8369,53.4528],[-129.8338,53.4543],[-129.824,53.4478],[-129.8182,53.4527],[-129.8261,53.4561],[-129.8217,53.4586],[-129.8364,53.456],[-129.839,53.4706],[-129.8437,53.4672],[-129.8423,53.4553],[-129.8544,53.4482],[-129.8701,53.4512],[-129.8696,53.4529],[-129.863,53.4544],[-129.8706,53.4562],[-129.8623,53.457],[-129.8671,53.462],[-129.8841,53.4565],[-129.9157,53.4634],[-129.9129,53.4663],[-129.9045,53.4636],[-129.9055,53.4668],[-129.897,53.4692],[-129.8761,53.468],[-129.8669,53.4741],[-129.8725,53.4755],[-129.8689,53.4786],[-129.8795,53.4716],[-129.9051,53.4722],[-129.8941,53.471],[-129.8992,53.4695],[-129.9116,53.474],[-129.906,53.4775],[-129.9109,53.4825],[-129.8979,53.486],[-129.9066,53.488],[-129.8981,53.4887],[-129.893,53.4953],[-129.8993,53.4992],[-129.863,53.5012],[-129.8664,53.5062],[-129.8677,53.5011],[-129.8931,53.5012],[-129.8958,53.5054],[-129.8887,53.5161],[-129.8361,53.5135],[-129.8268,53.5083],[-129.8202,53.5103],[-129.8281,53.5158],[-129.8137,53.5131],[-129.8141,53.5163],[-129.8228,53.5165],[-129.8148,53.521],[-129.8337,53.5177],[-129.8485,53.5226],[-129.8746,53.5173],[-129.8709,53.5191],[-129.8737,53.5232],[-129.8856,53.5284],[-129.8769,53.5335],[-129.8818,53.5415],[-129.8755,53.5412],[-129.8866,53.5526],[-129.8877,53.5469],[-129.8946,53.5453],[-129.9183,53.5524],[-129.9317,53.5488],[-129.9509,53.5515],[-129.932,53.5575],[-129.9211,53.5551],[-129.923,53.5579],[-129.9169,53.5627],[-129.9204,53.5629],[-129.9138,53.5675],[-129.9169,53.5686],[-129.9018,53.5731],[-129.8936,53.5617],[-129.8783,53.5679],[-129.887,53.5708],[-129.8855,53.577],[-129.8971,53.5846],[-129.9254,53.5758],[-129.9287,53.5773],[-129.9249,53.5823],[-129.941,53.5732],[-129.9538,53.5738],[-129.944,53.5837],[-129.9306,53.5878],[-129.9489,53.5836],[-129.9449,53.5903],[-129.9188,53.5992],[-129.9383,53.5942],[-129.9327,53.6019],[-129.9046,53.6084],[-129.9232,53.6068],[-129.9273,53.6138],[-129.9273,53.6079],[-129.9373,53.6071],[-129.941,53.6024],[-129.9354,53.601],[-129.942,53.5971],[-129.9462,53.5974],[-129.9423,53.6023],[-129.9492,53.6019],[-129.9492,53.6069],[-129.9602,53.5973],[-129.9517,53.5979],[-129.9536,53.5942],[-129.9624,53.59],[-129.9529,53.5867],[-129.9562,53.5785],[-129.9702,53.5738],[-129.9803,53.5768],[-129.984,53.571],[-130.0088,53.5648],[-130.0123,53.57],[-130.0236,53.572],[-130.0154,53.5772],[-130.0294,53.575],[-130.0306,53.582],[-130.0379,53.5829],[-130.0353,53.5905],[-130.0444,53.5845],[-130.0521,53.59],[-130.0484,53.5921],[-130.0559,53.5932],[-130.0434,53.5977],[-130.0618,53.5979],[-130.0641,53.6129],[-130.0604,53.6157],[-130.0649,53.6229],[-129.9236,53.6486],[-129.9156,53.64],[-129.8929,53.6326],[-129.8704,53.6268],[-129.8569,53.6269],[-129.8397,53.6191],[-129.8321,53.6211],[-129.8487,53.625],[-129.8523,53.6324],[-129.8686,53.6281],[-129.9099,53.6396],[-129.9272,53.6539],[-129.9394,53.6567],[-129.9487,53.6492],[-129.9664,53.6448],[-129.981,53.6483],[-129.9853,53.6441],[-129.9967,53.6454],[-130.0497,53.6309],[-130.0726,53.6306],[-130.0871,53.6424],[-130.088,53.6541],[-130.1002,53.6673],[-130.0889,53.6726],[-130.1018,53.6983],[-130.0915,53.7037],[-130.0898,53.7102],[-130.0776,53.7124],[-130.0756,53.717],[-130.0824,53.7243],[-130.0892,53.7223],[-130.0875,53.7152],[-130.0925,53.7167],[-130.1036,53.6984],[-130.1509,53.7144],[-130.2069,53.7224],[-130.2148,53.736],[-130.2034,53.753],[-130.2142,53.7761],[-130.2104,53.7845],[-130.2223,53.7979],[-130.2135,53.8038],[-130.2201,53.8086],[-130.1857,53.8061],[-130.183,53.815],[-130.1706,53.8152],[-130.1776,53.8174],[-130.2222,53.8132],[-130.2729,53.8194],[-130.29,53.8236],[-130.2875,53.8314],[-130.2952,53.8452],[-130.2944,53.8523],[-130.2791,53.8633],[-130.2867,53.8698],[-130.2596,53.8888],[-130.2326,53.8911],[-130.2241,53.9066],[-130.211,53.9062],[-130.208,53.9111]]],[[[-131.8077,53.2416],[-131.8044,53.2316],[-131.7885,53.2245],[-131.7825,53.2013],[-131.773,53.1973],[-131.7786,53.1727],[-131.7947,53.1686],[-131.8006,53.1614],[-131.7645,53.1607],[-131.7582,53.1533],[-131.76,53.1473],[-131.766,53.1462],[-131.7628,53.1428],[-131.7522,53.1434],[-131.7518,53.1468],[-131.7599,53.1475],[-131.7473,53.1533],[-131.7117,53.1498],[-131.7083,53.1484],[-131.7108,53.141],[-131.6985,53.1313],[-131.7059,53.1315],[-131.7053,53.1239],[-131.692,53.1117],[-131.6452,53.1089],[-131.6385,53.0961],[-131.6442,53.0851],[-131.6356,53.0721],[-131.6398,53.0664],[-131.6248,53.0584],[-131.6309,53.0549],[-131.6244,53.0499],[-131.6313,53.0456],[-131.6115,53.0436],[-131.6064,53.0342],[-131.618,53.0277],[-131.6515,53.0312],[-131.6558,53.0332],[-131.6563,53.0453],[-131.6651,53.0412],[-131.6917,53.0414],[-131.7348,53.0497],[-131.7385,53.0468],[-131.7483,53.0524],[-131.7594,53.0497],[-131.7827,53.0556],[-131.8056,53.068],[-131.8361,53.0684],[-131.843,53.0646],[-131.8388,53.0621],[-131.8478,53.0591],[-131.8874,53.0643],[-131.8994,53.0582],[-131.8962,53.0548],[-131.9118,53.0547],[-131.9147,53.0495],[-131.9279,53.0473],[-131.9829,53.0523],[-131.9926,53.0593],[-132.0169,53.0574],[-132.009,53.0542],[-132.012,53.0531],[-132.0304,53.0563],[-132.0292,53.0539],[-132.0189,53.0518],[-132.0325,53.0521],[-132.0243,53.0459],[-132.0326,53.0398],[-132.0293,53.0373],[-132.0162,53.0462],[-131.9552,53.0372],[-131.964,53.0136],[-131.9609,53.0158],[-131.957,53.0106],[-131.96,53.0092],[-131.9499,53.0083],[-131.9382,52.9876],[-131.9266,52.9841],[-131.9017,52.9527],[-131.9045,52.9511],[-131.9038,52.9395],[-131.9134,52.9337],[-131.9276,52.9307],[-131.9638,52.9391],[-131.9679,52.9343],[-131.9476,52.934],[-131.9452,52.9319],[-131.9503,52.9281],[-131.937,52.9229],[-131.8997,52.9209],[-131.8936,52.9121],[-131.8985,52.9072],[-131.9101,52.9095],[-131.9281,52.9039],[-131.9359,52.8949],[-132.0018,52.8818],[-131.9973,52.8795],[-132.0025,52.8768],[-132.0099,52.8807],[-132.0118,52.8779],[-132.0053,52.8764],[-131.9975,52.8773],[-131.9937,52.8753],[-131.9733,52.8793],[-131.9493,52.877],[-131.9135,52.895],[-131.8891,52.892],[-131.882,52.8857],[-131.8888,52.8802],[-131.877,52.8821],[-131.8516,52.8701],[-131.8457,52.8617],[-131.8581,52.8575],[-131.8785,52.865],[-131.8639,52.8509],[-131.867,52.8438],[-131.8871,52.8376],[-131.8863,52.8327],[-131.8517,52.8338],[-131.8355,52.8191],[-131.8401,52.809],[-131.8115,52.7954],[-131.7763,52.802],[-131.7312,52.7939],[-131.6949,52.7984],[-131.6635,52.8112],[-131.6568,52.8101],[-131.6559,52.7973],[-131.7015,52.7845],[-131.7586,52.7879],[-131.776,52.777],[-131.7904,52.7742],[-131.7927,52.7621],[-131.7993,52.7561],[-131.8078,52.7563],[-131.8189,52.7668],[-131.8464,52.7704],[-131.868,52.7641],[-131.8682,52.7598],[-131.8815,52.7608],[-131.889,52.7562],[-131.8892,52.7511],[-131.8749,52.7398],[-131.8727,52.7419],[-131.8846,52.7519],[-131.8498,52.7625],[-131.8259,52.76],[-131.8033,52.7425],[-131.8322,52.7196],[-131.8318,52.7127],[-131.8487,52.7039],[-131.842,52.7017],[-131.8273,52.7148],[-131.8167,52.7133],[-131.8173,52.7026],[-131.8079,52.7024],[-131.8052,52.7187],[-131.8005,52.7139],[-131.7907,52.7148],[-131.7674,52.7062],[-131.7706,52.6995],[-131.7648,52.6966],[-131.7706,52.6914],[-131.7626,52.6907],[-131.762,52.7002],[-131.7397,52.6918],[-131.7269,52.6732],[-131.7308,52.6728],[-131.7261,52.6688],[-131.7313,52.6656],[-131.724,52.666],[-131.7151,52.6577],[-131.7116,52.6464],[-131.6985,52.6391],[-131.7017,52.6373],[-131.6878,52.6218],[-131.6943,52.6191],[-131.7207,52.6249],[-131.7584,52.6374],[-131.7635,52.6337],[-131.7582,52.6286],[-131.6949,52.6096],[-131.6997,52.6068],[-131.6972,52.6033],[-131.6866,52.6044],[-131.6771,52.595],[-131.6926,52.5886],[-131.6931,52.5818],[-131.7148,52.5792],[-131.6944,52.5801],[-131.6827,52.5885],[-131.6749,52.5808],[-131.6661,52.5837],[-131.6429,52.5685],[-131.6446,52.5753],[-131.6388,52.5772],[-131.6184,52.5673],[-131.6223,52.5654],[-131.6195,52.5619],[-131.6351,52.5571],[-131.6312,52.55],[-131.638,52.5515],[-131.6364,52.5478],[-131.6589,52.5523],[-131.6523,52.5502],[-131.6574,52.5481],[-131.6442,52.5461],[-131.6565,52.5421],[-131.651,52.5402],[-131.6921,52.5527],[-131.6844,52.5481],[-131.6863,52.5442],[-131.6712,52.5418],[-131.6757,52.54],[-131.6722,52.538],[-131.6771,52.5315],[-131.666,52.5401],[-131.6592,52.535],[-131.6457,52.539],[-131.6458,52.5343],[-131.6348,52.5351],[-131.6295,52.5301],[-131.611,52.5333],[-131.6078,52.5291],[-131.6142,52.5298],[-131.6146,52.5249],[-131.6081,52.5167],[-131.6184,52.5131],[-131.6182,52.5073],[-131.6078,52.5109],[-131.6015,52.5208],[-131.5813,52.5254],[-131.5757,52.5368],[-131.5379,52.5267],[-131.5506,52.5187],[-131.5418,52.5148],[-131.5441,52.5115],[-131.5723,52.501],[-131.5819,52.4885],[-131.5682,52.4988],[-131.5538,52.5002],[-131.5549,52.5037],[-131.5448,52.5052],[-131.5342,52.5144],[-131.523,52.5141],[-131.5238,52.5172],[-131.5039,52.5171],[-131.5026,52.5097],[-131.4734,52.504],[-131.4669,52.5005],[-131.4794,52.4958],[-131.4771,52.4878],[-131.4821,52.4858],[-131.4722,52.4822],[-131.4721,52.4776],[-131.5133,52.4684],[-131.5067,52.4655],[-131.4645,52.4739],[-131.4731,52.4622],[-131.4708,52.4587],[-131.4808,52.4498],[-131.4804,52.4437],[-131.4651,52.4521],[-131.469,52.4543],[-131.4674,52.4632],[-131.4562,52.4697],[-131.45,52.4684],[-131.4535,52.4656],[-131.4488,52.4614],[-131.4374,52.468],[-131.4249,52.4663],[-131.4162,52.4551],[-131.4183,52.4395],[-131.4287,52.4262],[-131.4265,52.408],[-131.4519,52.3912],[-131.4397,52.3801],[-131.4375,52.3909],[-131.4153,52.3993],[-131.4118,52.4091],[-131.4041,52.4035],[-131.4001,52.4057],[-131.4025,52.4004],[-131.3926,52.3995],[-131.3839,52.3726],[-131.4062,52.3646],[-131.4136,52.3546],[-131.4067,52.3508],[-131.3845,52.3568],[-131.3626,52.3763],[-131.3533,52.3641],[-131.3561,52.3595],[-131.3518,52.3517],[-131.3568,52.3527],[-131.3513,52.3503],[-131.3693,52.3489],[-131.3712,52.3452],[-131.3542,52.3473],[-131.3446,52.3388],[-131.3469,52.3264],[-131.3525,52.3247],[-131.3408,52.321],[-131.3378,52.3138],[-131.3442,52.3108],[-131.3399,52.3088],[-131.3513,52.3053],[-131.3332,52.3035],[-131.3317,52.296],[-131.3254,52.2935],[-131.3229,52.2756],[-131.3217,52.2954],[-131.3064,52.3025],[-131.2998,52.2862],[-131.2802,52.2775],[-131.2545,52.2583],[-131.2465,52.245],[-131.2413,52.2451],[-131.2308,52.2591],[-131.2189,52.2622],[-131.2512,52.2735],[-131.2676,52.2876],[-131.2552,52.288],[-131.2591,52.2931],[-131.2549,52.2947],[-131.2562,52.2996],[-131.2359,52.3041],[-131.2194,52.2916],[-131.2183,52.3017],[-131.224,52.3054],[-131.2146,52.3132],[-131.1965,52.3155],[-131.1737,52.3262],[-131.1744,52.3214],[-131.1684,52.3182],[-131.1434,52.318],[-131.1374,52.3139],[-131.1671,52.2948],[-131.1521,52.2958],[-131.145,52.3076],[-131.1371,52.3113],[-131.1349,52.2941],[-131.1577,52.2786],[-131.1517,52.2749],[-131.1363,52.2855],[-131.1294,52.2801],[-131.1094,52.2895],[-131.0912,52.2884],[-131.0839,52.2657],[-131.0948,52.2576],[-131.0877,52.2565],[-131.085,52.2484],[-131.158,52.2415],[-131.1903,52.2248],[-131.1772,52.2239],[-131.142,52.2333],[-131.1245,52.2265],[-131.123,52.2133],[-131.0977,52.2257],[-131.0889,52.2242],[-131.0799,52.2149],[-131.0562,52.2245],[-131.0459,52.2219],[-131.032,52.2332],[-131.0005,52.2142],[-131.0037,52.2101],[-131.0088,52.2146],[-131.013,52.2084],[-131.0105,52.1951],[-131.0144,52.1805],[-131.0395,52.1702],[-131.0451,52.1633],[-131.057,52.1674],[-131.0685,52.1619],[-131.0762,52.1677],[-131.0993,52.1685],[-131.109,52.1665],[-131.1091,52.1619],[-131.1132,52.166],[-131.1424,52.1615],[-131.1417,52.1395],[-131.1502,52.1301],[-131.1835,52.1183],[-131.1936,52.1214],[-131.1999,52.1331],[-131.2056,52.1309],[-131.2041,52.1348],[-131.2126,52.139],[-131.2119,52.1406],[-131.2105,52.1409],[-131.2049,52.1382],[-131.2031,52.14],[-131.2093,52.1445],[-131.2091,52.1536],[-131.2185,52.1553],[-131.21,52.1658],[-131.221,52.1762],[-131.2206,52.1835],[-131.2468,52.2093],[-131.2734,52.2235],[-131.2774,52.2331],[-131.2941,52.2434],[-131.2927,52.2402],[-131.2815,52.2285],[-131.2817,52.2195],[-131.2543,52.1918],[-131.2324,52.1579],[-131.2451,52.1459],[-131.2324,52.1281],[-131.2386,52.1301],[-131.241,52.1226],[-131.2558,52.1296],[-131.2605,52.1279],[-131.2573,52.1248],[-131.2618,52.1188],[-131.2856,52.1488],[-131.3012,52.1443],[-131.3042,52.1505],[-131.3122,52.1482],[-131.3111,52.1527],[-131.297,52.1536],[-131.2958,52.1578],[-131.3047,52.1643],[-131.3029,52.1702],[-131.309,52.1756],[-131.3264,52.1802],[-131.3274,52.1835],[-131.3226,52.1856],[-131.3301,52.1917],[-131.3253,52.195],[-131.3337,52.1983],[-131.3373,52.1937],[-131.342,52.2066],[-131.3427,52.1993],[-131.3465,52.2005],[-131.3498,52.2124],[-131.3416,52.2178],[-131.3488,52.2234],[-131.3506,52.2166],[-131.3549,52.2179],[-131.3607,52.2348],[-131.3514,52.2394],[-131.374,52.273],[-131.3793,52.2695],[-131.3757,52.2464],[-131.3604,52.2209],[-131.3649,52.2169],[-131.3586,52.1911],[-131.3644,52.1825],[-131.374,52.1968],[-131.3916,52.1954],[-131.3993,52.2073],[-131.4289,52.221],[-131.4277,52.2315],[-131.4361,52.2352],[-131.438,52.2453],[-131.4442,52.2479],[-131.441,52.2491],[-131.4432,52.2565],[-131.4597,52.2677],[-131.4605,52.2731],[-131.4699,52.2782],[-131.4819,52.275],[-131.4924,52.2888],[-131.5015,52.288],[-131.5083,52.2929],[-131.5036,52.3006],[-131.5153,52.302],[-131.5128,52.314],[-131.5068,52.3107],[-131.5112,52.3214],[-131.5347,52.3167],[-131.5603,52.3256],[-131.5465,52.3336],[-131.55,52.3376],[-131.5395,52.3376],[-131.5307,52.348],[-131.5436,52.3491],[-131.5485,52.3453],[-131.5583,52.3504],[-131.5641,52.3445],[-131.5752,52.3438],[-131.5837,52.3581],[-131.5778,52.3649],[-131.5997,52.3775],[-131.5966,52.3886],[-131.5913,52.3878],[-131.5931,52.3929],[-131.5835,52.3928],[-131.5899,52.3955],[-131.5902,52.4005],[-131.5664,52.4097],[-131.5547,52.4048],[-131.5435,52.409],[-131.5069,52.3931],[-131.5039,52.4035],[-131.518,52.4161],[-131.5511,52.4206],[-131.5535,52.4254],[-131.5472,52.4381],[-131.5515,52.4399],[-131.558,52.4328],[-131.5713,52.4342],[-131.5745,52.4258],[-131.5828,52.4266],[-131.5867,52.4203],[-131.5956,52.4179],[-131.6031,52.4209],[-131.6102,52.4139],[-131.6137,52.4242],[-131.6274,52.4305],[-131.6323,52.4422],[-131.6226,52.446],[-131.6196,52.4526],[-131.6265,52.4561],[-131.6377,52.4481],[-131.649,52.4511],[-131.6468,52.4549],[-131.655,52.4564],[-131.6501,52.4666],[-131.6651,52.4784],[-131.6586,52.4823],[-131.6695,52.4825],[-131.673,52.4774],[-131.7041,52.4881],[-131.7171,52.4881],[-131.7277,52.4952],[-131.719,52.4963],[-131.7237,52.4986],[-131.7408,52.4945],[-131.7515,52.5019],[-131.7689,52.5046],[-131.7878,52.5154],[-131.7875,52.5206],[-131.7933,52.5241],[-131.748,52.5344],[-131.7911,52.534],[-131.7944,52.5291],[-131.8027,52.5286],[-131.8148,52.5368],[-131.8074,52.5444],[-131.833,52.547],[-131.8338,52.5531],[-131.8405,52.5556],[-131.8336,52.5575],[-131.8377,52.566],[-131.8052,52.57],[-131.7851,52.5783],[-131.7848,52.5827],[-131.8399,52.5707],[-131.8484,52.5594],[-131.8618,52.5658],[-131.8647,52.5718],[-131.8599,52.574],[-131.8645,52.5773],[-131.8908,52.5757],[-131.8958,52.5827],[-131.8793,52.5865],[-131.9061,52.5874],[-131.9121,52.6005],[-131.9014,52.6019],[-131.9095,52.6052],[-131.8995,52.6098],[-131.8923,52.605],[-131.8706,52.6057],[-131.8598,52.6136],[-131.8661,52.6159],[-131.882,52.6089],[-131.8901,52.6145],[-131.914,52.6122],[-131.9226,52.619],[-131.9335,52.616],[-131.9373,52.6315],[-131.9246,52.63],[-131.9405,52.6367],[-131.9417,52.6434],[-131.8964,52.6517],[-131.8874,52.6447],[-131.881,52.6531],[-131.8945,52.6564],[-131.9048,52.6518],[-131.9064,52.6563],[-131.9139,52.6573],[-131.9389,52.6476],[-131.9384,52.651],[-131.9456,52.6522],[-131.9441,52.6624],[-131.9493,52.6656],[-131.9555,52.6614],[-131.9534,52.6503],[-131.9788,52.6475],[-131.9775,52.6521],[-132.0008,52.6671],[-131.9995,52.6721],[-131.99,52.6723],[-131.9882,52.6763],[-132.0022,52.6759],[-132.0108,52.6696],[-132.0201,52.6717],[-132.0303,52.6779],[-132.0258,52.6871],[-132.0418,52.6831],[-132.0494,52.6907],[-132.0597,52.6913],[-132.0619,52.6984],[-132.067,52.6978],[-132.0692,52.7054],[-132.0737,52.7062],[-132.069,52.7073],[-132.0773,52.7109],[-132.0735,52.7153],[-132.0954,52.7197],[-132.0941,52.723],[-132.1059,52.7304],[-132.102,52.7338],[-132.1085,52.7345],[-132.0956,52.7496],[-132.0883,52.7465],[-132.0766,52.7496],[-132.0564,52.7631],[-132.0358,52.7674],[-132.0255,52.762],[-132.0404,52.7634],[-132.0346,52.757],[-132.0112,52.7507],[-132.0034,52.7383],[-131.99,52.7323],[-131.9976,52.7211],[-131.9878,52.723],[-131.9815,52.7176],[-131.9832,52.7369],[-132.0239,52.7683],[-132.0145,52.7837],[-131.9579,52.7393],[-131.9443,52.7343],[-131.9456,52.729],[-131.9418,52.7305],[-131.9171,52.7143],[-131.9193,52.7206],[-131.9632,52.7563],[-131.9387,52.756],[-131.9692,52.7955],[-131.9893,52.7923],[-131.9931,52.7987],[-132.0084,52.7984],[-131.9955,52.7917],[-132.0314,52.8004],[-132.04,52.8054],[-132.0374,52.8107],[-132.0499,52.8167],[-132.0487,52.8245],[-132.0713,52.8451],[-132.0726,52.8519],[-132.0841,52.8581],[-132.0855,52.8563],[-132.0818,52.8485],[-132.0879,52.8508],[-132.0918,52.8453],[-132.0595,52.8149],[-132.063,52.8131],[-132.0602,52.8037],[-132.0685,52.7959],[-132.0614,52.7913],[-132.0679,52.7865],[-132.0738,52.7911],[-132.0986,52.7867],[-132.106,52.7749],[-132.1009,52.7662],[-132.1082,52.7437],[-132.1147,52.7411],[-132.1112,52.7432],[-132.1153,52.7471],[-132.1231,52.7463],[-132.1217,52.7569],[-132.1266,52.7464],[-132.1379,52.745],[-132.1437,52.7487],[-132.1408,52.7508],[-132.149,52.7523],[-132.1546,52.7636],[-132.1666,52.7688],[-132.1629,52.7724],[-132.1713,52.7729],[-132.1705,52.7789],[-132.1757,52.7814],[-132.17,52.7848],[-132.1917,52.784],[-132.1833,52.7907],[-132.1848,52.7966],[-132.2048,52.7934],[-132.2276,52.7992],[-132.2253,52.8014],[-132.2355,52.8001],[-132.2404,52.8107],[-132.2463,52.8125],[-132.2365,52.8178],[-132.2463,52.8172],[-132.2642,52.8397],[-132.2593,52.8496],[-132.2451,52.8536],[-132.2418,52.8616],[-132.2095,52.858],[-132.2135,52.8487],[-132.197,52.8433],[-132.1518,52.844],[-132.1595,52.8453],[-132.1614,52.8502],[-132.198,52.849],[-132.2048,52.8587],[-132.2253,52.8619],[-132.2222,52.8702],[-132.1988,52.8789],[-132.2253,52.8725],[-132.2257,52.867],[-132.2318,52.8652],[-132.2601,52.8638],[-132.271,52.8724],[-132.2933,52.8765],[-132.326,52.8941],[-132.325,52.8996],[-132.3021,52.9063],[-132.2734,52.907],[-132.2591,52.9203],[-132.2785,52.9117],[-132.3077,52.9103],[-132.3169,52.9039],[-132.3323,52.9077],[-132.329,52.9111],[-132.3324,52.9151],[-132.3441,52.915],[-132.3385,52.9259],[-132.3488,52.9215],[-132.3656,52.9291],[-132.3553,52.9387],[-132.3567,52.9475],[-132.3469,52.9462],[-132.3477,52.9508],[-132.3214,52.9551],[-132.2878,52.9538],[-132.2859,52.9593],[-132.258,52.959],[-132.2206,52.9448],[-132.2166,52.9481],[-132.1989,52.9289],[-132.1654,52.9298],[-132.167,52.9318],[-132.1931,52.9359],[-132.2043,52.9476],[-132.2299,52.9605],[-132.2134,52.9694],[-132.1792,52.9564],[-132.1689,52.9448],[-132.1314,52.9342],[-132.1471,52.941],[-132.147,52.9463],[-132.1607,52.955],[-132.1906,52.967],[-132.1666,52.9766],[-132.1366,52.9556],[-132.1147,52.9575],[-132.1134,52.9632],[-132.1329,52.961],[-132.1569,52.9779],[-132.1518,52.9852],[-132.1539,52.989],[-132.1358,52.9936],[-132.1073,52.982],[-132.0881,52.9667],[-132.0765,52.9637],[-132.0739,52.9676],[-132.1022,52.9786],[-132.1004,52.9821],[-132.1102,52.9912],[-132.1384,52.9998],[-132.1749,52.993],[-132.2028,52.9952],[-132.2289,53.0084],[-132.2515,53.0098],[-132.2418,53.0125],[-132.2571,53.0184],[-132.3098,53.019],[-132.3202,53.0269],[-132.3535,53.0187],[-132.3604,53.026],[-132.3338,53.0327],[-132.3259,53.0395],[-132.2998,53.044],[-132.2883,53.0531],[-132.2565,53.0581],[-132.2619,53.0606],[-132.2877,53.0629],[-132.2983,53.0488],[-132.3481,53.0348],[-132.3339,53.0433],[-132.3375,53.0477],[-132.3564,53.0347],[-132.3874,53.0271],[-132.4153,53.0272],[-132.425,53.0308],[-132.4271,53.0407],[-132.4388,53.0369],[-132.4349,53.0404],[-132.4382,53.0451],[-132.443,53.0378],[-132.4549,53.0334],[-132.4682,53.0356],[-132.4976,53.0273],[-132.5065,53.0329],[-132.5035,53.0357],[-132.5143,53.0347],[-132.5212,53.0375],[-132.5175,53.04],[-132.5334,53.0454],[-132.5241,53.0497],[-132.5245,53.0616],[-132.5179,53.0642],[-132.5261,53.0665],[-132.5249,53.0671],[-132.5048,53.068],[-132.499,53.0674],[-132.5012,53.0717],[-132.5478,53.0679],[-132.5636,53.0754],[-132.5663,53.0802],[-132.5603,53.0818],[-132.5737,53.0824],[-132.5767,53.0867],[-132.5702,53.0906],[-132.5749,53.0957],[-132.565,53.0993],[-132.5034,53.0945],[-132.4978,53.0988],[-132.4355,53.0968],[-132.3931,53.1039],[-132.3887,53.1082],[-132.3938,53.1263],[-132.3697,53.1331],[-132.35,53.1321],[-132.3551,53.1388],[-132.3492,53.1482],[-132.287,53.1523],[-132.2315,53.1393],[-132.134,53.1606],[-132.1193,53.1576],[-132.1135,53.1514],[-132.1338,53.1479],[-132.1346,53.144],[-132.1023,53.1514],[-132.0809,53.1483],[-132.0807,53.1529],[-132.0666,53.1598],[-132.0695,53.1611],[-132.0564,53.1636],[-132.059,53.1679],[-132.0441,53.1692],[-132.0243,53.1857],[-132.0194,53.1925],[-132.022,53.1947],[-131.982,53.2011],[-131.9927,53.2176],[-131.9608,53.2126],[-131.9235,53.2341],[-131.9216,53.2404],[-131.8893,53.2356],[-131.8436,53.2374],[-131.8226,53.2484],[-131.8224,53.2609],[-131.8027,53.2539],[-131.8077,53.2416]]],[[[-133.086,54.1831],[-133.0617,54.18],[-133.0263,54.1844],[-133.017,54.1758],[-132.9954,54.1731],[-132.9793,54.1656],[-132.9667,54.1689],[-132.9607,54.1645],[-132.9441,54.1706],[-132.9175,54.1482],[-132.8909,54.151],[-132.892,54.1473],[-132.8659,54.1364],[-132.8482,54.137],[-132.8169,54.1271],[-132.8017,54.1277],[-132.7987,54.1342],[-132.7665,54.1321],[-132.7583,54.1387],[-132.7437,54.1366],[-132.7113,54.1434],[-132.7065,54.1481],[-132.6866,54.147],[-132.6713,54.1509],[-132.6713,54.1547],[-132.6602,54.153],[-132.6574,54.1444],[-132.6405,54.1412],[-132.6318,54.1341],[-132.6195,54.134],[-132.6065,54.1246],[-132.5815,54.1204],[-132.5902,54.1043],[-132.5722,54.0937],[-132.5711,54.0861],[-132.5848,54.071],[-132.5665,54.0527],[-132.5682,54.0476],[-132.5785,54.0481],[-132.591,54.0246],[-132.6234,54.0129],[-132.632,54.0153],[-132.6418,54.0058],[-132.6554,54.0016],[-132.6624,53.9897],[-132.6911,53.9774],[-132.6853,53.973],[-132.67,53.9786],[-132.6729,53.9727],[-132.6639,53.9729],[-132.6653,53.9685],[-132.6593,53.9673],[-132.6647,53.963],[-132.6854,53.9566],[-132.6727,53.9542],[-132.6718,53.9443],[-132.6093,53.9762],[-132.6001,53.9786],[-132.602,53.971],[-132.5928,53.9777],[-132.5886,53.9736],[-132.5836,53.9767],[-132.5892,53.9837],[-132.5552,54.0053],[-132.5714,54.01],[-132.5663,54.0154],[-132.5691,54.017],[-132.5805,54.0068],[-132.5817,54.0107],[-132.5641,54.024],[-132.5634,54.0372],[-132.5684,54.0413],[-132.5263,54.054],[-132.5234,54.0614],[-132.4843,54.0657],[-132.4633,54.0762],[-132.458,54.074],[-132.4602,54.0775],[-132.4431,54.0886],[-132.4314,54.0838],[-132.4291,54.0924],[-132.4391,54.0969],[-132.435,54.1007],[-132.3815,54.1016],[-132.3611,54.1092],[-132.3552,54.1058],[-132.3531,54.1103],[-132.3305,54.1082],[-132.3288,54.1087],[-132.3279,54.11],[-132.3295,54.1128],[-132.3242,54.1096],[-132.3142,54.1147],[-132.3144,54.1109],[-132.2896,54.1058],[-132.2847,54.0977],[-132.2796,54.1008],[-132.2656,54.0957],[-132.2657,54.0814],[-132.259,54.074],[-132.2572,54.0753],[-132.2606,54.0779],[-132.2534,54.0796],[-132.2431,54.0765],[-132.2375,54.0591],[-132.2505,54.0396],[-132.2459,54.0331],[-132.2234,54.0242],[-132.2033,54.0241],[-132.2066,54.0198],[-132.1765,54.0157],[-132.1793,54.0104],[-132.1738,54.0016],[-132.1532,53.9861],[-132.1445,53.9672],[-132.1459,53.9521],[-132.1547,53.9378],[-132.1528,53.9307],[-132.1217,53.9066],[-132.1067,53.8881],[-132.1082,53.8737],[-132.1281,53.8434],[-132.2029,53.8156],[-132.223,53.7844],[-132.2499,53.7763],[-132.2596,53.7647],[-132.2916,53.759],[-132.3005,53.7631],[-132.3392,53.7536],[-132.3595,53.7587],[-132.3864,53.7538],[-132.4081,53.7464],[-132.4405,53.7172],[-132.4532,53.7174],[-132.4824,53.7026],[-132.4926,53.7051],[-132.5373,53.6975],[-132.547,53.6907],[-132.5604,53.6891],[-132.5971,53.6952],[-132.6603,53.6897],[-132.6717,53.6802],[-132.6729,53.67],[-132.6842,53.6583],[-132.6761,53.6532],[-132.6566,53.6819],[-132.6144,53.6875],[-132.583,53.6719],[-132.5985,53.6555],[-132.603,53.6389],[-132.6097,53.6357],[-132.5944,53.6365],[-132.5891,53.6459],[-132.594,53.6482],[-132.5741,53.6647],[-132.5607,53.6711],[-132.5557,53.6657],[-132.5735,53.6576],[-132.5513,53.6595],[-132.5491,53.6662],[-132.555,53.6666],[-132.5512,53.6717],[-132.537,53.6747],[-132.5324,53.6717],[-132.5452,53.6611],[-132.5386,53.6508],[-132.5412,53.6456],[-132.517,53.6571],[-132.5024,53.6569],[-132.5119,53.6438],[-132.5002,53.6414],[-132.5161,53.6352],[-132.5104,53.6312],[-132.4757,53.6593],[-132.4671,53.6575],[-132.4494,53.6634],[-132.4427,53.6744],[-132.4352,53.6736],[-132.4386,53.6704],[-132.4314,53.667],[-132.4188,53.6725],[-132.408,53.6678],[-132.3523,53.6743],[-132.3612,53.6634],[-132.3868,53.6568],[-132.4345,53.6261],[-132.4598,53.6177],[-132.4696,53.6063],[-132.4744,53.584],[-132.4881,53.5793],[-132.4837,53.5764],[-132.4847,53.5646],[-132.4803,53.5639],[-132.4743,53.573],[-132.4601,53.5797],[-132.4572,53.5892],[-132.4482,53.5896],[-132.4542,53.5927],[-132.4394,53.6121],[-132.4264,53.6134],[-132.4334,53.6079],[-132.4132,53.6117],[-132.4059,53.6065],[-132.4018,53.6103],[-132.4051,53.6162],[-132.3969,53.6185],[-132.3978,53.6125],[-132.3922,53.6179],[-132.3977,53.6203],[-132.3931,53.6231],[-132.3843,53.622],[-132.3908,53.6173],[-132.3866,53.6142],[-132.354,53.6245],[-132.3512,53.621],[-132.3366,53.6224],[-132.3342,53.6171],[-132.3174,53.6131],[-132.3109,53.6172],[-132.3125,53.6243],[-132.3081,53.6289],[-132.2801,53.6304],[-132.3003,53.6388],[-132.3324,53.6409],[-132.3377,53.6513],[-132.3443,53.6529],[-132.342,53.6581],[-132.3462,53.6643],[-132.342,53.6714],[-132.2946,53.6769],[-132.2989,53.6713],[-132.254,53.6669],[-132.2209,53.6719],[-132.2251,53.667],[-132.2175,53.6561],[-132.2103,53.6569],[-132.2114,53.652],[-132.2001,53.6588],[-132.2013,53.6677],[-132.1861,53.6889],[-132.1736,53.6857],[-132.173,53.6998],[-132.1657,53.7082],[-132.1612,53.7107],[-132.1503,53.7048],[-132.1546,53.6995],[-132.1498,53.6934],[-132.1359,53.6991],[-132.1409,53.6982],[-132.1375,53.7028],[-132.1459,53.7027],[-132.1605,53.7128],[-132.1576,53.7277],[-132.1616,53.7324],[-132.1573,53.7402],[-132.1394,53.75],[-132.1433,53.7568],[-132.1355,53.7697],[-132.1358,53.788],[-132.1284,53.8101],[-132.1341,53.824],[-132.1078,53.8467],[-132.0908,53.8817],[-132.0883,53.9022],[-132.1271,53.9337],[-132.1285,53.9554],[-132.1232,53.9685],[-132.1432,53.9997],[-132.1386,54.0068],[-132.1431,54.0049],[-132.1307,54.0156],[-132.1425,54.0227],[-132.1372,54.0142],[-132.1445,54.0066],[-132.1723,54.0316],[-132.196,54.0422],[-132.1971,54.0479],[-132.1899,54.0507],[-132.1946,54.0511],[-132.1982,54.0492],[-132.1985,54.0473],[-132.1969,54.0451],[-132.1981,54.0457],[-132.1987,54.0465],[-132.1988,54.0491],[-132.1942,54.052],[-132.1917,54.0517],[-132.1663,54.0405],[-132.1199,54.0316],[-132.057,54.0325],[-131.9977,54.027],[-131.8933,54.0469],[-131.8365,54.0705],[-131.8222,54.069],[-131.7951,54.0784],[-131.7915,54.0719],[-131.7118,54.1145],[-131.6685,54.1563],[-131.6417,54.193],[-131.6582,54.1625],[-131.6825,54.0509],[-131.6777,54.0566],[-131.678,54.053],[-131.708,53.9773],[-131.7594,53.9121],[-131.8626,53.8069],[-131.8847,53.7702],[-131.8741,53.7099],[-131.9178,53.6502],[-131.9334,53.6195],[-131.9325,53.5897],[-131.9253,53.576],[-131.9248,53.5635],[-131.9486,53.5387],[-131.9573,53.5199],[-131.9456,53.5014],[-131.9451,53.4932],[-131.9366,53.49],[-131.9377,53.4798],[-131.9322,53.4767],[-131.9128,53.43],[-131.9182,53.4077],[-131.9353,53.3837],[-131.9268,53.3687],[-131.9266,53.3589],[-131.9383,53.351],[-131.9451,53.3345],[-131.9549,53.3259],[-131.9548,53.319],[-131.9661,53.3034],[-131.9714,53.2773],[-131.9898,53.2663],[-131.9899,53.2553],[-132.0031,53.2447],[-132.0903,53.2548],[-132.1086,53.2531],[-132.1034,53.25],[-132.1251,53.252],[-132.1418,53.2434],[-132.1392,53.2405],[-132.1474,53.2412],[-132.1487,53.2356],[-132.1563,53.2422],[-132.1616,53.2391],[-132.1794,53.2434],[-132.2461,53.218],[-132.2473,53.2063],[-132.2383,53.2017],[-132.2424,53.2005],[-132.2541,53.2076],[-132.2556,53.1994],[-132.2719,53.2022],[-132.2863,53.2223],[-132.3096,53.2337],[-132.3225,53.2342],[-132.3271,53.2273],[-132.3122,53.2247],[-132.288,53.2108],[-132.2835,53.2067],[-132.2879,53.2027],[-132.2843,53.1934],[-132.2728,53.1886],[-132.2535,53.1843],[-132.2337,53.1865],[-132.2188,53.1976],[-132.2091,53.195],[-132.2229,53.2044],[-132.2126,53.2032],[-132.2126,53.2094],[-132.1935,53.197],[-132.1521,53.1983],[-132.1369,53.1952],[-132.1305,53.1892],[-132.1346,53.1843],[-132.1296,53.1802],[-132.1483,53.1739],[-132.1466,53.1707],[-132.1682,53.1679],[-132.1857,53.1581],[-132.1995,53.1583],[-132.214,53.1479],[-132.2345,53.1453],[-132.2995,53.1549],[-132.3124,53.1647],[-132.3136,53.1842],[-132.3366,53.1896],[-132.339,53.185],[-132.3209,53.1708],[-132.3217,53.1593],[-132.3287,53.1527],[-132.3605,53.1534],[-132.3708,53.1439],[-132.3974,53.1378],[-132.4686,53.135],[-132.4994,53.1447],[-132.4852,53.1514],[-132.4862,53.159],[-132.4578,53.161],[-132.4303,53.1691],[-132.4341,53.1729],[-132.4582,53.1666],[-132.4841,53.1677],[-132.48,53.1772],[-132.4891,53.1756],[-132.478,53.1884],[-132.4786,53.2154],[-132.4747,53.222],[-132.4829,53.2233],[-132.4868,53.2174],[-132.4889,53.1854],[-132.507,53.1553],[-132.5143,53.1526],[-132.5299,53.1637],[-132.5376,53.1627],[-132.5639,53.1759],[-132.5562,53.1833],[-132.5387,53.1885],[-132.5426,53.1941],[-132.5855,53.1911],[-132.5939,53.1986],[-132.5942,53.2056],[-132.5634,53.2219],[-132.5628,53.2313],[-132.595,53.2296],[-132.6196,53.2479],[-132.5153,53.2766],[-132.5002,53.2833],[-132.5026,53.2853],[-132.5914,53.2597],[-132.623,53.2567],[-132.6303,53.2474],[-132.6332,53.2531],[-132.6839,53.2608],[-132.7161,53.2542],[-132.7158,53.2647],[-132.706,53.2737],[-132.7127,53.2805],[-132.7057,53.2807],[-132.7071,53.2844],[-132.6297,53.2897],[-132.6409,53.3037],[-132.6374,53.3153],[-132.5779,53.3225],[-132.5655,53.317],[-132.5601,53.301],[-132.556,53.3001],[-132.5571,53.3139],[-132.5506,53.326],[-132.5547,53.3329],[-132.5745,53.3348],[-132.6575,53.3238],[-132.7253,53.3254],[-132.7506,53.3155],[-132.7645,53.3153],[-132.7683,53.3219],[-132.7649,53.3239],[-132.7688,53.3249],[-132.7396,53.3375],[-132.7291,53.3545],[-132.7109,53.3589],[-132.7298,53.3657],[-132.7201,53.3769],[-132.7012,53.3749],[-132.6896,53.3647],[-132.6703,53.3701],[-132.6521,53.3652],[-132.6251,53.3689],[-132.5821,53.3627],[-132.531,53.3633],[-132.51,53.3534],[-132.5188,53.3431],[-132.4927,53.3342],[-132.4829,53.322],[-132.4415,53.3218],[-132.4348,53.3106],[-132.4392,53.3047],[-132.4277,53.291],[-132.4216,53.292],[-132.422,53.2963],[-132.4315,53.3001],[-132.4258,53.308],[-132.415,53.3108],[-132.4206,53.3192],[-132.412,53.3208],[-132.4205,53.3404],[-132.4357,53.3493],[-132.4768,53.3607],[-132.4976,53.3732],[-132.5228,53.3787],[-132.5165,53.3871],[-132.5343,53.3899],[-132.5204,53.397],[-132.5203,53.4036],[-132.5326,53.4071],[-132.5281,53.4103],[-132.5342,53.4159],[-132.5633,53.4131],[-132.5863,53.4246],[-132.6081,53.423],[-132.6235,53.4283],[-132.6431,53.4251],[-132.6664,53.4299],[-132.6657,53.4337],[-132.6757,53.4331],[-132.6709,53.4351],[-132.6719,53.4408],[-132.6614,53.4454],[-132.6578,53.458],[-132.6623,53.461],[-132.6547,53.4751],[-132.667,53.4772],[-132.67,53.4991],[-132.675,53.4985],[-132.672,53.4855],[-132.6778,53.4804],[-132.676,53.462],[-132.6967,53.445],[-132.7339,53.4492],[-132.7756,53.4618],[-132.7384,53.4791],[-132.7297,53.4909],[-132.7309,53.5009],[-132.7441,53.497],[-132.7402,53.5063],[-132.7528,53.5154],[-132.7475,53.5213],[-132.7293,53.5242],[-132.7372,53.5238],[-132.7318,53.5321],[-132.7335,53.538],[-132.7421,53.5261],[-132.7548,53.5248],[-132.7607,53.5186],[-132.7637,53.5003],[-132.7552,53.4932],[-132.7674,53.4852],[-132.7793,53.4851],[-132.7819,53.4809],[-132.7874,53.485],[-132.8136,53.4817],[-132.8301,53.4724],[-132.8302,53.4683],[-132.8347,53.4719],[-132.8736,53.4664],[-132.8992,53.4678],[-132.8981,53.4699],[-132.8935,53.4694],[-132.8952,53.4803],[-132.8855,53.4861],[-132.8903,53.4881],[-132.8863,53.4904],[-132.8923,53.4933],[-132.8917,53.4986],[-132.8498,53.4998],[-132.8414,53.5074],[-132.8458,53.5114],[-132.8375,53.5158],[-132.8496,53.522],[-132.9234,53.5165],[-132.944,53.5191],[-132.9451,53.523],[-132.9403,53.5319],[-132.9225,53.5447],[-132.9306,53.5452],[-132.934,53.5545],[-132.9019,53.5634],[-132.9302,53.5636],[-132.955,53.5533],[-132.9866,53.5582],[-132.9907,53.5616],[-132.9701,53.5654],[-132.9691,53.5704],[-133.0048,53.5925],[-132.9976,53.5965],[-132.9813,53.5936],[-132.9727,53.6041],[-132.9581,53.6057],[-132.9289,53.5906],[-132.9126,53.5922],[-132.9102,53.5845],[-132.9014,53.5831],[-132.904,53.5853],[-132.8962,53.585],[-132.9013,53.5901],[-132.8903,53.594],[-132.8445,53.5866],[-132.8169,53.6019],[-132.8216,53.608],[-132.8345,53.5962],[-132.9092,53.6035],[-132.9228,53.6141],[-132.9217,53.6198],[-132.9276,53.6158],[-132.9311,53.6192],[-132.9349,53.6409],[-132.9444,53.6376],[-132.9422,53.6471],[-132.9572,53.6415],[-132.9632,53.6452],[-132.9642,53.6391],[-132.9692,53.6406],[-132.9719,53.6455],[-132.9647,53.6495],[-132.9622,53.6459],[-132.9582,53.6514],[-132.9491,53.6485],[-132.9553,53.6712],[-132.9579,53.6625],[-132.9693,53.6659],[-132.9878,53.6615],[-132.9895,53.6676],[-133.0107,53.6687],[-133.0145,53.6807],[-133.0301,53.6881],[-133.0316,53.6933],[-133.0016,53.6879],[-132.9887,53.6774],[-132.9907,53.6727],[-132.9869,53.6764],[-132.9885,53.6793],[-132.9839,53.6778],[-132.9905,53.6858],[-132.977,53.6835],[-132.9822,53.6943],[-132.9728,53.699],[-132.9567,53.6922],[-132.9735,53.6882],[-132.967,53.6828],[-132.9583,53.686],[-132.942,53.6814],[-132.9393,53.6818],[-132.9495,53.6858],[-132.945,53.6914],[-132.9488,53.6941],[-132.9443,53.6956],[-132.9387,53.689],[-132.9387,53.6952],[-132.9353,53.688],[-132.9276,53.6853],[-132.9367,53.6925],[-132.9301,53.7],[-132.9231,53.6983],[-132.9378,53.7067],[-132.9617,53.711],[-132.9705,53.7075],[-132.98,53.7127],[-132.988,53.7102],[-132.9978,53.7163],[-132.9934,53.7198],[-132.993,53.7371],[-132.9966,53.74],[-132.9925,53.7436],[-133.0057,53.7516],[-133.0129,53.7493],[-132.9906,53.7651],[-132.9945,53.7721],[-133.0222,53.7662],[-133.0375,53.7478],[-133.0557,53.759],[-133.064,53.7683],[-133.0613,53.7701],[-133.0709,53.7711],[-133.0731,53.7671],[-133.08,53.7716],[-133.0895,53.7649],[-133.0907,53.773],[-133.1191,53.777],[-133.1166,53.7846],[-133.1229,53.7893],[-133.1224,53.7856],[-133.1283,53.7952],[-133.119,53.8045],[-133.1207,53.8087],[-133.0839,53.8205],[-133.0814,53.826],[-133.1104,53.8364],[-133.1172,53.8511],[-133.1069,53.8542],[-133.109,53.8574],[-133.1144,53.8534],[-133.1223,53.8572],[-133.1221,53.8646],[-133.1377,53.8638],[-133.138,53.8726],[-133.1445,53.874],[-133.1406,53.876],[-133.1449,53.8777],[-133.1441,53.8849],[-133.1509,53.8861],[-133.1517,53.8946],[-133.1463,53.899],[-133.1544,53.9145],[-133.1239,53.9298],[-133.1263,53.9346],[-133.1361,53.9365],[-133.1355,53.9466],[-133.1291,53.9425],[-133.1166,53.9444],[-133.1195,53.9472],[-133.1152,53.9514],[-133.12,53.9562],[-133.115,53.9574],[-133.1133,53.9682],[-133.1254,53.9871],[-133.1183,54.0013],[-133.1038,54.0069],[-133.0861,54.0037],[-133.0784,54.008],[-133.0855,54.0197],[-133.0677,54.023],[-133.057,54.03],[-133.0476,54.0298],[-133.0451,54.0303],[-133.0448,54.0325],[-133.0425,54.0325],[-133.0444,54.0329],[-133.0455,54.0325],[-133.0458,54.0305],[-133.0506,54.0304],[-133.0576,54.0336],[-133.0595,54.0392],[-133.0507,54.0467],[-133.057,54.0532],[-133.0697,54.0555],[-133.0704,54.0731],[-133.0761,54.0777],[-133.0714,54.0813],[-133.0755,54.0856],[-133.0709,54.0879],[-133.0787,54.0915],[-133.0602,54.1004],[-133.0727,54.1073],[-133.0962,54.1038],[-133.1023,54.1152],[-133.1,54.123],[-133.0829,54.1294],[-133.0765,54.135],[-133.078,54.1388],[-133.0669,54.1416],[-133.0526,54.16],[-133.0346,54.1639],[-133.0284,54.1731],[-133.0529,54.1762],[-133.0866,54.1707],[-133.0843,54.1762],[-133.0899,54.1758],[-133.086,54.1831]]],[[[-129.3019,60.0],[-129.3091,59.9625],[-129.329,59.9251],[-129.3654,59.8875],[-129.4407,59.8338],[-129.4162,59.8308],[-129.3004,59.8485],[-129.0415,59.8988],[-129.0185,59.8998],[-128.9931,59.8928],[-128.9777,59.8737],[-128.9516,59.8169],[-128.9445,59.8094],[-128.9296,59.8044],[-128.8572,59.8126],[-128.7775,59.831],[-128.7324,59.8246],[-128.7252,59.8298],[-128.5847,59.8207],[-128.6109,59.7951],[-128.6998,59.7318],[-128.7476,59.6902],[-128.7505,59.6814],[-128.7214,59.6539],[-128.5429,59.5493],[-128.4985,59.5317],[-128.4594,59.5325],[-128.4472,59.5433],[-128.4406,59.5614],[-128.4027,59.6218],[-128.3569,59.6575],[-128.2475,59.6849],[-128.1923,59.6867],[-128.174,59.6822],[-128.0831,59.6199],[-128.0445,59.6148],[-127.9802,59.6311],[-127.8215,59.5906],[-127.7237,59.5337],[-127.6856,59.5244],[-127.636,59.5209],[-127.6331,59.5263],[-127.4838,59.5148],[-127.4462,59.4889],[-127.4451,59.4792],[-127.4277,59.4553],[-127.4146,59.4478],[-127.3697,59.4002],[-127.3426,59.3787],[-127.3331,59.3466],[-127.2916,59.3048],[-127.2797,59.2822],[-127.2505,59.2588],[-127.2359,59.2531],[-127.2274,59.2422],[-127.2231,59.2172],[-127.1983,59.1962],[-127.1931,59.1825],[-127.1936,59.1591],[-127.187,59.1489],[-127.1132,59.1205],[-127.0986,59.1207],[-127.0681,59.1337],[-127.0459,59.1361],[-127.0276,59.133],[-126.9763,59.1114],[-126.9721,59.103],[-126.9751,59.0855],[-126.9666,59.075],[-126.9786,59.0498],[-126.9767,59.0436],[-126.9514,59.0247],[-126.9438,59.0004],[-126.9519,58.9805],[-126.9435,58.9718],[-126.9924,58.9093],[-127.0341,58.8722],[-127.0521,58.8627],[-127.0594,58.8506],[-127.0504,58.8339],[-127.0214,58.8066],[-127.0042,58.8043],[-126.9708,58.8142],[-126.9487,58.809],[-126.8953,58.7781],[-126.8344,58.7221],[-126.8398,58.7081],[-126.8511,58.6977],[-126.8878,58.678],[-126.9067,58.6612],[-126.916,58.6466],[-126.9144,58.6388],[-126.8971,58.6308],[-126.8735,58.6367],[-126.8356,58.6631],[-126.7644,58.6691],[-126.7439,58.6673],[-126.6999,58.6489],[-126.6373,58.6037],[-126.6056,58.5852],[-126.5855,58.5804],[-126.552,58.5791],[-126.4868,58.605],[-126.4033,58.5969],[-126.3324,58.61],[-126.3199,58.6084],[-126.3029,58.5984],[-126.2996,58.5903],[-126.303,58.5722],[-126.2848,58.5493],[-126.2076,58.4934],[-126.1381,58.4651],[-126.0706,58.4494],[-126.0601,58.4205],[-126.0146,58.4066],[-125.9309,58.3953],[-125.8946,58.4123],[-125.8575,58.4127],[-125.823,58.3694],[-125.8353,58.3609],[-125.8334,58.3562],[-125.7846,58.346],[-125.7749,58.3216],[-125.7503,58.3236],[-125.7174,58.3073],[-125.6502,58.3039],[-125.5518,58.3196],[-125.5175,58.3087],[-125.4805,58.3087],[-125.4624,58.3352],[-125.4393,58.3411],[-125.3908,58.3149],[-125.3713,58.2947],[-125.3541,58.2898],[-125.3564,58.2795],[-125.3285,58.2778],[-125.2886,58.3029],[-125.2805,58.3036],[-125.2642,58.282],[-125.2192,58.2561],[-125.2013,58.2393],[-125.1601,58.2438],[-125.1415,58.2363],[-125.057,58.2354],[-125.0286,58.2414],[-124.9924,58.2331],[-124.9519,58.2308],[-124.9263,58.2532],[-124.9167,58.2561],[-124.8799,58.2234],[-124.8489,58.2214],[-124.8297,58.2071],[-124.831,58.1987],[-124.8499,58.1849],[-124.8752,58.1744],[-124.884,58.1643],[-124.8741,58.1395],[-124.861,58.1249],[-124.876,58.1039],[-124.9264,58.0649],[-124.9268,58.0534],[-124.917,58.0304],[-124.9194,58.0254],[-124.9559,58.0257],[-124.9663,58.0219],[-124.9684,58.0165],[-124.9621,58.0068],[-124.9388,57.9999],[-124.9433,57.9933],[-124.953,57.9935],[-124.9604,57.987],[-124.9756,57.9896],[-124.9881,57.9957],[-124.9892,58.0032],[-124.9994,58.0021],[-125.0055,58.0067],[-125.0247,58.0003],[-125.0318,58.0096],[-125.0581,58.0198],[-125.0589,58.0259],[-125.0721,58.0272],[-125.1049,58.0192],[-125.138,58.0278],[-125.2027,58.0197],[-125.2175,57.9974],[-125.2438,57.9827],[-125.2751,58.0019],[-125.3332,57.9929],[-125.3672,57.9937],[-125.4462,57.9748],[-125.4559,57.9671],[-125.4541,57.9597],[-125.4631,57.9475],[-125.4885,57.9415],[-125.4965,57.9343],[-125.5253,57.9275],[-125.5447,57.9281],[-125.6001,57.9135],[-125.6084,57.9177],[-125.6096,57.9268],[-125.6258,57.9335],[-125.6443,57.9273],[-125.6498,57.9231],[-125.6468,57.9182],[-125.6587,57.9145],[-125.6673,57.9058],[-125.6479,57.8842],[-125.6514,57.8802],[-125.6856,57.8796],[-125.6889,57.87],[-125.7215,57.8616],[-125.7435,57.8614],[-125.7479,57.8678],[-125.7569,57.8693],[-125.7649,57.8905],[-125.7847,57.9051],[-125.7932,57.9203],[-125.7845,57.9335],[-125.8009,57.943],[-125.8023,57.9614],[-125.7986,57.9651],[-125.8068,57.9724],[-125.8447,57.9792],[-125.8676,57.9692],[-125.886,57.9762],[-125.8948,57.9735],[-125.9103,57.982],[-125.9249,57.9763],[-125.9581,57.9928],[-125.9695,57.9912],[-125.9726,57.9761],[-125.9944,57.9551],[-126.0148,57.9657],[-126.0164,57.9713],[-126.0319,57.966],[-126.0459,57.9696],[-126.0669,57.9639],[-126.0623,57.955],[-126.067,57.9446],[-126.0472,57.937],[-126.0474,57.9253],[-126.0572,57.9201],[-126.064,57.9222],[-126.0672,57.9143],[-126.0796,57.9131],[-126.0925,57.9185],[-126.1117,57.9131],[-126.128,57.9161],[-126.1584,57.9363],[-126.1684,57.9388],[-126.1749,57.9349],[-126.1864,57.9478],[-126.2121,57.9475],[-126.225,57.9344],[-126.2217,57.9287],[-126.2389,57.9291],[-126.2454,57.9237],[-126.2286,57.8993],[-126.2278,57.89],[-126.2329,57.8834],[-126.26,57.8712],[-126.2586,57.8608],[-126.29,57.8547],[-126.3125,57.8655],[-126.3104,57.8754],[-126.3236,57.8809],[-126.3211,57.8886],[-126.3397,57.8907],[-126.347,57.9028],[-126.3566,57.9018],[-126.3709,57.9083],[-126.3711,57.9169],[-126.377,57.9217],[-126.3971,57.9183],[-126.415,57.9078],[-126.4239,57.9093],[-126.4304,57.9228],[-126.4408,57.9206],[-126.4478,57.9312],[-126.5041,57.9388],[-126.5273,57.9339],[-126.5475,57.951],[-126.5803,57.9461],[-126.585,57.9381],[-126.6041,57.9279],[-126.6163,57.9307],[-126.6557,57.9543],[-126.6589,57.9612],[-126.6554,57.972],[-126.6779,57.9855],[-126.6682,58.0221],[-126.6827,58.0283],[-126.7083,58.0313],[-126.7563,58.0227],[-126.7726,58.018],[-126.7726,58.0096],[-126.8139,58.0101],[-126.836,58.0007],[-126.8537,58.0058],[-126.8723,58.0031],[-126.8794,57.9927],[-126.9086,57.9934],[-126.9196,57.9978],[-126.9479,57.9937],[-126.9558,57.988],[-126.9529,57.9828],[-126.9561,57.9764],[-126.9511,57.9689],[-126.964,57.9688],[-126.9772,57.96],[-126.9726,57.952],[-126.9571,57.9452],[-126.9618,57.936],[-126.9586,57.9312],[-126.946,57.9272],[-126.9414,57.9174],[-126.9286,57.9118],[-126.9279,57.9042],[-126.9352,57.8916],[-126.9018,57.8906],[-126.8961,57.8872],[-126.9018,57.8823],[-126.876,57.8618],[-126.895,57.8458],[-126.8699,57.8369],[-126.8664,57.8273],[-126.8773,57.8219],[-126.8609,57.8078],[-126.8729,57.7974],[-126.9484,57.7948],[-126.9628,57.7771],[-126.9749,57.7726],[-126.9784,57.761],[-126.9728,57.7537],[-126.952,57.7511],[-126.9489,57.7394],[-126.9524,57.7277],[-126.9348,57.7001],[-126.8779,57.6977],[-126.862,57.6878],[-126.843,57.6834],[-126.8488,57.6646],[-126.8455,57.6567],[-126.8591,57.6491],[-126.8649,57.628],[-126.8582,57.6268],[-126.8572,57.6173],[-126.8516,57.6151],[-126.8099,57.609],[-126.802,57.5999],[-126.7921,57.5969],[-126.7925,57.5916],[-126.7753,57.5864],[-126.7735,57.5808],[-126.7961,57.5696],[-126.8258,57.5691],[-126.8351,57.5601],[-126.873,57.555],[-126.8838,57.5599],[-126.9331,57.5354],[-126.9598,57.5355],[-126.9759,57.5411],[-126.9838,57.534],[-127.0087,57.5413],[-127.0078,57.5331],[-127.0312,57.5174],[-127.03,57.5085],[-127.0363,57.5068],[-127.0656,57.5123],[-127.0722,57.5225],[-127.0977,57.5207],[-127.1463,57.5338],[-127.1492,57.5365],[-127.1406,57.539],[-127.1356,57.5466],[-127.1455,57.5575],[-127.137,57.5678],[-127.1527,57.5755],[-127.152,57.581],[-127.1609,57.5842],[-127.1735,57.6025],[-127.1879,57.6037],[-127.2046,57.5934],[-127.2208,57.5939],[-127.2359,57.587],[-127.2516,57.5908],[-127.2608,57.5874],[-127.2635,57.58],[-127.2781,57.5822],[-127.286,57.5757],[-127.2921,57.5807],[-127.321,57.5798],[-127.3249,57.5745],[-127.3181,57.5677],[-127.3321,57.5628],[-127.3174,57.5501],[-127.3298,57.5238],[-127.3232,57.5158],[-127.3316,57.5086],[-127.306,57.5034],[-127.2963,57.4917],[-127.3272,57.4846],[-127.2994,57.4629],[-127.305,57.4388],[-127.3184,57.4326],[-127.3323,57.4365],[-127.3684,57.4294],[-127.3841,57.419],[-127.3844,57.4111],[-127.392,57.4127],[-127.4023,57.4045],[-127.4755,57.3853],[-127.4556,57.3701],[-127.4601,57.363],[-127.4581,57.3559],[-127.4809,57.3415],[-127.4891,57.3297],[-127.5092,57.3239],[-127.5055,57.317],[-127.5086,57.309],[-127.5207,57.2908],[-127.5375,57.2855],[-127.528,57.2782],[-127.5353,57.2749],[-127.5466,57.2583],[-127.5284,57.2443],[-127.5155,57.2453],[-127.5167,57.2409],[-127.5094,57.2412],[-127.5035,57.2334],[-127.4667,57.22],[-127.4804,57.2138],[-127.4811,57.1972],[-127.4907,57.1953],[-127.4991,57.1831],[-127.5177,57.1865],[-127.529,57.1797],[-127.5289,57.1719],[-127.5668,57.1574],[-127.5845,57.1553],[-127.5883,57.1605],[-127.6157,57.1669],[-127.6361,57.1794],[-127.6642,57.1788],[-127.6611,57.1722],[-127.676,57.1637],[-127.6922,57.1648],[-127.7227,57.1491],[-127.7132,57.1418],[-127.7151,57.138],[-127.7309,57.1381],[-127.7385,57.1306],[-127.7293,57.1183],[-127.7377,57.1053],[-127.715,57.102],[-127.679,57.0885],[-127.6715,57.0764],[-127.7029,57.0749],[-127.7042,57.0692],[-127.6959,57.0575],[-127.6613,57.0427],[-127.6607,57.0327],[-127.6779,57.0253],[-127.6805,57.0166],[-127.6925,57.0177],[-127.6982,57.0277],[-127.7252,57.0278],[-127.7282,57.0173],[-127.713,57.0131],[-127.7329,57.0],[-127.7168,56.9901],[-127.6914,56.9929],[-127.6768,56.9891],[-127.6719,56.9973],[-127.6504,56.9897],[-127.6133,57.0014],[-127.5898,56.9999],[-127.576,56.9903],[-127.5768,56.9809],[-127.6035,56.9782],[-127.5688,56.964],[-127.5785,56.9578],[-127.5805,56.9508],[-127.5689,56.9457],[-127.5401,56.9446],[-127.5404,56.9354],[-127.5607,56.9275],[-127.5601,56.9222],[-127.5396,56.9033],[-127.551,56.9019],[-127.5933,56.9117],[-127.6082,56.9093],[-127.616,56.9009],[-127.5743,56.8797],[-127.5602,56.8651],[-127.564,56.8609],[-127.5599,56.8525],[-127.5769,56.8476],[-127.6075,56.8536],[-127.6166,56.8493],[-127.5725,56.8235],[-127.5686,56.8178],[-127.5717,56.8124],[-127.5375,56.796],[-127.5359,56.7918],[-127.5408,56.7876],[-127.4992,56.7778],[-127.4918,56.7718],[-127.4994,56.7676],[-127.4971,56.7617],[-127.5062,56.7539],[-127.5058,56.748],[-127.5378,56.745],[-127.5312,56.7333],[-127.5398,56.7208],[-127.5372,56.7056],[-127.5152,56.7091],[-127.5154,56.7161],[-127.5096,56.7168],[-127.4769,56.7177],[-127.4623,56.7056],[-127.448,56.7114],[-127.4233,56.6966],[-127.4317,56.6866],[-127.3948,56.6748],[-127.3926,56.68],[-127.3985,56.6907],[-127.389,56.695],[-127.3759,56.6912],[-127.3684,56.7033],[-127.3495,56.7046],[-127.3478,56.7115],[-127.3525,56.7152],[-127.3443,56.7269],[-127.3044,56.7361],[-127.2916,56.7144],[-127.2754,56.7244],[-127.2311,56.7379],[-127.1998,56.7157],[-127.1646,56.6684],[-127.1454,56.6584],[-127.1218,56.6547],[-127.1127,56.637],[-127.1227,56.6338],[-127.1094,56.6225],[-127.0917,56.6181],[-127.0809,56.6298],[-127.0482,56.6325],[-127.0347,56.64],[-127.0371,56.6467],[-127.0218,56.6502],[-127.0068,56.647],[-126.9872,56.6659],[-126.953,56.6651],[-126.9503,56.6745],[-126.9424,56.6805],[-126.9087,56.6818],[-126.8868,56.69],[-126.8581,56.676],[-126.8105,56.6721],[-126.8192,56.6829],[-126.8154,56.6913],[-126.8358,56.6949],[-126.8432,56.7015],[-126.834,56.7129],[-126.838,56.7174],[-126.8033,56.7179],[-126.7947,56.7202],[-126.7954,56.7263],[-126.7808,56.7294],[-126.7832,56.7328],[-126.7763,56.7399],[-126.7921,56.7582],[-126.7662,56.7689],[-126.7624,56.777],[-126.6774,56.7662],[-126.6486,56.7797],[-126.6098,56.7832],[-126.5815,56.7702],[-126.581,56.7628],[-126.5895,56.7567],[-126.5681,56.7455],[-126.5677,56.7394],[-126.5589,56.7324],[-126.548,56.7301],[-126.5296,56.7357],[-126.5081,56.7287],[-126.486,56.7289],[-126.4988,56.7182],[-126.4887,56.712],[-126.479,56.693],[-126.458,56.6818],[-126.4594,56.6685],[-126.4355,56.6583],[-126.4274,56.6581],[-126.4194,56.6688],[-126.4114,56.6653],[-126.3944,56.6691],[-126.3946,56.6807],[-126.3167,56.6792],[-126.301,56.6736],[-126.2751,56.6729],[-126.2678,56.6677],[-126.2682,56.6564],[-126.2442,56.6552],[-126.2215,56.6472],[-126.2143,56.6504],[-126.1835,56.6406],[-126.1762,56.6348],[-126.1803,56.625],[-126.1721,56.626],[-126.1804,56.6155],[-126.1713,56.6044],[-126.1453,56.5903],[-126.1201,56.5872],[-126.1125,56.5782],[-126.1359,56.5631],[-126.1374,56.5506],[-126.1166,56.5424],[-126.1023,56.5256],[-126.1217,56.5147],[-126.1607,56.5152],[-126.1921,56.5067],[-126.1976,56.5099],[-126.2109,56.5017],[-126.2024,56.4948],[-126.2078,56.4878],[-126.2021,56.482],[-126.2099,56.4838],[-126.2183,56.4789],[-126.1786,56.4723],[-126.1361,56.4456],[-126.1055,56.4443],[-126.1069,56.4357],[-126.1232,56.4344],[-126.1305,56.4292],[-126.1178,56.423],[-126.1196,56.4163],[-126.1147,56.4109],[-126.1546,56.3876],[-126.1519,56.3706],[-126.1404,56.3659],[-126.1541,56.359],[-126.1477,56.3511],[-126.157,56.3472],[-126.1655,56.331],[-126.1646,56.3251],[-126.1582,56.3225],[-126.1692,56.3166],[-126.1632,56.3093],[-126.168,56.2979],[-126.1458,56.2916],[-126.1337,56.2939],[-126.119,56.2701],[-126.0981,56.2682],[-126.0816,56.2781],[-126.0511,56.2714],[-126.0442,56.2589],[-126.0378,56.2577],[-126.0386,56.2475],[-126.0301,56.2444],[-126.0035,56.2507],[-125.9809,56.2495],[-125.9832,56.2389],[-125.989,56.2359],[-125.987,56.2224],[-126.0006,56.2191],[-126.0011,56.2131],[-125.9712,56.197],[-125.9841,56.1891],[-125.9947,56.1743],[-125.9625,56.1651],[-125.9663,56.1574],[-125.9621,56.1449],[-125.8675,56.1478],[-125.8152,56.1648],[-125.8076,56.1723],[-125.7908,56.167],[-125.7805,56.1687],[-125.7772,56.1722],[-125.7811,56.1806],[-125.7416,56.1825],[-125.7443,56.2022],[-125.734,56.2016],[-125.711,56.2132],[-125.6893,56.2035],[-125.6613,56.2071],[-125.6555,56.2121],[-125.6507,56.2079],[-125.6637,56.1957],[-125.6595,56.1888],[-125.6625,56.1805],[-125.6565,56.1716],[-125.6274,56.1519],[-125.5933,56.1493],[-125.5821,56.1534],[-125.571,56.1665],[-125.5475,56.1671],[-125.5338,56.1971],[-125.4832,56.2047],[-125.4639,56.2203],[-125.4684,56.2319],[-125.4479,56.2462],[-125.4283,56.2439],[-125.4136,56.2544],[-125.3944,56.2547],[-125.3751,56.2655],[-125.3305,56.2525],[-125.2919,56.253],[-125.2724,56.2467],[-125.2533,56.2514],[-125.2336,56.246],[-125.2235,56.2643],[-125.2425,56.2735],[-125.2308,56.2798],[-125.186,56.2882],[-125.1597,56.3011],[-125.1061,56.3084],[-125.1082,56.2985],[-125.0997,56.2923],[-125.0998,56.2865],[-125.0879,56.2802],[-125.0916,56.2717],[-125.051,56.2476],[-125.0489,56.2327],[-125.0554,56.2274],[-125.0452,56.2219],[-125.0512,56.216],[-125.0473,56.203],[-124.9893,56.2141],[-124.9887,56.2261],[-124.9667,56.2378],[-124.9022,56.2464],[-124.8694,56.2407],[-124.8438,56.2265],[-124.8404,56.22],[-124.7965,56.22],[-124.7672,56.1832],[-124.7682,56.1762],[-124.7561,56.1698],[-124.7569,56.1607],[-124.7502,56.1585],[-124.7396,56.1427],[-124.7078,56.1366],[-124.6888,56.1226],[-124.6182,56.1174],[-124.5665,56.1252],[-124.5401,56.1157],[-124.5186,56.1226],[-124.5044,56.1214],[-124.4896,56.0923],[-124.5046,56.0789],[-124.4796,56.0497],[-124.4822,56.038],[-124.469,56.0249],[-124.4728,56.0171],[-124.4643,56.0153],[-124.4515,56.0],[-128.4484,56.0],[-128.4417,55.9933],[-128.4456,55.9877],[-128.4409,55.9817],[-128.4599,55.9799],[-128.4573,55.969],[-128.4763,55.9617],[-128.4469,55.9365],[-128.456,55.9276],[-128.4294,55.918],[-128.398,55.9205],[-128.3825,55.9112],[-128.3775,55.9148],[-128.3796,55.9269],[-128.3761,55.9307],[-128.367,55.9109],[-128.3609,55.9071],[-128.3335,55.9072],[-128.3338,55.9111],[-128.3198,55.9114],[-128.301,55.9258],[-128.2634,55.9289],[-128.2477,55.9352],[-128.2357,55.9277],[-128.2152,55.9288],[-128.2127,55.9102],[-128.1823,55.9029],[-128.1889,55.8875],[-128.1811,55.8789],[-128.1865,55.8707],[-128.1785,55.8634],[-128.166,55.8653],[-128.1422,55.8456],[-128.1636,55.8363],[-128.1582,55.8271],[-128.1898,55.8254],[-128.2047,55.8179],[-128.1963,55.7996],[-128.2206,55.8012],[-128.2214,55.7936],[-128.2325,55.7856],[-128.2406,55.7666],[-128.2295,55.7426],[-128.2101,55.7387],[-128.1806,55.7212],[-128.1652,55.7204],[-128.1511,55.7261],[-128.1258,55.7163],[-128.1016,55.7199],[-128.0942,55.735],[-128.1005,55.7674],[-128.0868,55.771],[-128.0809,55.7591],[-128.0463,55.7446],[-128.0162,55.7406],[-128.0098,55.7506],[-127.9946,55.7507],[-127.985,55.742],[-127.9894,55.7388],[-127.9849,55.7354],[-127.9874,55.73],[-127.9627,55.7151],[-127.9491,55.6951],[-127.9398,55.6896],[-127.9204,55.6902],[-127.9092,55.706],[-127.9141,55.7112],[-127.9073,55.7185],[-127.8793,55.7177],[-127.857,55.7084],[-127.8335,55.7118],[-127.8177,55.7062],[-127.7988,55.7129],[-127.7786,55.7035],[-127.7268,55.7155],[-127.7025,55.704],[-127.6909,55.683],[-127.6747,55.6711],[-127.6756,55.6587],[-127.6677,55.6471],[-127.6581,55.6401],[-127.641,55.6368],[-127.6344,55.6223],[-127.6235,55.6169],[-127.6183,55.6022],[-127.5903,55.6062],[-127.5957,55.5996],[-127.5806,55.5936],[-127.5824,55.5798],[-127.5733,55.5682],[-127.5518,55.5559],[-127.5556,55.5503],[-127.5462,55.54],[-127.5114,55.5449],[-127.4712,55.5411],[-127.4644,55.5358],[-127.4734,55.5323],[-127.4725,55.5198],[-127.4425,55.4929],[-127.4131,55.4947],[-127.4164,55.5082],[-127.4013,55.5144],[-127.379,55.511],[-127.3128,55.518],[-127.3046,55.5137],[-127.3065,55.5032],[-127.2956,55.4998],[-127.2964,55.4963],[-127.2751,55.484],[-127.2735,55.478],[-127.2626,55.4746],[-127.233,55.4774],[-127.2254,55.4692],[-127.1853,55.4658],[-127.1591,55.4387],[-127.143,55.4355],[-127.0741,55.4048],[-127.0648,55.39],[-127.0703,55.3848],[-127.0543,55.3771],[-127.0381,55.3798],[-127.0351,55.3878],[-126.9729,55.377],[-126.9697,55.3833],[-126.9243,55.389],[-126.9281,55.3837],[-126.9223,55.3792],[-126.8939,55.3778],[-126.8919,55.3699],[-126.8505,55.3608],[-126.8514,55.3547],[-126.8725,55.3516],[-126.8711,55.3479],[-126.8799,55.3428],[-126.8745,55.3368],[-126.8782,55.3128],[-126.8748,55.3084],[-126.8928,55.3035],[-126.8997,55.2927],[-126.9445,55.2935],[-126.9514,55.2841],[-126.9211,55.2661],[-126.8842,55.2687],[-126.8714,55.2632],[-126.8522,55.2463],[-126.8466,55.235],[-126.8488,55.2295],[-126.8353,55.2204],[-126.8133,55.2299],[-126.7879,55.222],[-126.7718,55.2253],[-126.7667,55.2165],[-126.7423,55.2069],[-126.746,55.1888],[-126.7394,55.1612],[-126.722,55.1565],[-126.71,55.139],[-126.6951,55.1432],[-126.6962,55.1383],[-126.6835,55.1221],[-126.6745,55.1202],[-126.6614,55.1303],[-126.6383,55.1216],[-126.6443,55.1187],[-126.6485,55.1073],[-126.6453,55.0954],[-126.6504,55.0943],[-126.6543,55.0845],[-126.7055,55.0805],[-126.7275,55.0632],[-126.7231,55.0575],[-126.7276,55.053],[-126.7454,55.0608],[-126.7562,55.077],[-126.815,55.0799],[-126.8278,55.0701],[-126.8505,55.0687],[-126.8593,55.0571],[-126.8817,55.0579],[-126.8952,55.0534],[-126.8972,55.037],[-126.9097,55.0276],[-126.951,55.0193],[-126.9335,55.0024],[-126.9383,55.0013],[-126.9343,54.9911],[-126.9177,54.9837],[-126.8937,54.9555],[-126.8619,54.9375],[-126.8594,54.9206],[-126.8639,54.9098],[-126.8564,54.8955],[-126.8577,54.8848],[-126.8652,54.8783],[-126.8634,54.8724],[-126.8341,54.8653],[-126.8364,54.8605],[-126.8539,54.855],[-126.8574,54.8481],[-126.8219,54.8307],[-126.8289,54.8282],[-126.8292,54.8225],[-126.8171,54.8149],[-126.7902,54.8105],[-126.7769,54.7963],[-126.761,54.7947],[-126.7247,54.805],[-126.7124,54.8035],[-126.7006,54.7939],[-126.7058,54.7737],[-126.7122,54.7714],[-126.7073,54.7612],[-126.7394,54.7564],[-126.7566,54.761],[-126.7717,54.7496],[-126.7759,54.7336],[-126.7434,54.7194],[-126.7496,54.7051],[-126.7491,54.6927],[-126.7319,54.6853],[-126.7325,54.6704],[-126.703,54.6795],[-126.685,54.6787],[-126.6799,54.6675],[-126.6829,54.6606],[-126.633,54.6377],[-126.6273,54.6255],[-126.6233,54.5484],[-126.1986,54.5499],[-126.1865,54.3683],[-126.2608,54.3639],[-126.2786,54.3517],[-126.2769,54.3421],[-126.2859,54.3432],[-126.2926,54.3386],[-126.2869,54.3281],[-126.2972,54.3129],[-126.323,54.3155],[-126.3369,54.3111],[-126.2846,54.2724],[-126.284,54.2657],[-126.2594,54.2453],[-126.262,54.2392],[-126.3374,54.2382],[-126.358,54.2286],[-126.3637,54.2176],[-126.3058,54.202],[-126.2952,54.1923],[-126.276,54.198],[-126.2453,54.1907],[-126.2186,54.1768],[-126.2075,54.1456],[-126.1806,54.1394],[-126.1695,54.1271],[-126.1756,54.1175],[-126.1721,54.1149],[-126.1927,54.1051],[-126.2099,54.1067],[-126.2235,54.1146],[-126.2397,54.1021],[-126.261,54.1073],[-126.2699,54.1063],[-126.2726,54.1001],[-126.316,54.1013],[-126.3252,54.1129],[-126.3269,54.1331],[-126.3396,54.1418],[-126.4188,54.1535],[-126.453,54.1655],[-126.5287,54.1685],[-126.5961,54.1843],[-126.6099,54.1999],[-126.62,54.1971],[-126.6388,54.2034],[-126.6356,54.0576],[-126.7704,54.0568],[-126.7802,54.0511],[-126.8,54.0552],[-126.866,54.0958],[-126.9221,54.1084],[-126.9496,54.0784],[-126.944,54.0716],[-126.9497,54.057],[-126.9758,54.057],[-126.9802,54.0632],[-126.995,54.0645],[-127.0007,54.0611],[-127.0097,54.0642],[-127.015,54.0598],[-127.0478,54.0694],[-127.0588,54.0662],[-127.0627,54.073],[-127.0795,54.078],[-127.0824,54.0595],[-127.1095,54.0555],[-127.1071,54.0344],[-127.0971,54.0232],[-127.106,54.0036],[-127.1208,53.9904],[-127.1311,53.9868],[-127.1483,53.9978],[-127.1548,54.0029],[-127.1594,54.0186],[-127.1764,54.0118],[-127.193,54.0128],[-127.1934,54.0055],[-127.2387,53.9896],[-127.2453,53.979],[-127.2656,53.9753],[-127.2645,53.9677],[-127.2589,53.9661],[-127.2614,53.9583],[-127.273,53.958],[-127.2825,53.9313],[-127.2802,53.9239],[-127.2685,53.9212],[-127.2659,53.9158],[-127.2804,53.9051],[-127.282,53.8913],[-127.2657,53.8818],[-127.2702,53.8769],[-127.2674,53.8619],[-127.2936,53.8336],[-127.2989,53.8206],[-127.2897,53.8059],[-127.2763,53.8048],[-127.2899,53.773],[-127.2885,53.7646],[-127.2956,53.7555],[-127.3151,53.7597],[-127.3297,53.7549],[-127.3326,53.7476],[-127.3289,53.7398],[-127.3359,53.7359],[-127.3754,53.7477],[-127.3779,53.7532],[-127.3885,53.752],[-127.4177,53.7715],[-127.4279,53.7703],[-127.4381,53.7584],[-127.4751,53.7688],[-127.5002,53.7588],[-127.5112,53.7593],[-127.5372,53.7352],[-127.572,53.7378],[-127.5863,53.7259],[-127.6437,53.7146],[-127.6497,53.7106],[-127.6495,53.6957],[-127.6382,53.6851],[-127.6508,53.68],[-127.7053,53.6815],[-127.7348,53.6658],[-127.7859,53.6619],[-127.7784,53.6614],[-127.7816,53.6591],[-127.7772,53.6544],[-127.7839,53.6513],[-127.7904,53.6374],[-127.7764,53.6357],[-127.7754,53.6319],[-127.7588,53.6326],[-127.7667,53.6217],[-127.7471,53.6054],[-127.7672,53.5918],[-127.7551,53.5855],[-127.7539,53.5773],[-127.771,53.5634],[-127.7665,53.5582],[-127.772,53.5526],[-127.7447,53.5512],[-127.7383,53.5559],[-127.7235,53.556],[-127.7137,53.5452],[-127.6813,53.549],[-127.6723,53.5435],[-127.6784,53.5406],[-127.6786,53.5323],[-127.6586,53.5278],[-127.6362,53.5398],[-127.6358,53.5496],[-127.6181,53.5628],[-127.6191,53.5564],[-127.6082,53.5476],[-127.6026,53.5489],[-127.6062,53.5433],[-127.588,53.5445],[-127.5558,53.5286],[-127.5542,53.5137],[-127.5717,53.5083],[-127.5699,53.5034],[-127.5601,53.496],[-127.5625,53.4927],[-127.5535,53.4809],[-127.5162,53.4572],[-127.4807,53.4856],[-127.4371,53.4914],[-127.4132,53.4717],[-127.4147,53.466],[-127.4054,53.4566],[-127.4104,53.4502],[-127.4084,53.446],[-127.3746,53.4342],[-127.3772,53.4293],[-127.3713,53.4249],[-127.3762,53.4155],[-127.3653,53.4115],[-127.3662,53.4044],[-127.3611,53.4007],[-127.3616,53.3953],[-127.3695,53.3923],[-127.3624,53.3756],[-127.3563,53.3741],[-127.3474,53.3607],[-127.3217,53.3545],[-127.3139,53.3568],[-127.3236,53.3443],[-127.3196,53.3429],[-127.3207,53.3339],[-127.2996,53.3278],[-127.2922,53.318],[-127.2799,53.3139],[-127.2806,53.3097],[-127.265,53.3081],[-127.265,53.2994],[-127.2531,53.2962],[-127.2712,53.2856],[-127.265,53.2773],[-127.2836,53.2719],[-127.2796,53.2463],[-127.2885,53.2353],[-127.2901,53.2254],[-127.3095,53.2059],[-127.3181,53.2051],[-127.3251,53.2205],[-127.3344,53.2271],[-127.3637,53.2222],[-127.3599,53.2133],[-127.3636,53.2024],[-127.354,53.1893],[-127.3559,53.1768],[-127.3797,53.1778],[-127.4027,53.1859],[-127.4091,53.175],[-127.4018,53.1686],[-127.4081,53.1604],[-127.4403,53.1603],[-127.4568,53.1443],[-127.4772,53.1422],[-127.4781,53.1342],[-127.4749,53.1226],[-127.4658,53.1198],[-127.4336,53.1216],[-127.4515,53.1006],[-127.4425,53.0842],[-127.4189,53.08],[-127.3562,53.0827],[-127.3244,53.0672],[-127.307,53.074],[-127.2892,53.071],[-127.2825,53.0651],[-127.2814,53.0564],[-127.2726,53.0555],[-127.2525,53.0412],[-127.2378,53.0017],[-127.2583,52.9903],[-127.2631,52.9821],[-127.2493,52.9667],[-127.2286,52.9602],[-127.2762,52.9455],[-127.3,52.9044],[-127.2732,52.8947],[-127.2808,52.8842],[-127.2615,52.8759],[-127.249,52.8615],[-127.2154,52.8544],[-127.2179,52.8426],[-127.2237,52.8385],[-127.2199,52.8226],[-127.256,52.8177],[-127.2735,52.8106],[-127.2901,52.8172],[-127.3156,52.7969],[-127.3414,52.7976],[-127.3446,52.8078],[-127.3553,52.8069],[-127.3804,52.7753],[-127.38,52.7654],[-127.3643,52.756],[-127.3661,52.7525],[-127.3857,52.7466],[-127.3949,52.7333],[-127.4121,52.732],[-127.4253,52.7204],[-127.4658,52.7088],[-127.4721,52.6971],[-127.4683,52.6847],[-127.4871,52.6889],[-127.4941,52.6815],[-127.5063,52.6811],[-127.5026,52.6917],[-127.5145,52.6963],[-127.5356,52.6908],[-127.5498,52.6969],[-127.5611,52.6904],[-127.5678,52.6917],[-127.5699,52.7013],[-127.5794,52.7075],[-127.5774,52.7168],[-127.5812,52.721],[-127.6249,52.735],[-127.6229,52.7431],[-127.5992,52.76],[-127.607,52.7813],[-127.6428,52.7793],[-127.6691,52.7854],[-127.6751,52.7911],[-127.6925,52.7895],[-127.7007,52.7742],[-127.7114,52.7798],[-127.7307,52.775],[-127.7105,52.7561],[-127.7165,52.7487],[-127.7187,52.7365],[-127.713,52.7337],[-127.7188,52.7198],[-127.7453,52.718],[-127.7604,52.7045],[-127.7787,52.7022],[-127.792,52.693],[-127.7791,52.677],[-127.8004,52.6618],[-127.8286,52.6686],[-127.8489,52.661],[-127.8498,52.671],[-127.8453,52.6759],[-127.8671,52.6865],[-127.8847,52.683],[-127.8888,52.6767],[-127.9004,52.6727],[-127.9168,52.6719],[-127.9157,52.6836],[-127.9244,52.6992],[-127.9203,52.7181],[-127.9271,52.7245],[-127.948,52.7209],[-127.9635,52.7093],[-127.9942,52.7152],[-128.0493,52.7141],[-128.0629,52.7088],[-128.0653,52.6969],[-128.0957,52.681],[-128.1137,52.6761],[-128.1162,52.6837],[-128.1344,52.6842],[-128.1533,52.6742],[-128.1501,52.6701],[-128.1544,52.6653],[-128.1436,52.6578],[-128.1396,52.6473],[-128.1077,52.6469],[-128.1007,52.6451],[-128.1019,52.6391],[-128.1168,52.6127],[-128.1363,52.6119],[-128.1571,52.6207],[-128.1904,52.607],[-128.1771,52.596],[-128.1979,52.5804],[-128.176,52.5759],[-128.1829,52.5658],[-128.1739,52.5578],[-128.1769,52.5525],[-128.189,52.5512],[-128.1898,52.5379],[-128.1849,52.5312],[-128.2082,52.5219],[-128.182,52.5045],[-128.1851,52.494],[-128.1762,52.4845],[-128.2235,52.4845],[-128.2386,52.5014],[-128.2477,52.5301],[-128.2437,52.5519],[-128.2476,52.5567],[-128.2429,52.5608],[-128.2466,52.5713],[-128.2308,52.5702],[-128.2303,52.5777],[-128.2166,52.5906],[-128.1974,52.6208],[-128.182,52.6288],[-128.1787,52.6528],[-128.1709,52.6604],[-128.1739,52.6624],[-128.1697,52.6793],[-128.1358,52.7122],[-128.136,52.7263],[-128.1136,52.7593],[-128.0893,52.7645],[-127.9877,52.7403],[-127.9663,52.7428],[-127.9589,52.7311],[-127.9434,52.7286],[-127.9034,52.736],[-127.8797,52.752],[-127.8703,52.7389],[-127.8611,52.7414],[-127.8386,52.7305],[-127.8256,52.7354],[-127.8515,52.7405],[-127.8743,52.7543],[-127.8809,52.7528],[-127.8771,52.7573],[-127.8856,52.7599],[-127.9033,52.7475],[-127.9469,52.7388],[-127.9527,52.7494],[-127.9779,52.7517],[-127.9831,52.7568],[-127.9932,52.7887],[-128.0032,52.7826],[-128.0022,52.7576],[-128.0413,52.7614],[-128.0897,52.7764],[-128.1305,52.7685],[-128.1305,52.7902],[-128.1235,52.8116],[-128.1284,52.8207],[-128.1232,52.8321],[-128.132,52.8399],[-128.1395,52.8383],[-128.1439,52.8464],[-128.1351,52.8604],[-128.1364,52.8769],[-128.125,52.8925],[-128.1264,52.8735],[-128.1154,52.876],[-128.1215,52.8931],[-128.1168,52.8971],[-128.0865,52.8952],[-128.044,52.9094],[-128.0212,52.901],[-128.0227,52.9028],[-128.0362,52.9103],[-128.0283,52.9198],[-128.033,52.9209],[-128.0805,52.9099],[-128.1163,52.9097],[-128.1269,52.9162],[-128.1304,52.9289],[-128.1347,52.9286],[-128.1378,52.9052],[-128.1551,52.8901],[-128.159,52.8799],[-128.1609,52.8575],[-128.1939,52.8422],[-128.2253,52.8373],[-128.2252,52.836],[-128.2189,52.8342],[-128.2041,52.8328],[-128.2098,52.8225],[-128.2224,52.8148],[-128.2232,52.8084],[-128.2408,52.7996],[-128.3342,52.7983],[-128.3916,52.8186],[-128.3893,52.8316],[-128.3762,52.8353],[-128.3754,52.8392],[-128.4305,52.8145],[-128.4427,52.8217],[-128.4554,52.8468],[-128.4691,52.8606],[-128.4797,52.8635],[-128.4984,52.8838],[-128.5004,52.9218],[-128.4791,52.9143],[-128.4397,52.9197],[-128.4118,52.9351],[-128.4086,52.9398],[-128.413,52.9442],[-128.4015,52.9415],[-128.3901,52.985],[-128.3799,52.9958],[-128.381,53.0002],[-128.3989,52.9905],[-128.4032,52.98],[-128.4009,52.9698],[-128.4056,52.969],[-128.4137,52.9446],[-128.455,52.9244],[-128.4668,52.9242],[-128.4728,52.9186],[-128.4865,52.9201],[-128.5034,52.9326],[-128.5093,52.9789],[-128.5134,52.9807],[-128.5128,53.0062],[-128.5043,53.0139],[-128.5205,53.0134],[-128.5239,53.0326],[-128.5507,53.0675],[-128.5351,53.0856],[-128.52,53.089],[-128.5109,53.0869],[-128.4519,53.0965],[-128.4354,53.0841],[-128.4139,53.0808],[-128.4282,53.0883],[-128.4226,53.088],[-128.4161,53.0852],[-128.4118,53.0858],[-128.4285,53.0909],[-128.4266,53.094],[-128.4348,53.1026],[-128.4659,53.1068],[-128.4883,53.0968],[-128.5327,53.0964],[-128.5565,53.0874],[-128.5706,53.1089],[-128.5659,53.1229],[-128.5521,53.1285],[-128.5125,53.1235],[-128.4816,53.1345],[-128.4762,53.1451],[-128.4888,53.146],[-128.521,53.1316],[-128.5581,53.1357],[-128.5792,53.1283],[-128.5946,53.1519],[-128.608,53.1629],[-128.6278,53.1694],[-128.6443,53.1849],[-128.6628,53.2152],[-128.6595,53.2231],[-128.6697,53.223],[-128.6823,53.2469],[-128.6873,53.2394],[-128.6563,53.1808],[-128.7283,53.2021],[-128.8508,53.2703],[-128.89,53.3121],[-128.8831,53.3166],[-128.8879,53.3176],[-128.8896,53.3292],[-128.885,53.3494],[-128.8467,53.3608],[-128.865,53.3649],[-128.8901,53.3567],[-128.892,53.3684],[-128.8824,53.3807],[-128.8877,53.3949],[-128.8816,53.4018],[-128.8854,53.4111],[-128.9047,53.4298],[-128.8753,53.4514],[-128.8695,53.4659],[-128.8398,53.4658],[-128.8348,53.4693],[-128.8408,53.4758],[-128.8713,53.4811],[-128.8963,53.4713],[-128.9141,53.4464],[-128.9227,53.4452],[-128.9396,53.4595],[-128.9469,53.4593],[-128.9655,53.4852],[-128.9617,53.488],[-128.9751,53.4941],[-128.9663,53.51],[-128.9701,53.5252],[-128.9611,53.535],[-128.985,53.5364],[-128.9869,53.5418],[-128.9621,53.5499],[-128.9346,53.5407],[-128.9246,53.5325],[-128.8699,53.5295],[-128.8485,53.5422],[-128.8416,53.5542],[-128.8142,53.5683],[-128.7773,53.5236],[-128.7659,53.4884],[-128.7594,53.4903],[-128.7572,53.4844],[-128.7311,53.4895],[-128.7097,53.4756],[-128.6854,53.446],[-128.6803,53.4529],[-128.6814,53.4612],[-128.6979,53.4709],[-128.7019,53.4801],[-128.7217,53.4906],[-128.7112,53.4917],[-128.6577,53.4754],[-128.6366,53.4545],[-128.5908,53.4341],[-128.5786,53.4258],[-128.5746,53.4172],[-128.5386,53.4069],[-128.5188,53.3941],[-128.491,53.3933],[-128.5004,53.3721],[-128.497,53.3666],[-128.5027,53.3489],[-128.4949,53.334],[-128.4815,53.3246],[-128.4744,53.3262],[-128.473,53.3212],[-128.4664,53.322],[-128.4813,53.331],[-128.4931,53.3543],[-128.4939,53.3712],[-128.4798,53.396],[-128.5227,53.4021],[-128.4896,53.4181],[-128.4837,53.4283],[-128.4327,53.4285],[-128.4049,53.4426],[-128.372,53.4403],[-128.355,53.454],[-128.3607,53.4772],[-128.3062,53.4544],[-128.2964,53.4574],[-128.2781,53.4469],[-128.207,53.4586],[-128.1762,53.4586],[-128.1334,53.4455],[-128.0993,53.4281],[-128.074,53.3793],[-128.1229,53.3367],[-128.1103,53.3301],[-128.0396,53.3716],[-128.0077,53.3401],[-127.9511,53.3263],[-127.9418,53.3196],[-127.9557,53.2964],[-127.9543,53.2684],[-127.8751,53.2246],[-127.8738,53.2422],[-127.8777,53.2509],[-127.9305,53.2739],[-127.9348,53.301],[-127.9232,53.3158],[-127.926,53.328],[-127.9994,53.3506],[-128.0322,53.3816],[-128.0529,53.3853],[-128.0591,53.3935],[-128.0599,53.4073],[-128.0835,53.4339],[-128.1312,53.4711],[-128.1205,53.4824],[-128.1326,53.4854],[-128.1446,53.4795],[-128.141,53.4758],[-128.1856,53.4791],[-128.1946,53.475],[-128.2302,53.4763],[-128.2416,53.4684],[-128.3107,53.4759],[-128.3277,53.4909],[-128.3548,53.4945],[-128.3651,53.5118],[-128.3956,53.4834],[-128.395,53.4741],[-128.3813,53.4642],[-128.3854,53.4555],[-128.4111,53.4566],[-128.4502,53.4378],[-128.4913,53.4449],[-128.5383,53.428],[-128.5566,53.4407],[-128.5532,53.4497],[-128.572,53.4494],[-128.599,53.4599],[-128.6018,53.4655],[-128.5868,53.4704],[-128.5864,53.4766],[-128.6018,53.4884],[-128.6344,53.4952],[-128.6441,53.5022],[-128.6868,53.502],[-128.7047,53.5175],[-128.7113,53.536],[-128.7278,53.5447],[-128.7333,53.5536],[-128.7413,53.5553],[-128.7377,53.5426],[-128.748,53.54],[-128.7684,53.5524],[-128.774,53.5606],[-128.7646,53.5596],[-128.7684,53.5651],[-128.7645,53.5666],[-128.816,53.6078],[-128.8256,53.6207],[-128.8322,53.6372],[-128.8295,53.6404],[-128.8368,53.6468],[-128.8169,53.6682],[-128.8007,53.6724],[-128.8025,53.6799],[-128.7864,53.6902],[-128.7936,53.6932],[-128.7882,53.6956],[-128.7889,53.7016],[-128.7795,53.715],[-128.7849,53.7197],[-128.7765,53.7265],[-128.7775,53.7263],[-128.7798,53.7244],[-128.783,53.7241],[-128.786,53.7221],[-128.8045,53.7424],[-128.8019,53.75],[-128.8112,53.7608],[-128.8067,53.7717],[-128.785,53.79],[-128.7529,53.7997],[-128.7055,53.8226],[-128.707,53.8276],[-128.6969,53.8389],[-128.6789,53.8529],[-128.6684,53.8548],[-128.6559,53.8541],[-128.6079,53.8324],[-128.5776,53.8306],[-128.5501,53.8358],[-128.5316,53.8328],[-128.5186,53.825],[-128.5175,53.8259],[-128.5187,53.8287],[-128.5053,53.8254],[-128.4998,53.8202],[-128.4848,53.827],[-128.493,53.8344],[-128.4976,53.848],[-128.5485,53.8511],[-128.5629,53.8493],[-128.5609,53.8447],[-128.5662,53.8435],[-128.6029,53.8447],[-128.6273,53.8512],[-128.6316,53.8595],[-128.6449,53.8672],[-128.6683,53.8633],[-128.6729,53.8691],[-128.668,53.8783],[-128.6714,53.8798],[-128.6883,53.8673],[-128.7026,53.8729],[-128.713,53.8842],[-128.7088,53.8924],[-128.7156,53.9009],[-128.7026,53.9106],[-128.68,53.892],[-128.6746,53.8925],[-128.6914,53.9132],[-128.6542,53.9561],[-128.6537,53.9663],[-128.649,53.9699],[-128.6551,53.9905],[-128.6526,53.9985],[-128.647,54.0063],[-128.6094,54.0253],[-128.6091,54.0312],[-128.6209,54.035],[-128.6445,54.016],[-128.6589,54.0109],[-128.6812,54.0163],[-128.6801,54.0127],[-128.6866,54.011],[-128.683,54.0098],[-128.6778,54.0133],[-128.6706,54.0094],[-128.6789,54.0049],[-128.6757,54.0078],[-128.6799,54.0114],[-128.6777,54.009],[-128.6836,54.0044],[-128.6773,53.9929],[-128.6798,53.9928],[-128.6844,54.0043],[-128.6876,54.0041],[-128.6862,53.995],[-128.6885,54.0024],[-128.6975,53.9958],[-128.6955,53.9871],[-128.7021,53.965],[-128.7228,53.9284],[-128.7433,53.9183],[-128.7568,53.9232],[-128.7628,53.9139],[-128.7601,53.9062],[-128.7687,53.8974],[-128.7837,53.9049],[-128.7949,53.9024],[-128.7894,53.9015],[-128.7874,53.8957],[-128.7924,53.8738],[-128.8124,53.8658],[-128.8147,53.8563],[-128.8178,53.8631],[-128.8326,53.8656],[-128.8472,53.8586],[-128.851,53.8465],[-128.8671,53.8353],[-128.8652,53.8262],[-128.87,53.8162],[-128.9033,53.8188],[-128.8959,53.8111],[-128.903,53.8075],[-128.8964,53.807],[-128.9474,53.7709],[-128.9521,53.773],[-128.949,53.7791],[-128.9404,53.7841],[-128.9513,53.7921],[-128.9355,53.8044],[-128.9343,53.814],[-128.9189,53.825],[-128.9149,53.8554],[-128.9277,53.8532],[-128.928,53.8413],[-128.9365,53.8455],[-128.9427,53.843],[-128.947,53.8087],[-128.9615,53.7982],[-128.9602,53.8149],[-128.9667,53.8224],[-128.9558,53.8487],[-128.9608,53.8604],[-128.9594,53.8485],[-128.9637,53.8454],[-128.9674,53.8498],[-128.9649,53.8728],[-128.992,53.8934],[-129.0154,53.8946],[-129.0262,53.9007],[-129.0338,53.8986],[-129.0338,53.8929],[-129.0259,53.8862],[-128.997,53.8878],[-128.9956,53.8817],[-128.9815,53.8711],[-128.9828,53.8645],[-128.9748,53.8539],[-128.9805,53.8241],[-128.9714,53.8096],[-128.9763,53.8061],[-128.9658,53.7957],[-128.9626,53.7849],[-128.97,53.7724],[-129.0099,53.7587],[-129.0212,53.7687],[-129.0269,53.7654],[-129.0518,53.7688],[-129.0633,53.7857],[-129.078,53.7905],[-129.0627,53.8129],[-129.0683,53.8259],[-129.0824,53.8362],[-129.0956,53.8313],[-129.0845,53.8155],[-129.1,53.8047],[-129.0967,53.7996],[-129.1007,53.789],[-129.095,53.7826],[-129.0994,53.7784],[-129.0721,53.7768],[-129.0565,53.7628],[-129.0286,53.7636],[-129.0307,53.7537],[-129.0642,53.7359],[-129.0964,53.7287],[-129.1173,53.7179],[-129.1283,53.7093],[-129.128,53.7035],[-129.144,53.6807],[-129.1682,53.6662],[-129.1947,53.6612],[-129.2315,53.6309],[-129.2656,53.64],[-129.2747,53.6384],[-129.2946,53.6491],[-129.3039,53.6493],[-129.2978,53.6299],[-129.2401,53.6125],[-129.2498,53.6037],[-129.2534,53.5888],[-129.2504,53.5755],[-129.2387,53.5642],[-129.2401,53.5379],[-129.2334,53.5188],[-129.258,53.5171],[-129.2924,53.5229],[-129.3149,53.5513],[-129.3308,53.5547],[-129.3441,53.5677],[-129.3454,53.5782],[-129.3513,53.5757],[-129.3455,53.5699],[-129.3487,53.5632],[-129.3117,53.5383],[-129.2987,53.5161],[-129.2878,53.5121],[-129.2893,53.5101],[-129.2855,53.5089],[-129.2885,53.5074],[-129.2877,53.5055],[-129.2815,53.5035],[-129.2837,53.5055],[-129.2878,53.5062],[-129.2878,53.5073],[-129.2851,53.5082],[-129.2851,53.5091],[-129.2884,53.5102],[-129.2871,53.5126],[-129.2931,53.5161],[-129.291,53.5199],[-129.2775,53.5129],[-129.2354,53.5098],[-129.2412,53.5014],[-129.2392,53.4812],[-129.2426,53.4775],[-129.2344,53.4615],[-129.2343,53.4495],[-129.239,53.4485],[-129.2402,53.4394],[-129.2376,53.4244],[-129.2527,53.426],[-129.2493,53.4245],[-129.2531,53.418],[-129.2698,53.4112],[-129.2559,53.4132],[-129.2578,53.4066],[-129.291,53.3971],[-129.2702,53.3653],[-129.2734,53.3632],[-129.2898,53.3646],[-129.3008,53.3753],[-129.3127,53.3716],[-129.3418,53.3838],[-129.384,53.4082],[-129.4773,53.4751],[-129.4861,53.4732],[-129.498,53.4792],[-129.5218,53.4976],[-129.5957,53.5391],[-129.5928,53.5474],[-129.5721,53.5536],[-129.5792,53.5571],[-129.5641,53.556],[-129.5687,53.5634],[-129.5971,53.5542],[-129.6017,53.5423],[-129.6464,53.5664],[-129.6841,53.5944],[-129.758,53.6651],[-129.7599,53.6693],[-129.7525,53.6732],[-129.7622,53.6767],[-129.7537,53.6845],[-129.7219,53.6619],[-129.718,53.6659],[-129.7076,53.6573],[-129.687,53.6541],[-129.6855,53.6568],[-129.6964,53.6559],[-129.698,53.6606],[-129.7138,53.6669],[-129.706,53.6998],[-129.711,53.7078],[-129.7174,53.7086],[-129.7163,53.7023],[-129.7315,53.7194],[-129.7263,53.7053],[-129.7176,53.6977],[-129.7191,53.6737],[-129.7411,53.7085],[-129.7451,53.7059],[-129.7385,53.6971],[-129.7555,53.6945],[-129.7857,53.7059],[-129.7933,53.7149],[-129.814,53.7242],[-129.8219,53.7322],[-129.8244,53.7436],[-129.8186,53.7562],[-129.8238,53.7558],[-129.8306,53.7514],[-129.8306,53.737],[-129.8443,53.7398],[-129.8825,53.7621],[-129.8856,53.7688],[-129.8966,53.7681],[-129.954,53.8098],[-129.9496,53.8165],[-129.9272,53.8189],[-129.8942,53.8105],[-129.8852,53.8145],[-129.8751,53.8116],[-129.8719,53.8154],[-129.8487,53.8058],[-129.8528,53.8132],[-129.8689,53.8199],[-129.8976,53.8166],[-129.9291,53.8238],[-129.9469,53.8212],[-129.9539,53.8131],[-129.9714,53.8233],[-129.9811,53.8239],[-130.0075,53.8446],[-130.0068,53.8512],[-129.972,53.8649],[-129.9725,53.8696],[-129.9847,53.8708],[-129.9875,53.8801],[-129.979,53.8823],[-129.9688,53.8754],[-129.9665,53.8787],[-129.9833,53.8887],[-130.0055,53.8903],[-130.0061,53.8868],[-129.9889,53.8786],[-129.9883,53.8716],[-129.9836,53.8693],[-129.9981,53.8623],[-130.0027,53.8649],[-130.0069,53.8626],[-130.005,53.8584],[-130.0131,53.8549],[-130.0309,53.8666],[-130.035,53.8668],[-130.0312,53.8606],[-130.0476,53.8691],[-130.0506,53.8727],[-130.0437,53.876],[-130.0489,53.8752],[-130.0724,53.8917],[-130.0685,53.8943],[-130.0764,53.8994],[-130.0765,53.9003],[-130.0729,53.8973],[-130.086,53.9179],[-130.0826,53.9271],[-130.0973,53.9331],[-130.1031,53.9383],[-130.1003,53.9422],[-130.1092,53.9485],[-130.1027,53.9625],[-130.0894,53.9691],[-130.0992,53.9704],[-130.1049,53.9786],[-130.0973,53.999],[-130.0816,53.9954],[-130.078,53.9809],[-130.0727,53.9903],[-130.0776,54.0017],[-130.0956,54.0053],[-130.0932,54.0169],[-130.0853,54.0237],[-130.0919,54.0348],[-130.0933,54.052],[-130.1025,54.0662],[-130.0888,54.0802],[-130.0841,54.113],[-130.065,54.1242],[-130.0526,54.1487],[-130.0312,54.1453],[-130.0324,54.1417],[-129.9884,54.1431],[-129.97,54.1597],[-129.954,54.1614],[-129.946,54.1323],[-129.8975,54.0956],[-129.8773,54.0673],[-129.8638,54.0568],[-129.8559,54.0372],[-129.827,54.0313],[-129.7982,54.0],[-129.7526,54.0],[-129.7902,54.0052],[-129.8094,54.0273],[-129.8387,54.0414],[-129.8543,54.0669],[-129.8649,54.0738],[-129.8765,54.0977],[-129.9188,54.1254],[-129.9295,54.1374],[-129.9374,54.1664],[-129.9548,54.1814],[-129.8385,54.2151],[-129.7764,54.1984],[-129.7533,54.2092],[-129.7188,54.2058],[-129.6727,54.1831],[-129.658,54.1837],[-129.6273,54.1734],[-129.6129,54.1745],[-129.5861,54.1877],[-129.5787,54.1965],[-129.5835,54.2013],[-129.5773,54.2129],[-129.5395,54.2181],[-129.5219,54.233],[-129.5,54.2335],[-129.5,54.238],[-129.5215,54.2376],[-129.5444,54.222],[-129.578,54.2213],[-129.5881,54.2038],[-129.6233,54.1869],[-129.6509,54.1891],[-129.6905,54.2116],[-129.769,54.2203],[-129.8098,54.2334],[-129.8602,54.2361],[-129.9472,54.2022],[-129.9862,54.1962],[-130.0225,54.17],[-130.0812,54.1727],[-130.0991,54.1663],[-130.112,54.1532],[-130.1289,54.1484],[-130.1575,54.1677],[-130.2021,54.1877],[-130.2784,54.2041],[-130.2879,54.2118],[-130.3026,54.2433],[-130.2924,54.2433],[-130.2858,54.2322],[-130.2866,54.2425],[-130.2733,54.2419],[-130.2587,54.2537],[-130.2109,54.2611],[-130.2052,54.2557],[-130.2097,54.253],[-130.1905,54.2478],[-130.1985,54.255],[-130.1933,54.257],[-130.2036,54.263],[-130.1598,54.2733],[-130.1458,54.2849],[-130.1654,54.2747],[-130.1707,54.2764],[-130.2031,54.2647],[-130.2316,54.2679],[-130.2386,54.2871],[-130.2442,54.289],[-130.2426,54.3016],[-130.2495,54.3158],[-130.2644,54.3219],[-130.2609,54.3257],[-130.2566,54.3229],[-130.2567,54.3273],[-130.2687,54.3246],[-130.2653,54.3314],[-130.2722,54.3282],[-130.2704,54.3336],[-130.2758,54.3369],[-130.2577,54.3623],[-130.2515,54.3799],[-130.2457,54.3767],[-130.249,54.3945],[-130.238,54.4014],[-130.2537,54.3986],[-130.326,54.4385],[-130.2927,54.41],[-130.2707,54.3986],[-130.2575,54.3991],[-130.2878,54.3473],[-130.3103,54.3363],[-130.3199,54.3391],[-130.338,54.3294],[-130.3427,54.3313],[-130.3413,54.3355],[-130.3515,54.335],[-130.3516,54.3433],[-130.3548,54.3341],[-130.346,54.3311],[-130.359,54.3224],[-130.3602,54.3314],[-130.3632,54.3331],[-130.3605,54.3381],[-130.3639,54.3386],[-130.3632,54.3336],[-130.368,54.332],[-130.3614,54.3304],[-130.3725,54.3194],[-130.3781,54.3243],[-130.3711,54.3329],[-130.3827,54.3259],[-130.3855,54.3321],[-130.3817,54.3357],[-130.3911,54.3328],[-130.3915,54.3284],[-130.4048,54.3285],[-130.4016,54.3208],[-130.4066,54.3214],[-130.4103,54.3245],[-130.4077,54.3285],[-130.4169,54.3279],[-130.4136,54.3331],[-130.423,54.3356],[-130.4111,54.3377],[-130.4096,54.3417],[-130.4267,54.3396],[-130.4232,54.3449],[-130.4338,54.3455],[-130.4328,54.3413],[-130.4422,54.3356],[-130.4635,54.3371],[-130.4626,54.3424],[-130.4549,54.344],[-130.4659,54.3433],[-130.4592,54.3476],[-130.4648,54.3584],[-130.4875,54.3634],[-130.4818,54.3692],[-130.4844,54.3743],[-130.4743,54.3752],[-130.4789,54.3833],[-130.4743,54.3898],[-130.4902,54.4031],[-130.4776,54.4154],[-130.4891,54.4303],[-130.4785,54.4432],[-130.4659,54.4401],[-130.4634,54.4503],[-130.4479,54.4571],[-130.4264,54.4483],[-130.393,54.4544],[-130.3875,54.4517],[-130.3895,54.4584],[-130.3834,54.4664],[-130.3919,54.4676],[-130.3883,54.4623],[-130.3932,54.4599],[-130.4014,54.4639],[-130.3957,54.4726],[-130.4052,54.466],[-130.4134,54.4674],[-130.4088,54.4727],[-130.4105,54.4778],[-130.4151,54.48],[-130.4183,54.4782],[-130.4156,54.4746],[-130.4289,54.4741],[-130.4458,54.4926],[-130.4394,54.4982],[-130.4471,54.4999],[-130.4386,54.5084],[-130.4489,54.512],[-130.4508,54.5286],[-130.4338,54.5587],[-130.44,54.563],[-130.4302,54.5617],[-130.4321,54.5591],[-130.4158,54.5638],[-130.3883,54.556],[-130.3817,54.5606],[-130.3929,54.5693],[-130.3919,54.5728],[-130.4358,54.5966],[-130.4389,54.6087],[-130.4552,54.6123],[-130.4571,54.6202],[-130.4506,54.6272],[-130.4377,54.6244],[-130.4439,54.6321],[-130.4313,54.6373],[-130.3886,54.6174],[-130.3382,54.5763],[-130.3487,54.5768],[-130.3787,54.5935],[-130.3675,54.583],[-130.3759,54.5807],[-130.3607,54.5775],[-130.313,54.5489],[-130.2647,54.4945],[-130.1835,54.4456],[-130.1652,54.4245],[-130.1144,54.3941],[-130.0758,54.3584],[-130.0715,54.3431],[-129.9956,54.3007],[-129.9796,54.3017],[-129.984,54.3037],[-129.984,54.3122],[-129.9768,54.3216],[-129.9821,54.3242],[-129.9822,54.331],[-129.9865,54.3249],[-129.9822,54.3186],[-129.9941,54.313],[-130.0434,54.3351],[-130.0533,54.3476],[-130.0529,54.357],[-130.1036,54.4052],[-130.087,54.416],[-130.0836,54.429],[-130.0663,54.4423],[-130.0673,54.4473],[-130.0754,54.4493],[-130.0811,54.4629],[-130.0666,54.4702],[-130.0727,54.4739],[-130.0595,54.4822],[-130.0046,54.488],[-129.9865,54.4994],[-129.9843,54.5092],[-129.9985,54.5074],[-130.0265,54.4909],[-130.0469,54.495],[-130.0749,54.488],[-130.0827,54.4786],[-130.0811,54.4649],[-130.0941,54.4606],[-130.0828,54.4424],[-130.0999,54.42],[-130.1146,54.4184],[-130.1862,54.4645],[-130.1955,54.4799],[-130.2151,54.4848],[-130.227,54.4932],[-130.2329,54.5007],[-130.227,54.5078],[-130.2373,54.504],[-130.2451,54.5114],[-130.2275,54.5175],[-130.2578,54.5217],[-130.2621,54.5277],[-130.2591,54.5343],[-130.2815,54.5441],[-130.303,54.563],[-130.3028,54.569],[-130.2958,54.5666],[-130.2919,54.5739],[-130.392,54.6309],[-130.3875,54.6472],[-130.3473,54.6224],[-130.334,54.6396],[-130.3025,54.6584],[-130.2892,54.6614],[-130.2968,54.6641],[-130.3101,54.6598],[-130.3534,54.6345],[-130.3804,54.6538],[-130.3634,54.6856],[-130.3491,54.6948],[-130.2995,54.6974],[-130.278,54.705],[-130.2461,54.7075],[-130.2283,54.7164],[-130.2171,54.7112],[-130.2325,54.7096],[-130.226,54.7036],[-130.2202,54.7089],[-130.1966,54.7101],[-130.1925,54.7139],[-130.1582,54.7087],[-130.1412,54.7002],[-130.1284,54.6843],[-130.1123,54.6763],[-130.1084,54.6678],[-130.1028,54.6692],[-130.0993,54.6632],[-130.0949,54.6643],[-130.1038,54.6767],[-130.0936,54.6853],[-130.0648,54.6397],[-130.0396,54.6251],[-130.0117,54.6202],[-129.9812,54.603],[-129.9458,54.5958],[-129.8977,54.6168],[-129.8954,54.6212],[-129.9022,54.6228],[-129.8997,54.6253],[-129.907,54.6243],[-129.9173,54.6135],[-129.9378,54.6102],[-129.9451,54.6026],[-129.9838,54.6129],[-130.0184,54.6369],[-130.0572,54.6536],[-130.0841,54.6906],[-130.1076,54.6909],[-130.1442,54.7154],[-130.217,54.724],[-130.202,54.7397],[-130.1956,54.7508],[-130.1947,54.7682],[-130.1828,54.7822],[-130.1659,54.7741],[-130.1512,54.7732],[-130.1491,54.7772],[-130.1658,54.7823],[-130.1761,54.7934],[-130.166,54.8105],[-130.1713,54.8098],[-130.1691,54.8155],[-130.1479,54.8308],[-130.1375,54.829],[-130.1075,54.8385],[-130.1014,54.8484],[-130.0779,54.8583],[-130.0805,54.8636],[-130.0741,54.8674],[-130.0735,54.8742],[-130.0553,54.8905],[-130.0659,54.8975],[-130.0902,54.8877],[-130.1028,54.8683],[-130.1374,54.8466],[-130.176,54.8412],[-130.1759,54.849],[-130.1458,54.8793],[-130.1031,54.9083],[-130.0569,54.9544],[-130.0194,54.9745],[-129.9881,54.9749],[-129.9496,54.961],[-129.9596,54.9448],[-129.9922,54.9313],[-130.0015,54.9228],[-129.9978,54.9166],[-129.9806,54.9137],[-129.9411,54.93],[-129.9497,54.9318],[-129.9414,54.9388],[-129.9363,54.9331],[-129.9299,54.9402],[-129.9209,54.9341],[-129.8997,54.9431],[-129.8814,54.9449],[-129.8789,54.952],[-129.8619,54.9617],[-129.8592,54.9742],[-129.85,54.9799],[-129.8006,54.983],[-129.7866,54.9762],[-129.7609,54.9727],[-129.7431,54.9779],[-129.7428,54.9887],[-129.7353,54.9977],[-129.7395,54.9993],[-129.8145,55.0068],[-129.8787,55.0035],[-129.8831,54.9973],[-129.9166,54.9848],[-129.9434,54.9877],[-130.0055,55.0104],[-129.9877,55.0426],[-129.9775,55.0491],[-129.9895,55.0541],[-129.9764,55.0752],[-129.9594,55.0879],[-129.9495,55.1041],[-129.8878,55.1461],[-129.8615,55.1736],[-129.8564,55.181],[-129.8624,55.1803],[-129.8544,55.2027],[-129.8576,55.2095],[-129.8196,55.2452],[-129.8126,55.2646],[-129.7564,55.28],[-129.7521,55.2895],[-129.7552,55.2976],[-129.7448,55.2857],[-129.7405,55.2887],[-129.744,55.301],[-129.7365,55.3207],[-129.7399,55.3209],[-129.7205,55.3487],[-129.6842,55.3737],[-129.6984,55.3795],[-129.6892,55.3924],[-129.6855,55.3889],[-129.6891,55.3792],[-129.6832,55.3752],[-129.6771,55.3777],[-129.6807,55.3824],[-129.6736,55.3938],[-129.6776,55.4018],[-129.667,55.4113],[-129.6708,55.4153],[-129.6652,55.4204],[-129.6684,55.4237],[-129.6644,55.432],[-129.62,55.446],[-129.5557,55.4375],[-129.5043,55.4419],[-129.4923,55.4463],[-129.4857,55.4585],[-129.4571,55.4697],[-129.4612,55.4778],[-129.4779,55.4804],[-129.4934,55.4748],[-129.503,55.456],[-129.5169,55.4512],[-129.586,55.4583],[-129.6428,55.4558],[-129.6755,55.4406],[-129.681,55.4225],[-129.6934,55.4169],[-129.6933,55.4109],[-129.7007,55.4073],[-129.7135,55.4168],[-129.7095,55.4196],[-129.7206,55.4343],[-129.7235,55.4684],[-129.7454,55.4808],[-129.7731,55.5332],[-129.7671,55.5493],[-129.7825,55.561],[-129.7861,55.5767],[-129.7772,55.5965],[-129.7869,55.6059],[-129.7963,55.6306],[-129.8061,55.6293],[-129.8124,55.634],[-129.813,55.6157],[-129.7999,55.5922],[-129.8108,55.5691],[-129.7986,55.5541],[-129.7991,55.531],[-129.7782,55.501],[-129.7743,55.48],[-129.7669,55.4718],[-129.7732,55.4686],[-129.7722,55.4626],[-129.7783,55.4555],[-129.7821,55.429],[-129.7873,55.4252],[-129.7929,55.4282],[-129.8064,55.4182],[-129.8269,55.4167],[-129.8207,55.4126],[-129.838,55.3993],[-129.8395,55.3943],[-129.8325,55.3875],[-129.839,55.3846],[-129.8415,55.3721],[-129.8328,55.37],[-129.8383,55.3645],[-129.8302,55.3535],[-129.8272,55.3659],[-129.81,55.3819],[-129.8205,55.3886],[-129.8176,55.3996],[-129.7947,55.4155],[-129.7867,55.4],[-129.7942,55.3889],[-129.8111,55.3782],[-129.8148,55.3574],[-129.7959,55.3618],[-129.8004,55.3616],[-129.8007,55.3667],[-129.7852,55.3816],[-129.7863,55.3737],[-129.7789,55.3735],[-129.7765,55.3628],[-129.7911,55.3648],[-129.7964,55.3509],[-129.8286,55.3402],[-129.8254,55.3341],[-129.8331,55.3247],[-129.8329,55.3138],[-129.8158,55.2886],[-129.8546,55.2669],[-129.8471,55.2646],[-129.8461,55.2589],[-129.8878,55.2134],[-129.893,55.1978],[-129.8896,55.1971],[-129.8908,55.1903],[-129.901,55.1665],[-129.9624,55.1228],[-130.0078,55.0828],[-130.0262,55.0591],[-130.0348,55.0287],[-130.0492,55.0141],[-130.0937,54.9849],[-130.1045,54.9832],[-130.1114,54.9876],[-130.1346,55.0272],[-130.1353,55.0497],[-130.1615,55.0683],[-130.1661,55.0802],[-130.1633,55.089],[-130.1385,55.1153],[-130.1295,55.1479],[-130.1075,55.1653],[-130.0857,55.1937],[-130.0328,55.2272],[-130.0087,55.2497],[-129.9437,55.2879],[-129.9455,55.2943],[-129.9596,55.2984],[-129.9698,55.319],[-130.003,55.3361],[-130.0035,55.3621],[-130.0155,55.3791],[-130.0137,55.3987],[-130.018,55.4085],[-130.0163,55.4178],[-130.0087,55.4244],[-130.016,55.426],[-130.0192,55.4321],[-130.0241,55.4611],[-130.0692,55.4957],[-130.0748,55.5036],[-130.0772,55.5238],[-130.0918,55.5356],[-130.0968,55.5554],[-130.1101,55.5633],[-130.1104,55.5821],[-130.1048,55.5903],[-130.1086,55.599],[-130.1032,55.6023],[-130.1051,55.6188],[-130.0916,55.6293],[-130.0941,55.6376],[-130.0876,55.6464],[-130.0918,55.6719],[-130.0853,55.683],[-130.1049,55.6985],[-130.1184,55.701],[-130.1326,55.7175],[-130.132,55.7346],[-130.138,55.752],[-130.1318,55.7535],[-130.134,55.7644],[-130.1092,55.79],[-130.1088,55.7976],[-130.0682,55.8183],[-130.0555,55.8386],[-130.0151,55.8748],[-130.0159,55.8822],[-130.0039,55.8832],[-130.0049,55.8882],[-129.9871,55.9175],[-129.9943,55.9182],[-129.9878,55.9309],[-129.992,55.9281],[-129.9912,55.9323],[-130.0018,55.9354],[-130.0102,55.9119],[-130.0175,55.9119],[-130.0033,56.008],[-130.1039,56.1228],[-130.2465,56.0965],[-130.3503,56.1286],[-130.4262,56.1417],[-130.468,56.2431],[-130.5407,56.2475],[-130.6233,56.267],[-130.7821,56.3669],[-131.0872,56.4062],[-131.1734,56.4495],[-131.4719,56.5526],[-131.581,56.6122],[-131.8353,56.5992],[-131.8607,56.703],[-131.9008,56.7541],[-131.8729,56.806],[-132.1235,56.8736],[-132.0453,57.0451],[-132.3693,57.0914],[-132.248,57.2114],[-132.37,57.3498],[-132.554,57.4967],[-132.6624,57.618],[-132.751,57.6959],[-132.8696,57.8399],[-133.0703,58.0005],[-133.1724,58.1516],[-133.3541,58.2834],[-133.4613,58.3899],[-133.3818,58.4326],[-133.5042,58.4964],[-133.6995,58.6091],[-133.8413,58.7301],[-134.0026,58.7741],[-134.2564,58.8591],[-134.3374,58.9203],[-134.3123,58.9614],[-134.4076,58.9784],[-134.3854,59.0414],[-134.4449,59.0865],[-134.4848,59.1334],[-134.5698,59.1335],[-134.6779,59.1928],[-134.6993,59.2484],[-134.9589,59.2811],[-135.0302,59.3484],[-134.9892,59.3879],[-135.101,59.4275],[-135.0773,59.4518],[-135.0276,59.4747],[-135.0277,59.5639],[-135.1175,59.6234],[-135.1545,59.6265],[-135.2218,59.6641],[-135.2347,59.6959],[-135.377,59.7429],[-135.479,59.7986],[-135.9457,59.6636],[-136.1953,59.6388],[-136.3557,59.6007],[-136.2414,59.5591],[-136.2363,59.5267],[-136.3014,59.4658],[-136.3315,59.456],[-136.3977,59.4472],[-136.4762,59.4642],[-136.4675,59.2846],[-136.4951,59.2751],[-136.4888,59.258],[-136.582,59.1655],[-136.8247,59.1598],[-137.0977,59.0565],[-137.2366,59.0114],[-137.2884,58.9995],[-137.4466,58.9087],[-137.5267,58.9066],[-137.4993,58.9831],[-137.6021,59.2407],[-138.6054,59.7577],[-138.6263,59.7705],[-138.6563,59.7992],[-138.7058,59.9062],[-138.7908,59.923],[-139.0421,59.9916],[-139.0522,60.0],[-129.3019,60.0]]]]}},{"type":"Feature","properties":{"hsda_code":52,"hsda":"Northern Interior","health_authority":"Northern","area_km2":168197},"geometry":{"type":"MultiPolygon","coordinates":[[[[-126.7011,58.0297],[-126.6685,58.0241],[-126.6779,57.9855],[-126.6554,57.972],[-126.6589,57.9612],[-126.6557,57.9543],[-126.6163,57.9307],[-126.6041,57.9279],[-126.585,57.9381],[-126.5803,57.9461],[-126.5475,57.951],[-126.5273,57.9339],[-126.5041,57.9388],[-126.4478,57.9312],[-126.4408,57.9206],[-126.4304,57.9228],[-126.4239,57.9093],[-126.415,57.9078],[-126.3971,57.9183],[-126.377,57.9217],[-126.3711,57.9169],[-126.3709,57.9083],[-126.3566,57.9018],[-126.347,57.9028],[-126.3397,57.8907],[-126.3211,57.8886],[-126.3236,57.8809],[-126.3104,57.8754],[-126.3125,57.8655],[-126.298,57.8561],[-126.2828,57.8548],[-126.2586,57.8608],[-126.26,57.8712],[-126.2329,57.8834],[-126.2278,57.89],[-126.2286,57.8993],[-126.2454,57.9237],[-126.2389,57.9291],[-126.2217,57.9287],[-126.225,57.9344],[-126.2121,57.9475],[-126.1864,57.9478],[-126.1749,57.9349],[-126.1684,57.9388],[-126.1584,57.9363],[-126.128,57.9161],[-126.1117,57.9131],[-126.0943,57.9183],[-126.0498,57.8689],[-125.9435,57.768],[-125.9204,57.7208],[-125.8944,57.7124],[-125.831,57.623],[-125.7241,57.5469],[-125.5513,57.3741],[-125.525,57.3707],[-125.5094,57.3461],[-125.4578,57.3161],[-125.4462,57.2991],[-125.4724,57.2734],[-125.3994,57.2631],[-125.4197,57.2479],[-125.3879,57.2373],[-125.3615,57.2153],[-125.3486,57.1929],[-125.3294,57.176],[-125.2885,57.176],[-125.2621,57.1659],[-125.2301,57.1419],[-125.2476,57.1214],[-125.2155,57.1043],[-125.171,57.093],[-125.1454,57.0736],[-125.1571,57.0446],[-125.1191,57.036],[-125.1191,57.007],[-125.087,56.9968],[-125.0812,56.978],[-125.0472,56.9868],[-125.0316,56.9746],[-124.9907,56.9643],[-124.9556,56.9336],[-124.9337,56.8771],[-124.8469,56.7908],[-124.7462,56.7004],[-124.5784,56.5805],[-124.4261,56.4025],[-124.3683,56.3177],[-124.0548,56.0679],[-123.941,56.0012],[-123.8423,55.9871],[-123.8255,55.9859],[-123.8151,55.9919],[-123.7979,55.9717],[-123.7621,55.9536],[-123.7149,55.9614],[-123.707,55.9591],[-123.6954,55.9443],[-123.6782,55.9416],[-123.6847,55.9338],[-123.6812,55.922],[-123.6847,55.9143],[-123.6673,55.9134],[-123.6579,55.9024],[-123.6364,55.8901],[-123.6311,55.8923],[-123.605,55.8821],[-123.5812,55.8804],[-123.5779,55.8714],[-123.5318,55.8651],[-123.521,55.8716],[-123.5261,55.8753],[-123.5121,55.8823],[-123.4874,55.8762],[-123.4588,55.8851],[-123.4553,55.8797],[-123.4308,55.8821],[-123.4181,55.8715],[-123.3677,55.8611],[-123.3637,55.8538],[-123.3829,55.8395],[-123.3816,55.8341],[-123.3513,55.8305],[-123.3393,55.8199],[-123.3399,55.8089],[-123.318,55.8002],[-123.3074,55.7761],[-123.3155,55.7709],[-123.3136,55.7578],[-123.3414,55.7313],[-123.3267,55.7154],[-123.2608,55.6971],[-123.2284,55.7118],[-123.1808,55.7116],[-123.1985,55.7272],[-123.1912,55.7332],[-123.1643,55.7375],[-123.1438,55.7317],[-123.1365,55.723],[-123.1391,55.7121],[-123.1205,55.694],[-123.1204,55.6888],[-123.1279,55.6805],[-123.1276,55.6604],[-123.1422,55.6519],[-123.1429,55.6404],[-123.1259,55.6296],[-123.0782,55.6255],[-123.0728,55.6208],[-123.0806,55.6108],[-123.0717,55.5958],[-123.0718,55.5827],[-123.0379,55.5625],[-123.0136,55.5597],[-122.9969,55.5634],[-122.9785,55.5709],[-122.9655,55.5822],[-122.948,55.5809],[-122.9212,55.564],[-122.9425,55.5541],[-122.9329,55.5218],[-122.9533,55.5031],[-122.9567,55.4883],[-122.9331,55.4723],[-122.9278,55.4631],[-122.9556,55.4596],[-122.9801,55.4647],[-123.0023,55.4583],[-123.0057,55.4461],[-122.9866,55.4283],[-122.9872,55.4015],[-122.9745,55.3981],[-122.9202,55.4131],[-122.8744,55.419],[-122.862,55.4158],[-122.8778,55.4062],[-122.8694,55.4001],[-122.846,55.3989],[-122.8303,55.3844],[-122.8116,55.3875],[-122.7891,55.3811],[-122.7427,55.3655],[-122.74,55.3541],[-122.7199,55.344],[-122.6982,55.347],[-122.6785,55.3404],[-122.6549,55.3424],[-122.6367,55.3591],[-122.6301,55.394],[-122.59,55.4145],[-122.5598,55.4035],[-122.5439,55.3841],[-122.5043,55.3638],[-122.4963,55.3643],[-122.4848,55.3488],[-122.4618,55.3446],[-122.4292,55.3308],[-122.386,55.3353],[-122.3571,55.3022],[-122.3305,55.2843],[-122.2966,55.2511],[-122.3023,55.2437],[-122.2385,55.2228],[-122.2257,55.2077],[-122.2559,55.2033],[-122.2707,55.1908],[-122.2739,55.1811],[-122.2512,55.1617],[-122.2513,55.1435],[-122.2308,55.1411],[-122.2234,55.1498],[-122.207,55.1523],[-122.1769,55.1459],[-122.1611,55.1341],[-122.1667,55.1234],[-122.1594,55.1055],[-122.1244,55.0983],[-122.1002,55.1052],[-122.0593,55.073],[-122.0351,55.0653],[-122.0088,55.0338],[-121.9714,55.0273],[-121.9613,55.0132],[-121.9465,55.0115],[-121.9349,55.0036],[-121.9376,54.9961],[-121.9197,54.987],[-121.9043,54.9662],[-121.8916,54.959],[-121.8685,54.9557],[-121.8587,54.9393],[-121.8448,54.9333],[-121.8433,54.9283],[-121.8455,54.9196],[-121.8647,54.915],[-121.8682,54.9046],[-121.8599,54.8997],[-121.8329,54.9036],[-121.8694,54.8852],[-121.87,54.8734],[-121.8651,54.8691],[-121.8026,54.8588],[-121.797,54.8551],[-121.7919,54.8393],[-121.782,54.8392],[-121.7712,54.8517],[-121.735,54.8706],[-121.7404,54.8806],[-121.7249,54.8865],[-121.6952,54.8788],[-121.6557,54.8572],[-121.6461,54.858],[-121.6431,54.8453],[-121.5802,54.8243],[-121.5538,54.8204],[-121.5388,54.801],[-121.5221,54.7982],[-121.5271,54.7715],[-121.4889,54.7523],[-121.4937,54.7453],[-121.4739,54.7236],[-121.4857,54.6953],[-121.5187,54.685],[-121.5235,54.652],[-121.4992,54.635],[-121.4819,54.6088],[-121.4518,54.6076],[-121.4527,54.5974],[-121.4377,54.5871],[-121.458,54.5656],[-121.3974,54.569],[-121.39,54.5577],[-121.3974,54.5337],[-121.3555,54.5357],[-121.3133,54.5184],[-121.3168,54.5129],[-121.2935,54.5171],[-121.2844,54.5138],[-121.2721,54.5172],[-121.2637,54.535],[-121.2482,54.5466],[-121.2199,54.5496],[-121.1588,54.545],[-121.1572,54.5517],[-121.145,54.5528],[-121.1245,54.549],[-121.1202,54.5453],[-121.1252,54.5445],[-121.1224,54.5369],[-121.1343,54.5136],[-121.1262,54.5005],[-121.1171,54.5008],[-121.1271,54.4905],[-121.1262,54.4839],[-121.113,54.4701],[-121.0742,54.4512],[-121.0683,54.4512],[-121.063,54.4673],[-121.0378,54.4539],[-121.0047,54.4637],[-120.9475,54.4621],[-120.9342,54.452],[-120.9226,54.4533],[-120.8795,54.4626],[-120.8752,54.4889],[-120.8709,54.4905],[-120.8164,54.4908],[-120.8153,54.4853],[-120.7908,54.4731],[-120.7899,54.4687],[-120.8,54.4621],[-120.8036,54.4536],[-120.8021,54.428],[-120.7966,54.4178],[-120.7849,54.4102],[-120.7846,54.4034],[-120.776,54.3971],[-120.7607,54.3964],[-120.7322,54.4086],[-120.7116,54.4025],[-120.682,54.3864],[-120.668,54.3743],[-120.661,54.3607],[-120.6596,54.355],[-120.6653,54.3523],[-120.699,54.3464],[-120.6916,54.3287],[-120.6831,54.323],[-120.7275,54.2972],[-120.7175,54.2924],[-120.7069,54.296],[-120.6766,54.2823],[-120.6529,54.2887],[-120.6312,54.2812],[-120.6241,54.2922],[-120.6063,54.2897],[-120.5985,54.2837],[-120.5767,54.2456],[-120.5755,54.2394],[-120.5841,54.2278],[-120.5663,54.2188],[-120.5641,54.2068],[-120.0013,54.214],[-120.0013,53.7987],[-119.9979,53.8046],[-119.9814,53.7999],[-119.9864,53.7969],[-119.9846,53.7922],[-119.9607,53.7794],[-119.9472,53.7821],[-119.9372,53.7759],[-119.8892,53.776],[-119.896,53.7654],[-119.8855,53.7594],[-119.9049,53.7385],[-119.8973,53.7282],[-119.9191,53.7188],[-119.9116,53.7112],[-119.9005,53.7084],[-119.8541,53.7151],[-119.8415,53.7106],[-119.8478,53.7025],[-119.8393,53.6948],[-119.8061,53.7071],[-119.7979,53.7053],[-119.7674,53.6729],[-119.7395,53.6637],[-119.7372,53.6509],[-119.7418,53.6445],[-119.7378,53.6335],[-119.7167,53.616],[-119.7167,53.6097],[-119.7345,53.6061],[-119.7505,53.5903],[-119.7746,53.5902],[-119.8012,53.6039],[-119.8171,53.6023],[-119.8324,53.61],[-119.8557,53.6061],[-119.8775,53.6172],[-119.9099,53.6216],[-119.9305,53.6089],[-119.9166,53.6016],[-119.915,53.5903],[-119.8886,53.5838],[-119.895,53.5721],[-119.8692,53.5662],[-119.8619,53.5537],[-119.8655,53.5464],[-119.8989,53.5348],[-119.901,53.5163],[-119.875,53.5058],[-119.8698,53.4965],[-119.8357,53.5185],[-119.8279,53.5039],[-119.8076,53.5017],[-119.7848,53.4914],[-119.7825,53.4859],[-119.794,53.4787],[-119.781,53.4656],[-119.7726,53.4445],[-119.7587,53.4384],[-119.767,53.4294],[-119.7313,53.4031],[-119.7353,53.4],[-119.7298,53.3888],[-119.6899,53.3853],[-119.6787,53.3782],[-119.6816,53.371],[-119.6777,53.3693],[-119.5959,53.3623],[-119.5987,53.3717],[-119.6102,53.3816],[-119.6066,53.3852],[-119.5463,53.364],[-119.5333,53.3618],[-119.5199,53.3704],[-119.5029,53.3611],[-119.4808,53.3623],[-119.4511,53.349],[-119.4444,53.3502],[-119.4435,53.3561],[-119.4075,53.3656],[-119.3912,53.3595],[-119.358,53.3414],[-119.3484,53.3156],[-119.3597,53.3101],[-119.3473,53.2994],[-119.3321,53.2985],[-119.3436,53.2851],[-119.3364,53.2763],[-119.3006,53.256],[-119.292,53.2412],[-119.2833,53.2358],[-119.283,53.229],[-119.2665,53.2162],[-119.2534,53.1863],[-119.2607,53.177],[-119.2351,53.1812],[-119.2376,53.1907],[-119.2287,53.1957],[-119.2066,53.185],[-119.1904,53.1829],[-119.148,53.1911],[-119.139,53.1728],[-119.122,53.1602],[-119.094,53.1662],[-119.0747,53.159],[-119.049,53.1444],[-119.0486,53.1262],[-119.0279,53.1242],[-118.9944,53.1413],[-119.0256,53.1602],[-119.0204,53.1648],[-119.0248,53.1707],[-119.0098,53.188],[-118.9947,53.1929],[-118.9933,53.2051],[-119.0068,53.2146],[-119.0217,53.2177],[-119.0266,53.2254],[-119.0214,53.2316],[-118.9839,53.2402],[-118.9582,53.2347],[-118.9488,53.2374],[-118.927,53.2263],[-118.9221,53.2123],[-118.8752,53.2038],[-118.8756,53.1985],[-118.8523,53.1851],[-118.8303,53.1874],[-118.8328,53.1805],[-118.8284,53.1718],[-118.7925,53.1612],[-118.7824,53.1497],[-118.788,53.1451],[-118.7829,53.1357],[-118.74,53.1207],[-118.7289,53.1124],[-118.7491,53.0961],[-118.7486,53.0885],[-118.7692,53.0745],[-118.7732,53.0635],[-118.7704,53.0542],[-118.778,53.0466],[-118.7612,53.0368],[-118.7597,53.0436],[-118.7297,53.0581],[-118.7026,53.0459],[-118.6959,53.0316],[-118.6894,53.0322],[-118.6868,53.0397],[-118.6678,53.0419],[-118.6537,53.03],[-118.6583,53.0202],[-118.6555,53.0129],[-118.6413,52.9987],[-118.6508,52.9995],[-118.6475,52.9936],[-118.6731,52.9781],[-118.662,52.9749],[-118.6581,52.9676],[-118.6608,52.9626],[-118.6487,52.9528],[-118.6118,52.9371],[-118.6222,52.9168],[-118.6067,52.904],[-118.6156,52.9004],[-118.6149,52.8809],[-118.6024,52.8793],[-118.5725,52.8872],[-118.5635,52.9],[-118.5497,52.9078],[-118.5222,52.8966],[-118.5118,52.9049],[-118.4984,52.9061],[-118.4526,52.887],[-118.4485,52.8821],[-118.4514,52.8764],[-118.4634,52.8685],[-118.4542,52.8558],[-118.4378,52.85],[-118.398,52.8529],[-118.3848,52.8473],[-118.4035,52.8407],[-118.3968,52.832],[-118.3986,52.8203],[-118.4053,52.8093],[-118.4218,52.798],[-118.4186,52.7738],[-118.4149,52.7686],[-118.3656,52.7523],[-118.3475,52.7407],[-118.3287,52.7379],[-118.3405,52.7264],[-118.3442,52.7088],[-118.3011,52.6922],[-118.2876,52.6779],[-118.2978,52.6547],[-118.306,52.6512],[-118.319,52.6564],[-118.3284,52.6507],[-118.3323,52.6405],[-118.3537,52.6352],[-118.3518,52.6266],[-118.3566,52.6149],[-118.3463,52.6074],[-118.3336,52.6062],[-118.3349,52.6008],[-118.3296,52.5969],[-118.3372,52.5935],[-118.3364,52.5857],[-118.3285,52.5777],[-118.2867,52.5715],[-118.2725,52.5651],[-118.2705,52.5622],[-118.2856,52.5505],[-118.2897,52.5387],[-118.2851,52.536],[-118.2863,52.5307],[-118.2753,52.5276],[-118.2686,52.519],[-118.2634,52.5045],[-118.234,52.4878],[-118.2009,52.4883],[-118.1974,52.483],[-118.1946,52.4746],[-118.1986,52.4685],[-118.2084,52.4697],[-118.2119,52.4632],[-118.238,52.4508],[-118.2502,52.451],[-118.2528,52.4425],[-118.2377,52.4233],[-118.2428,52.4036],[-118.2186,52.3961],[-118.2192,52.3847],[-118.2434,52.3754],[-118.251,52.3571],[-118.2489,52.3526],[-118.2556,52.3469],[-118.2762,52.3439],[-118.2964,52.3329],[-118.2962,52.3417],[-118.3052,52.3499],[-118.3067,52.361],[-118.3293,52.3679],[-118.3554,52.3642],[-118.3835,52.3475],[-118.3877,52.3355],[-118.3934,52.3333],[-118.4203,52.3373],[-118.4304,52.3337],[-118.4384,52.3226],[-118.494,52.3107],[-118.4902,52.2939],[-118.5016,52.288],[-118.521,52.2841],[-118.5443,52.2905],[-118.5624,52.2659],[-118.5616,52.2485],[-118.5506,52.2351],[-118.5543,52.2292],[-118.5708,52.2241],[-118.5666,52.2181],[-118.5755,52.2069],[-118.5737,52.1994],[-118.5794,52.1892],[-118.5967,52.191],[-118.6264,52.1819],[-118.6374,52.1666],[-118.6672,52.1619],[-118.6738,52.1511],[-118.6876,52.1493],[-118.6945,52.1661],[-118.7276,52.1586],[-118.7337,52.1636],[-118.7357,52.176],[-118.7515,52.1834],[-118.7991,52.1766],[-118.8276,52.1994],[-118.852,52.2101],[-118.8502,52.2178],[-118.8359,52.2201],[-118.8412,52.2253],[-118.8385,52.2332],[-118.8768,52.2395],[-118.899,52.2363],[-118.8805,52.2633],[-118.8448,52.2758],[-118.8453,52.2828],[-118.8392,52.2884],[-118.8237,52.2905],[-118.8189,52.2969],[-118.7878,52.307],[-118.8038,52.3198],[-118.8476,52.3374],[-118.913,52.3462],[-118.9266,52.3543],[-118.927,52.3634],[-118.9353,52.3684],[-118.9401,52.3915],[-118.9325,52.3983],[-118.9305,52.4127],[-118.9237,52.4191],[-118.9421,52.436],[-118.9351,52.4468],[-118.9374,52.4532],[-118.9103,52.4694],[-118.8867,52.4746],[-118.8851,52.4794],[-118.8895,52.4916],[-118.9088,52.5014],[-118.9068,52.5189],[-118.9155,52.5376],[-118.9388,52.5496],[-118.9362,52.5582],[-118.9279,52.5606],[-118.9272,52.5681],[-118.9498,52.5776],[-118.9595,52.5756],[-118.9901,52.5843],[-119.0034,52.6009],[-119.0149,52.5981],[-119.0189,52.592],[-119.0347,52.5943],[-119.0404,52.598],[-119.0386,52.6071],[-119.0439,52.6164],[-119.0549,52.6252],[-119.0538,52.6329],[-119.1831,52.6334],[-119.1945,52.6105],[-119.1888,52.6023],[-119.1938,52.5992],[-119.208,52.5993],[-119.2212,52.6053],[-119.2764,52.5971],[-119.2969,52.6035],[-119.3077,52.5963],[-119.3542,52.5865],[-119.3776,52.6156],[-119.367,52.622],[-119.36,52.6513],[-119.3645,52.6555],[-119.4154,52.6472],[-119.4268,52.6364],[-119.4434,52.6368],[-119.4509,52.6456],[-119.464,52.6502],[-119.4904,52.6381],[-119.4995,52.6389],[-119.5036,52.632],[-119.5291,52.6289],[-119.5425,52.6573],[-119.5416,52.6644],[-119.5578,52.6619],[-119.5775,52.6503],[-119.5793,52.656],[-119.6034,52.6708],[-119.6148,52.6836],[-119.6185,52.6903],[-119.6133,52.7002],[-119.6172,52.7051],[-119.6677,52.6985],[-119.7104,52.6759],[-119.7469,52.6822],[-119.7633,52.6713],[-119.7684,52.6592],[-119.8149,52.6724],[-119.8437,52.6906],[-119.855,52.6929],[-119.8653,52.6839],[-119.8753,52.6858],[-119.8778,52.6957],[-119.885,52.6988],[-119.8954,52.7187],[-119.9403,52.7218],[-119.9563,52.7154],[-119.9642,52.719],[-119.9707,52.7302],[-119.9678,52.7334],[-120.0079,52.7501],[-120.0153,52.7585],[-120.0166,52.7681],[-120.0256,52.7724],[-120.0228,52.779],[-120.0304,52.7914],[-120.0559,52.8094],[-120.0406,52.8172],[-120.0497,52.8237],[-120.0664,52.8238],[-120.0947,52.8389],[-120.1026,52.8443],[-120.1018,52.8547],[-120.1116,52.8646],[-120.1391,52.8759],[-120.1716,52.8566],[-120.1793,52.858],[-120.212,52.8769],[-120.2226,52.8996],[-120.2433,52.9048],[-120.2456,52.9197],[-120.2519,52.9229],[-120.2653,52.9273],[-120.2966,52.9204],[-120.3339,52.925],[-120.3733,52.9618],[-120.3914,52.9644],[-120.421,52.9572],[-120.438,52.9723],[-120.4336,52.9828],[-120.4359,52.989],[-120.4531,52.9933],[-120.4833,52.9899],[-120.4948,52.9815],[-120.5023,52.9911],[-120.5102,52.9911],[-120.5411,52.9809],[-120.5449,52.9761],[-120.5336,52.9625],[-120.5352,52.9559],[-120.5926,52.9463],[-120.5946,52.9402],[-120.5698,52.9202],[-120.5798,52.9119],[-120.6039,52.912],[-120.6717,52.9315],[-120.69,52.9226],[-120.7018,52.9055],[-120.7228,52.897],[-120.7377,52.908],[-120.7896,52.9085],[-120.8079,52.8995],[-120.8437,52.9019],[-120.8872,52.8867],[-120.9346,52.8576],[-120.9953,52.8804],[-121.0572,52.8831],[-121.0725,52.8753],[-121.1204,52.8698],[-121.1319,52.9258],[-121.1428,52.9395],[-121.175,52.9429],[-121.1817,52.9385],[-121.1713,52.9383],[-121.1732,52.9336],[-121.1689,52.9304],[-121.174,52.9196],[-121.1715,52.9146],[-121.1793,52.909],[-121.1913,52.9248],[-121.2274,52.929],[-121.242,52.9262],[-121.2818,52.8991],[-121.3106,52.895],[-121.3438,52.8711],[-121.4227,52.8756],[-121.4425,52.8723],[-121.4734,52.8458],[-121.491,52.8613],[-121.5296,52.8694],[-121.564,52.867],[-121.5788,52.8572],[-121.6045,52.8605],[-121.6144,52.8492],[-121.6131,52.8361],[-121.6204,52.824],[-121.5911,52.8072],[-121.6165,52.7852],[-121.5991,52.7532],[-121.582,52.7394],[-121.5993,52.7251],[-121.6555,52.7384],[-121.694,52.7198],[-121.7193,52.7329],[-121.7589,52.742],[-121.9382,52.7431],[-121.9407,52.7145],[-122.188,52.7141],[-122.1929,52.7041],[-122.238,52.6978],[-122.2481,52.6883],[-122.247,52.6753],[-122.2348,52.6567],[-122.2356,52.6346],[-122.2242,52.619],[-122.2255,52.6143],[-122.2443,52.6128],[-122.2499,52.6061],[-122.2156,52.5824],[-122.2056,52.5682],[-122.2314,52.5471],[-122.2295,52.539],[-122.2395,52.5362],[-122.2331,52.5255],[-122.2319,52.5137],[-122.24,52.5048],[-122.2347,52.5027],[-122.2369,52.4951],[-122.2332,52.4889],[-122.2408,52.4756],[-122.2605,52.4675],[-122.2616,52.4611],[-122.2533,52.4568],[-122.4168,52.4567],[-122.3989,52.4177],[-122.4917,52.4175],[-122.4849,52.4069],[-122.4923,52.3927],[-122.4864,52.3887],[-122.4783,52.3656],[-122.4699,52.3636],[-122.4715,52.351],[-122.4995,52.3457],[-122.5109,52.3511],[-122.5164,52.3647],[-122.5453,52.3708],[-122.5542,52.3653],[-122.5745,52.369],[-122.6034,52.3498],[-122.6091,52.3541],[-122.6388,52.3502],[-122.6954,52.3248],[-122.7029,52.3141],[-122.7182,52.3075],[-122.7187,52.2988],[-122.7301,52.3014],[-122.7495,52.2948],[-122.7605,52.2809],[-122.8,52.2782],[-122.8145,52.2658],[-122.8061,52.2604],[-122.8277,52.2477],[-122.8216,52.2409],[-122.8254,52.2378],[-122.8699,52.2424],[-122.8964,52.2283],[-122.8991,52.2189],[-122.9123,52.2184],[-122.933,52.2277],[-122.9548,52.2294],[-122.9482,52.2507],[-122.9593,52.2568],[-122.9616,52.2663],[-122.9391,52.277],[-122.9511,52.2823],[-122.9885,52.2825],[-122.9753,52.2934],[-123.0012,52.2932],[-122.9981,52.3034],[-123.0038,52.3089],[-122.9974,52.3233],[-123.0293,52.3198],[-123.0319,52.3246],[-123.0221,52.3313],[-123.0374,52.3394],[-123.0432,52.35],[-123.075,52.3558],[-123.0813,52.352],[-123.1085,52.3525],[-123.1229,52.3607],[-123.1598,52.3594],[-123.1712,52.3505],[-123.1719,52.3409],[-123.179,52.3339],[-123.1617,52.3293],[-123.1646,52.3111],[-123.1809,52.2993],[-123.2072,52.2998],[-123.2173,52.2937],[-123.2404,52.3047],[-123.2444,52.3197],[-123.2818,52.3245],[-123.2885,52.3377],[-123.3156,52.3409],[-123.3241,52.3517],[-123.336,52.353],[-123.3367,52.3658],[-123.3464,52.3711],[-123.3207,52.3833],[-123.315,52.4033],[-123.2842,52.4288],[-123.2918,52.4461],[-123.3172,52.4545],[-123.9995,52.4545],[-123.9938,52.7017],[-124.0028,52.7103],[-124.0032,52.864],[-123.9942,52.8704],[-124.0007,53.0006],[-126.6227,53.0],[-126.6524,53.0343],[-126.6624,53.0249],[-126.6724,53.0228],[-126.6719,53.0156],[-126.6878,53.0036],[-126.6882,52.9949],[-126.7067,52.9911],[-126.7105,52.9828],[-126.7107,52.988],[-126.7204,52.9922],[-126.7519,52.9918],[-126.7738,53.0077],[-126.7818,52.9962],[-126.7875,52.9963],[-126.7913,53.0024],[-126.7904,53.0199],[-126.7974,53.0282],[-126.7896,53.0506],[-126.7952,53.0656],[-126.8123,53.0773],[-126.8134,53.0865],[-126.8399,53.1064],[-126.8679,53.1076],[-126.8756,53.088],[-126.8876,53.083],[-126.9405,53.085],[-126.9419,53.0909],[-126.9481,53.0919],[-126.9967,53.0654],[-127.0154,53.0731],[-127.0178,53.0791],[-127.0086,53.0853],[-127.0278,53.1052],[-127.0258,53.1109],[-127.0313,53.1155],[-127.0137,53.1269],[-126.9928,53.1327],[-126.9929,53.1515],[-127.0018,53.1549],[-127.0026,53.1624],[-127.015,53.1719],[-127.0175,53.1792],[-127.0128,53.1877],[-127.0257,53.1939],[-127.0272,53.1988],[-127.0447,53.1976],[-127.0447,53.2017],[-127.0374,53.2072],[-127.0426,53.2145],[-127.0355,53.2262],[-127.0273,53.2323],[-127.0054,53.2359],[-127.001,53.2411],[-127.0044,53.2456],[-127.0005,53.2562],[-126.9798,53.2583],[-126.9781,53.262],[-126.9857,53.2877],[-127.0004,53.2922],[-127.0043,53.3036],[-127.0189,53.3045],[-127.0604,53.294],[-127.0763,53.2739],[-127.069,53.2641],[-127.0797,53.2489],[-127.079,53.2387],[-127.0962,53.2431],[-127.1301,53.2389],[-127.1511,53.2713],[-127.1674,53.2729],[-127.1965,53.262],[-127.1925,53.253],[-127.2021,53.2471],[-127.229,53.2485],[-127.2506,53.2589],[-127.2549,53.2743],[-127.265,53.2773],[-127.2712,53.2856],[-127.2531,53.2962],[-127.265,53.2994],[-127.265,53.3081],[-127.2806,53.3097],[-127.2799,53.3139],[-127.2922,53.318],[-127.2996,53.3278],[-127.3207,53.3339],[-127.3196,53.3429],[-127.3236,53.3443],[-127.3139,53.3568],[-127.3217,53.3545],[-127.3474,53.3607],[-127.3563,53.3741],[-127.3624,53.3756],[-127.3695,53.3923],[-127.3616,53.3953],[-127.3611,53.4007],[-127.3662,53.4044],[-127.3653,53.4115],[-127.3762,53.4155],[-127.3713,53.4249],[-127.3772,53.4293],[-127.3746,53.4342],[-127.4084,53.446],[-127.4104,53.4502],[-127.4054,53.4566],[-127.4147,53.466],[-127.4132,53.4717],[-127.4371,53.4914],[-127.4807,53.4856],[-127.5162,53.4572],[-127.5535,53.4809],[-127.5625,53.4927],[-127.5601,53.496],[-127.5699,53.5034],[-127.5717,53.5083],[-127.5542,53.5137],[-127.5558,53.5286],[-127.588,53.5445],[-127.6062,53.5433],[-127.6026,53.5489],[-127.6082,53.5476],[-127.6191,53.5564],[-127.6181,53.5628],[-127.6358,53.5496],[-127.6362,53.5398],[-127.6586,53.5278],[-127.6786,53.5323],[-127.6784,53.5406],[-127.6723,53.5435],[-127.6813,53.549],[-127.7137,53.5452],[-127.7235,53.556],[-127.7383,53.5559],[-127.7447,53.5512],[-127.772,53.5526],[-127.7665,53.5582],[-127.771,53.5634],[-127.7539,53.5773],[-127.7551,53.5855],[-127.7672,53.5918],[-127.7471,53.6054],[-127.7667,53.6217],[-127.7588,53.6326],[-127.7754,53.6319],[-127.7764,53.6357],[-127.7904,53.6374],[-127.7839,53.6513],[-127.7772,53.6544],[-127.7816,53.6591],[-127.7784,53.6614],[-127.7859,53.6619],[-127.7348,53.6658],[-127.7053,53.6815],[-127.6508,53.68],[-127.6382,53.6851],[-127.6495,53.6957],[-127.6497,53.7106],[-127.6437,53.7146],[-127.5863,53.7259],[-127.572,53.7378],[-127.5372,53.7352],[-127.5112,53.7593],[-127.5002,53.7588],[-127.4751,53.7688],[-127.4381,53.7584],[-127.4279,53.7703],[-127.4177,53.7715],[-127.3885,53.752],[-127.3779,53.7532],[-127.3754,53.7477],[-127.3359,53.7359],[-127.3289,53.7398],[-127.3326,53.7476],[-127.3297,53.7549],[-127.3151,53.7597],[-127.2956,53.7555],[-127.2885,53.7646],[-127.2899,53.773],[-127.2763,53.8048],[-127.2897,53.8059],[-127.2989,53.8206],[-127.2936,53.8336],[-127.2674,53.8619],[-127.2702,53.8769],[-127.2657,53.8818],[-127.282,53.8913],[-127.2804,53.9051],[-127.2659,53.9158],[-127.2685,53.9212],[-127.2802,53.9239],[-127.2825,53.9313],[-127.273,53.958],[-127.2614,53.9583],[-127.2589,53.9661],[-127.2645,53.9677],[-127.2656,53.9753],[-127.2453,53.979],[-127.2387,53.9896],[-127.1934,54.0055],[-127.193,54.0128],[-127.1764,54.0118],[-127.1594,54.0186],[-127.1548,54.0029],[-127.1483,53.9978],[-127.1311,53.9868],[-127.1208,53.9904],[-127.106,54.0036],[-127.0971,54.0232],[-127.1071,54.0344],[-127.1095,54.0555],[-127.0824,54.0595],[-127.0795,54.078],[-127.0627,54.073],[-127.0588,54.0662],[-127.0478,54.0694],[-127.015,54.0598],[-127.0097,54.0642],[-127.0007,54.0611],[-126.995,54.0645],[-126.9802,54.0632],[-126.9758,54.057],[-126.9497,54.057],[-126.944,54.0716],[-126.9496,54.0784],[-126.9221,54.1084],[-126.866,54.0958],[-126.8,54.0552],[-126.7802,54.0511],[-126.7704,54.0568],[-126.6356,54.0576],[-126.6388,54.2034],[-126.62,54.1971],[-126.6099,54.1999],[-126.5961,54.1843],[-126.5287,54.1685],[-126.453,54.1655],[-126.4188,54.1535],[-126.3396,54.1418],[-126.3269,54.1331],[-126.3252,54.1129],[-126.316,54.1013],[-126.2726,54.1001],[-126.2699,54.1063],[-126.261,54.1073],[-126.2397,54.1021],[-126.2235,54.1146],[-126.2099,54.1067],[-126.1927,54.1051],[-126.1721,54.1149],[-126.1756,54.1175],[-126.1695,54.1271],[-126.1806,54.1394],[-126.2075,54.1456],[-126.2186,54.1768],[-126.2453,54.1907],[-126.276,54.198],[-126.2952,54.1923],[-126.3058,54.202],[-126.3637,54.2176],[-126.358,54.2286],[-126.3374,54.2382],[-126.262,54.2392],[-126.2594,54.2453],[-126.284,54.2657],[-126.2846,54.2724],[-126.3369,54.3111],[-126.323,54.3155],[-126.2972,54.3129],[-126.2869,54.3281],[-126.2926,54.3386],[-126.2859,54.3432],[-126.2769,54.3421],[-126.2786,54.3517],[-126.2608,54.3639],[-126.1865,54.3683],[-126.1986,54.5499],[-126.6233,54.5484],[-126.6273,54.6255],[-126.633,54.6377],[-126.6829,54.6606],[-126.6799,54.6675],[-126.685,54.6787],[-126.703,54.6795],[-126.7325,54.6704],[-126.7319,54.6853],[-126.7491,54.6927],[-126.7496,54.7051],[-126.7434,54.7194],[-126.7759,54.7336],[-126.7717,54.7496],[-126.7566,54.761],[-126.7394,54.7564],[-126.7073,54.7612],[-126.7122,54.7714],[-126.7058,54.7737],[-126.7006,54.7939],[-126.7124,54.8035],[-126.7247,54.805],[-126.761,54.7947],[-126.7769,54.7963],[-126.7902,54.8105],[-126.8171,54.8149],[-126.8292,54.8225],[-126.8289,54.8282],[-126.8219,54.8307],[-126.8574,54.8481],[-126.8539,54.855],[-126.8364,54.8605],[-126.8341,54.8653],[-126.8634,54.8724],[-126.8652,54.8783],[-126.8577,54.8848],[-126.8564,54.8955],[-126.8639,54.9098],[-126.8594,54.9206],[-126.8619,54.9375],[-126.8937,54.9555],[-126.9177,54.9837],[-126.9343,54.9911],[-126.9383,55.0013],[-126.9335,55.0024],[-126.951,55.0193],[-126.9097,55.0276],[-126.8972,55.037],[-126.8952,55.0534],[-126.8817,55.0579],[-126.8593,55.0571],[-126.8505,55.0687],[-126.8278,55.0701],[-126.815,55.0799],[-126.7562,55.077],[-126.7454,55.0608],[-126.7276,55.053],[-126.7231,55.0575],[-126.7275,55.0632],[-126.7055,55.0805],[-126.6543,55.0845],[-126.6504,55.0943],[-126.6453,55.0954],[-126.6485,55.1073],[-126.6443,55.1187],[-126.6383,55.1216],[-126.6614,55.1303],[-126.6745,55.1202],[-126.6835,55.1221],[-126.6962,55.1383],[-126.6951,55.1432],[-126.71,55.139],[-126.722,55.1565],[-126.7394,55.1612],[-126.746,55.1888],[-126.7423,55.2069],[-126.7667,55.2165],[-126.7718,55.2253],[-126.7879,55.222],[-126.8133,55.2299],[-126.8353,55.2204],[-126.8488,55.2295],[-126.8466,55.235],[-126.8522,55.2463],[-126.8714,55.2632],[-126.8842,55.2687],[-126.9211,55.2661],[-126.9514,55.2841],[-126.9445,55.2935],[-126.8997,55.2927],[-126.8928,55.3035],[-126.8748,55.3084],[-126.8782,55.3128],[-126.8745,55.3368],[-126.8799,55.3428],[-126.8711,55.3479],[-126.8725,55.3516],[-126.8514,55.3547],[-126.8505,55.3608],[-126.8919,55.3699],[-126.8939,55.3778],[-126.9223,55.3792],[-126.9281,55.3837],[-126.9243,55.389],[-126.9697,55.3833],[-126.9729,55.377],[-127.0351,55.3878],[-127.0381,55.3798],[-127.0543,55.3771],[-127.0703,55.3848],[-127.0648,55.39],[-127.0741,55.4048],[-127.143,55.4355],[-127.1591,55.4387],[-127.1853,55.4658],[-127.2254,55.4692],[-127.233,55.4774],[-127.2626,55.4746],[-127.2735,55.478],[-127.2751,55.484],[-127.2964,55.4963],[-127.2956,55.4998],[-127.3065,55.5032],[-127.3046,55.5137],[-127.3128,55.518],[-127.379,55.511],[-127.4013,55.5144],[-127.4164,55.5082],[-127.4131,55.4947],[-127.4425,55.4929],[-127.4725,55.5198],[-127.4734,55.5323],[-127.4644,55.5358],[-127.4712,55.5411],[-127.5114,55.5449],[-127.5462,55.54],[-127.5556,55.5503],[-127.5518,55.5559],[-127.5733,55.5682],[-127.5824,55.5798],[-127.5806,55.5936],[-127.5957,55.5996],[-127.5903,55.6062],[-127.6183,55.6022],[-127.6235,55.6169],[-127.6344,55.6223],[-127.641,55.6368],[-127.6581,55.6401],[-127.6677,55.6471],[-127.6756,55.6587],[-127.6747,55.6711],[-127.6909,55.683],[-127.7025,55.704],[-127.7268,55.7155],[-127.7786,55.7035],[-127.7988,55.7129],[-127.8177,55.7062],[-127.8335,55.7118],[-127.857,55.7084],[-127.8793,55.7177],[-127.9073,55.7185],[-127.9141,55.7112],[-127.9092,55.706],[-127.9204,55.6902],[-127.9398,55.6896],[-127.9491,55.6951],[-127.9627,55.7151],[-127.9874,55.73],[-127.9849,55.7354],[-127.9894,55.7388],[-127.985,55.742],[-127.9946,55.7507],[-128.0098,55.7506],[-128.0162,55.7406],[-128.0463,55.7446],[-128.0809,55.7591],[-128.0868,55.771],[-128.1005,55.7674],[-128.0942,55.735],[-128.1016,55.7199],[-128.1258,55.7163],[-128.1511,55.7261],[-128.1652,55.7204],[-128.1806,55.7212],[-128.2101,55.7387],[-128.2295,55.7426],[-128.2406,55.7666],[-128.2325,55.7856],[-128.2214,55.7936],[-128.2206,55.8012],[-128.1963,55.7996],[-128.2047,55.8179],[-128.1898,55.8254],[-128.1582,55.8271],[-128.1636,55.8363],[-128.1422,55.8456],[-128.166,55.8653],[-128.1785,55.8634],[-128.1865,55.8707],[-128.1811,55.8789],[-128.1889,55.8875],[-128.1814,55.9021],[-128.2127,55.9102],[-128.2152,55.9288],[-128.2357,55.9277],[-128.2477,55.9352],[-128.2634,55.9289],[-128.301,55.9258],[-128.3198,55.9114],[-128.3512,55.9059],[-128.3668,55.9108],[-128.3761,55.9307],[-128.3796,55.9269],[-128.3775,55.9148],[-128.3828,55.9111],[-128.398,55.9205],[-128.4266,55.9176],[-128.4555,55.9273],[-128.4469,55.9365],[-128.4763,55.9615],[-128.4573,55.969],[-128.4599,55.9799],[-128.4409,55.9817],[-128.4456,55.9877],[-128.4417,55.9933],[-128.4484,56.0],[-124.4512,56.0002],[-124.4643,56.0153],[-124.4728,56.0171],[-124.469,56.0249],[-124.4822,56.038],[-124.4796,56.0497],[-124.5046,56.0789],[-124.4896,56.0923],[-124.5044,56.1214],[-124.5186,56.1226],[-124.5401,56.1157],[-124.5665,56.1252],[-124.6182,56.1174],[-124.6888,56.1226],[-124.7078,56.1366],[-124.7396,56.1427],[-124.7502,56.1585],[-124.7569,56.1607],[-124.7561,56.1698],[-124.7682,56.1762],[-124.7672,56.1832],[-124.7965,56.22],[-124.8404,56.22],[-124.8438,56.2265],[-124.8694,56.2407],[-124.9022,56.2464],[-124.9667,56.2378],[-124.9887,56.2261],[-124.9893,56.2141],[-125.0473,56.203],[-125.0512,56.216],[-125.0452,56.2219],[-125.0554,56.2274],[-125.0489,56.2327],[-125.051,56.2476],[-125.0916,56.2717],[-125.0879,56.2802],[-125.0998,56.2865],[-125.0997,56.2923],[-125.1082,56.2985],[-125.1061,56.3084],[-125.1597,56.3011],[-125.186,56.2882],[-125.2308,56.2798],[-125.2425,56.2735],[-125.2235,56.2643],[-125.2336,56.246],[-125.2533,56.2514],[-125.2724,56.2467],[-125.2919,56.253],[-125.3305,56.2525],[-125.3751,56.2655],[-125.3944,56.2547],[-125.4136,56.2544],[-125.4283,56.2439],[-125.4479,56.2462],[-125.4684,56.2319],[-125.4639,56.2203],[-125.4832,56.2047],[-125.5338,56.1971],[-125.5475,56.1671],[-125.571,56.1665],[-125.5821,56.1534],[-125.5933,56.1493],[-125.6274,56.1519],[-125.6565,56.1716],[-125.6625,56.1805],[-125.6595,56.1888],[-125.6637,56.1957],[-125.6507,56.2079],[-125.6555,56.2121],[-125.6613,56.2071],[-125.6893,56.2035],[-125.711,56.2132],[-125.734,56.2016],[-125.7443,56.2022],[-125.7416,56.1825],[-125.7811,56.1806],[-125.7772,56.1722],[-125.7805,56.1687],[-125.7908,56.167],[-125.8076,56.1723],[-125.8152,56.1648],[-125.8675,56.1478],[-125.9634,56.1453],[-125.9663,56.1574],[-125.9625,56.1651],[-125.9947,56.1743],[-125.9841,56.1891],[-125.9712,56.197],[-126.0011,56.2131],[-126.0006,56.2191],[-125.987,56.2224],[-125.989,56.2359],[-125.9832,56.2389],[-125.9809,56.2495],[-126.0035,56.2507],[-126.0301,56.2444],[-126.0386,56.2475],[-126.0378,56.2577],[-126.0442,56.2589],[-126.0511,56.2714],[-126.0816,56.2781],[-126.0981,56.2682],[-126.119,56.2701],[-126.1337,56.2939],[-126.1458,56.2916],[-126.168,56.2979],[-126.1632,56.3093],[-126.1692,56.3166],[-126.1582,56.3225],[-126.1646,56.3251],[-126.1655,56.331],[-126.157,56.3472],[-126.1477,56.3511],[-126.1541,56.359],[-126.1404,56.3659],[-126.1519,56.3706],[-126.1546,56.3876],[-126.1147,56.4109],[-126.1196,56.4163],[-126.1178,56.423],[-126.1305,56.4292],[-126.1232,56.4344],[-126.1069,56.4357],[-126.1055,56.4443],[-126.1361,56.4456],[-126.1786,56.4723],[-126.2184,56.4783],[-126.2099,56.4838],[-126.2021,56.482],[-126.2078,56.4878],[-126.2024,56.4948],[-126.2109,56.5017],[-126.1976,56.5099],[-126.1921,56.5067],[-126.1607,56.5152],[-126.1217,56.5147],[-126.1023,56.5256],[-126.1166,56.5424],[-126.1374,56.5506],[-126.1359,56.5631],[-126.1125,56.5782],[-126.1201,56.5872],[-126.1453,56.5903],[-126.1713,56.6044],[-126.1804,56.6155],[-126.1721,56.626],[-126.1803,56.625],[-126.1762,56.6348],[-126.1835,56.6406],[-126.2143,56.6504],[-126.2215,56.6472],[-126.2442,56.6552],[-126.2682,56.6564],[-126.2678,56.6677],[-126.2751,56.6729],[-126.301,56.6736],[-126.3167,56.6792],[-126.3924,56.681],[-126.3944,56.6691],[-126.4114,56.6653],[-126.4194,56.6688],[-126.4274,56.6581],[-126.4355,56.6583],[-126.4594,56.6685],[-126.458,56.6818],[-126.479,56.693],[-126.4887,56.712],[-126.4988,56.7182],[-126.486,56.7289],[-126.5081,56.7287],[-126.5296,56.7357],[-126.548,56.7301],[-126.5589,56.7324],[-126.5677,56.7394],[-126.5681,56.7455],[-126.5895,56.7567],[-126.581,56.7628],[-126.5815,56.7702],[-126.6025,56.7821],[-126.6434,56.7809],[-126.6774,56.7662],[-126.7624,56.777],[-126.7662,56.7689],[-126.7921,56.7582],[-126.7763,56.7399],[-126.7832,56.7328],[-126.7808,56.7294],[-126.7954,56.7263],[-126.7947,56.7202],[-126.8033,56.7179],[-126.838,56.7174],[-126.834,56.7129],[-126.8432,56.7015],[-126.8358,56.6949],[-126.8154,56.6913],[-126.8192,56.6829],[-126.8105,56.6721],[-126.8581,56.676],[-126.8868,56.69],[-126.9087,56.6818],[-126.9424,56.6805],[-126.9503,56.6745],[-126.953,56.6651],[-126.9872,56.6659],[-127.0068,56.647],[-127.0218,56.6502],[-127.0371,56.6467],[-127.0347,56.64],[-127.0482,56.6325],[-127.0809,56.6298],[-127.0917,56.6181],[-127.1094,56.6225],[-127.1227,56.6338],[-127.1127,56.637],[-127.1218,56.6547],[-127.1454,56.6584],[-127.1646,56.6684],[-127.1998,56.7157],[-127.2311,56.7379],[-127.2754,56.7244],[-127.2916,56.7144],[-127.3044,56.7361],[-127.3443,56.7269],[-127.3525,56.7152],[-127.3478,56.7115],[-127.3495,56.7046],[-127.3684,56.7033],[-127.3759,56.6912],[-127.389,56.695],[-127.3985,56.6907],[-127.3926,56.68],[-127.3948,56.6748],[-127.4317,56.6866],[-127.4233,56.6966],[-127.448,56.7114],[-127.4623,56.7056],[-127.4769,56.7177],[-127.5096,56.7168],[-127.5154,56.7161],[-127.5152,56.7091],[-127.5384,56.706],[-127.5398,56.7208],[-127.5312,56.7316],[-127.5378,56.745],[-127.5058,56.748],[-127.5062,56.7539],[-127.4971,56.7617],[-127.4994,56.7676],[-127.4918,56.7718],[-127.4992,56.7778],[-127.5408,56.7876],[-127.5359,56.7918],[-127.5375,56.796],[-127.5717,56.8124],[-127.5686,56.8178],[-127.5725,56.8235],[-127.6166,56.8493],[-127.6075,56.8536],[-127.5769,56.8476],[-127.5599,56.8525],[-127.564,56.8609],[-127.5602,56.8651],[-127.5743,56.8797],[-127.616,56.9009],[-127.6082,56.9093],[-127.5933,56.9117],[-127.551,56.9019],[-127.5396,56.9033],[-127.5601,56.9222],[-127.5607,56.9275],[-127.5404,56.9354],[-127.5401,56.9446],[-127.5689,56.9457],[-127.5805,56.9508],[-127.5785,56.9578],[-127.5688,56.964],[-127.6035,56.9782],[-127.5768,56.9809],[-127.576,56.9903],[-127.5898,56.9999],[-127.6133,57.0014],[-127.6504,56.9897],[-127.6719,56.9973],[-127.6768,56.9891],[-127.6914,56.9929],[-127.7168,56.9901],[-127.7326,56.9984],[-127.713,57.0131],[-127.7282,57.0173],[-127.7252,57.0278],[-127.6982,57.0277],[-127.6925,57.0177],[-127.6805,57.0166],[-127.6779,57.0253],[-127.6607,57.0327],[-127.6613,57.0427],[-127.6959,57.0575],[-127.7042,57.0692],[-127.7029,57.0749],[-127.6715,57.0764],[-127.6754,57.0849],[-127.715,57.102],[-127.7369,57.1043],[-127.7293,57.1183],[-127.7385,57.1306],[-127.7309,57.1381],[-127.7151,57.138],[-127.7131,57.1422],[-127.7227,57.1491],[-127.7096,57.1575],[-127.6922,57.1648],[-127.676,57.1637],[-127.6611,57.1722],[-127.6642,57.1788],[-127.6361,57.1794],[-127.6157,57.1669],[-127.5823,57.1554],[-127.528,57.1723],[-127.529,57.1797],[-127.5177,57.1865],[-127.501,57.1819],[-127.4907,57.1953],[-127.4811,57.1972],[-127.4808,57.2131],[-127.4667,57.22],[-127.5035,57.2334],[-127.5094,57.2412],[-127.5167,57.2409],[-127.5155,57.2453],[-127.5284,57.2443],[-127.5461,57.2569],[-127.5353,57.2749],[-127.528,57.2782],[-127.5375,57.2855],[-127.5188,57.2924],[-127.5055,57.317],[-127.5092,57.3239],[-127.4891,57.3297],[-127.4809,57.3415],[-127.4581,57.3559],[-127.4601,57.363],[-127.4556,57.3701],[-127.4751,57.3856],[-127.4023,57.4045],[-127.392,57.4127],[-127.3844,57.4111],[-127.3841,57.419],[-127.3684,57.4294],[-127.3323,57.4365],[-127.3184,57.4326],[-127.305,57.4388],[-127.2994,57.4629],[-127.3272,57.4846],[-127.2963,57.4917],[-127.306,57.5034],[-127.3316,57.5086],[-127.3232,57.5158],[-127.3298,57.5238],[-127.3174,57.5501],[-127.3321,57.5628],[-127.3181,57.5677],[-127.3249,57.5745],[-127.321,57.5798],[-127.2921,57.5807],[-127.286,57.5757],[-127.2781,57.5822],[-127.2635,57.58],[-127.2608,57.5874],[-127.2516,57.5908],[-127.2359,57.587],[-127.2208,57.5939],[-127.2046,57.5934],[-127.1879,57.6037],[-127.1735,57.6025],[-127.1609,57.5842],[-127.152,57.581],[-127.1527,57.5755],[-127.137,57.5678],[-127.1455,57.5575],[-127.1356,57.5466],[-127.1406,57.539],[-127.1492,57.5365],[-127.1463,57.5338],[-127.0977,57.5207],[-127.0722,57.5225],[-127.0656,57.5123],[-127.0363,57.5068],[-127.03,57.5085],[-127.0312,57.5174],[-127.0078,57.5331],[-127.0087,57.5413],[-126.9838,57.534],[-126.9759,57.5411],[-126.9598,57.5355],[-126.9331,57.5354],[-126.8838,57.5599],[-126.873,57.555],[-126.8351,57.5601],[-126.8258,57.5691],[-126.7961,57.5696],[-126.7735,57.5808],[-126.7753,57.5864],[-126.7925,57.5916],[-126.7921,57.5969],[-126.802,57.5999],[-126.8099,57.609],[-126.8516,57.6151],[-126.8572,57.6173],[-126.8582,57.6268],[-126.8649,57.628],[-126.8591,57.6491],[-126.8455,57.6567],[-126.8488,57.6646],[-126.843,57.6834],[-126.862,57.6878],[-126.8779,57.6977],[-126.9348,57.7001],[-126.9524,57.7277],[-126.9489,57.7394],[-126.952,57.7511],[-126.9728,57.7537],[-126.9784,57.761],[-126.9749,57.7726],[-126.9628,57.7771],[-126.9484,57.7948],[-126.8729,57.7974],[-126.8609,57.8078],[-126.8773,57.8219],[-126.8664,57.8273],[-126.8699,57.8369],[-126.895,57.8458],[-126.876,57.8618],[-126.9018,57.8823],[-126.8961,57.8872],[-126.9018,57.8906],[-126.9352,57.8916],[-126.9279,57.9042],[-126.9286,57.9118],[-126.9414,57.9174],[-126.946,57.9272],[-126.9586,57.9312],[-126.9618,57.936],[-126.9571,57.9452],[-126.9726,57.952],[-126.9772,57.96],[-126.964,57.9688],[-126.9511,57.9689],[-126.9561,57.9764],[-126.9529,57.9828],[-126.9558,57.988],[-126.9479,57.9937],[-126.9196,57.9978],[-126.9086,57.9934],[-126.8794,57.9927],[-126.8723,58.0031],[-126.8537,58.0058],[-126.836,58.0007],[-126.8139,58.0101],[-126.7726,58.0096],[-126.7711,58.019],[-126.7011,58.0297]]]]}},{"type":"Feature","properties":{"hsda_code":53,"hsda":"Northeast","health_authority":"Northern","area_km2":185138},"geometry":{"type":"MultiPolygon","coordinates":[[[[-120.0,59.9999],[-120.0,56.3194],[-120.0013,56.1404],[-120.0049,56.1404],[-120.0013,56.1403],[-120.0013,54.214],[-120.5641,54.2068],[-120.5663,54.2188],[-120.5841,54.2278],[-120.5755,54.2394],[-120.5767,54.2456],[-120.5985,54.2837],[-120.6063,54.2897],[-120.6241,54.2922],[-120.6312,54.2812],[-120.6529,54.2887],[-120.6766,54.2823],[-120.7069,54.296],[-120.7175,54.2924],[-120.7275,54.2972],[-120.6831,54.323],[-120.6916,54.3287],[-120.699,54.3464],[-120.6653,54.3523],[-120.6596,54.355],[-120.661,54.3607],[-120.668,54.3743],[-120.682,54.3864],[-120.7116,54.4025],[-120.7322,54.4086],[-120.7607,54.3964],[-120.776,54.3971],[-120.7846,54.4034],[-120.7849,54.4102],[-120.7966,54.4178],[-120.8021,54.428],[-120.8036,54.4536],[-120.8,54.4621],[-120.7899,54.4687],[-120.7908,54.4731],[-120.8153,54.4853],[-120.8164,54.4908],[-120.8709,54.4905],[-120.8752,54.4889],[-120.8795,54.4626],[-120.9226,54.4533],[-120.9342,54.452],[-120.9475,54.4621],[-121.0047,54.4637],[-121.0378,54.4539],[-121.063,54.4673],[-121.0683,54.4512],[-121.0742,54.4512],[-121.113,54.4701],[-121.1262,54.4839],[-121.1271,54.4905],[-121.1171,54.5008],[-121.1262,54.5005],[-121.1343,54.5136],[-121.1224,54.5369],[-121.1252,54.5445],[-121.1202,54.5453],[-121.1245,54.549],[-121.145,54.5528],[-121.1572,54.5517],[-121.1588,54.545],[-121.2199,54.5496],[-121.2482,54.5466],[-121.2637,54.535],[-121.2721,54.5172],[-121.2844,54.5138],[-121.2935,54.5171],[-121.3168,54.5129],[-121.3133,54.5184],[-121.3555,54.5357],[-121.3974,54.5337],[-121.39,54.5577],[-121.3974,54.569],[-121.458,54.5656],[-121.4377,54.5871],[-121.4527,54.5974],[-121.4518,54.6076],[-121.4819,54.6088],[-121.4992,54.635],[-121.5235,54.652],[-121.5187,54.685],[-121.4857,54.6953],[-121.4739,54.7236],[-121.4937,54.7453],[-121.4889,54.7523],[-121.5271,54.7715],[-121.5221,54.7982],[-121.5388,54.801],[-121.5538,54.8204],[-121.5802,54.8243],[-121.6431,54.8453],[-121.6461,54.858],[-121.6557,54.8572],[-121.6952,54.8788],[-121.7249,54.8865],[-121.7404,54.8806],[-121.735,54.8706],[-121.7712,54.8517],[-121.782,54.8392],[-121.7919,54.8393],[-121.797,54.8551],[-121.8026,54.8588],[-121.8651,54.8691],[-121.87,54.8734],[-121.8694,54.8852],[-121.8329,54.9036],[-121.8599,54.8997],[-121.8682,54.9046],[-121.8647,54.915],[-121.8455,54.9196],[-121.8433,54.9283],[-121.8448,54.9333],[-121.8587,54.9393],[-121.8685,54.9557],[-121.8916,54.959],[-121.9043,54.9662],[-121.9197,54.987],[-121.9376,54.9961],[-121.9349,55.0036],[-121.9465,55.0115],[-121.9613,55.0132],[-121.9714,55.0273],[-122.0088,55.0338],[-122.0351,55.0653],[-122.0593,55.073],[-122.1002,55.1052],[-122.1244,55.0983],[-122.1594,55.1055],[-122.1667,55.1234],[-122.1611,55.1341],[-122.1769,55.1459],[-122.207,55.1523],[-122.2234,55.1498],[-122.2308,55.1411],[-122.2513,55.1435],[-122.2512,55.1617],[-122.2739,55.1811],[-122.2707,55.1908],[-122.2559,55.2033],[-122.2257,55.2077],[-122.2385,55.2228],[-122.3023,55.2437],[-122.2966,55.2511],[-122.3305,55.2843],[-122.3571,55.3022],[-122.386,55.3353],[-122.4292,55.3308],[-122.4618,55.3446],[-122.4848,55.3488],[-122.4963,55.3643],[-122.5043,55.3638],[-122.5439,55.3841],[-122.5598,55.4035],[-122.59,55.4145],[-122.6301,55.394],[-122.6367,55.3591],[-122.6549,55.3424],[-122.6785,55.3404],[-122.6982,55.347],[-122.7199,55.344],[-122.74,55.3541],[-122.7427,55.3655],[-122.7891,55.3811],[-122.8116,55.3875],[-122.8303,55.3844],[-122.846,55.3989],[-122.8694,55.4001],[-122.8778,55.4062],[-122.862,55.4158],[-122.8744,55.419],[-122.9202,55.4131],[-122.9745,55.3981],[-122.9872,55.4015],[-122.9866,55.4283],[-123.0057,55.4461],[-123.0023,55.4583],[-122.9801,55.4647],[-122.9556,55.4596],[-122.9278,55.4631],[-122.9331,55.4723],[-122.9567,55.4883],[-122.9533,55.5031],[-122.9329,55.5218],[-122.9425,55.5541],[-122.9212,55.564],[-122.948,55.5809],[-122.9655,55.5822],[-122.9785,55.5709],[-122.9969,55.5634],[-123.0136,55.5597],[-123.0379,55.5625],[-123.0718,55.5827],[-123.0717,55.5958],[-123.0806,55.6108],[-123.0728,55.6208],[-123.0782,55.6255],[-123.1259,55.6296],[-123.1429,55.6404],[-123.1422,55.6519],[-123.1276,55.6604],[-123.1279,55.6805],[-123.1204,55.6888],[-123.1205,55.694],[-123.1391,55.7121],[-123.1365,55.723],[-123.1438,55.7317],[-123.1643,55.7375],[-123.1912,55.7332],[-123.1985,55.7272],[-123.1808,55.7116],[-123.2284,55.7118],[-123.2608,55.6971],[-123.3267,55.7154],[-123.3414,55.7313],[-123.3136,55.7578],[-123.3155,55.7709],[-123.3074,55.7761],[-123.318,55.8002],[-123.3399,55.8089],[-123.3393,55.8199],[-123.3513,55.8305],[-123.3816,55.8341],[-123.3829,55.8395],[-123.3637,55.8538],[-123.3677,55.8611],[-123.4181,55.8715],[-123.4308,55.8821],[-123.4553,55.8797],[-123.4588,55.8851],[-123.4874,55.8762],[-123.5121,55.8823],[-123.5261,55.8753],[-123.521,55.8716],[-123.5318,55.8651],[-123.5779,55.8714],[-123.5812,55.8804],[-123.605,55.8821],[-123.6311,55.8923],[-123.6364,55.8901],[-123.6579,55.9024],[-123.6673,55.9134],[-123.6847,55.9143],[-123.6812,55.922],[-123.6847,55.9338],[-123.6782,55.9416],[-123.6954,55.9443],[-123.707,55.9591],[-123.7149,55.9614],[-123.7621,55.9536],[-123.7979,55.9717],[-123.8151,55.9919],[-123.8255,55.9859],[-123.8423,55.9871],[-123.941,56.0012],[-124.0548,56.0679],[-124.3683,56.3177],[-124.4261,56.4025],[-124.5784,56.5805],[-124.7462,56.7004],[-124.8469,56.7908],[-124.9337,56.8771],[-124.9556,56.9336],[-124.9907,56.9643],[-125.0316,56.9746],[-125.0472,56.9868],[-125.0812,56.978],[-125.087,56.9968],[-125.1191,57.007],[-125.1191,57.036],[-125.1571,57.0446],[-125.1454,57.0736],[-125.171,57.093],[-125.2155,57.1043],[-125.2476,57.1214],[-125.2301,57.1419],[-125.2621,57.1659],[-125.2885,57.176],[-125.3294,57.176],[-125.3486,57.1929],[-125.3615,57.2153],[-125.3879,57.2373],[-125.4197,57.2479],[-125.3994,57.2631],[-125.4724,57.2734],[-125.4462,57.2991],[-125.4578,57.3161],[-125.5094,57.3461],[-125.525,57.3707],[-125.5513,57.3741],[-125.7241,57.5469],[-125.831,57.623],[-125.8944,57.7124],[-125.9204,57.7208],[-125.9435,57.768],[-126.0498,57.8689],[-126.0943,57.9183],[-126.0672,57.9143],[-126.064,57.9222],[-126.0572,57.9201],[-126.0474,57.9253],[-126.0476,57.9374],[-126.0675,57.9456],[-126.0623,57.955],[-126.0669,57.9639],[-126.0459,57.9696],[-126.0319,57.966],[-126.0164,57.9713],[-126.0148,57.9657],[-125.9944,57.9551],[-125.9726,57.9761],[-125.9695,57.9912],[-125.9625,57.9931],[-125.9427,57.9877],[-125.9249,57.9763],[-125.9103,57.982],[-125.8948,57.9735],[-125.886,57.9762],[-125.8676,57.9692],[-125.8373,57.9788],[-125.8003,57.9675],[-125.8009,57.943],[-125.7845,57.9335],[-125.7932,57.9203],[-125.7847,57.9051],[-125.7649,57.8905],[-125.7569,57.8693],[-125.7479,57.8678],[-125.7435,57.8614],[-125.7275,57.8612],[-125.6889,57.87],[-125.6856,57.8796],[-125.6514,57.8802],[-125.6479,57.8842],[-125.6673,57.9058],[-125.6587,57.9145],[-125.6468,57.9182],[-125.6498,57.9231],[-125.6463,57.9263],[-125.6258,57.9335],[-125.6096,57.9268],[-125.6084,57.9177],[-125.6001,57.9135],[-125.5447,57.9281],[-125.5253,57.9275],[-125.4631,57.9475],[-125.4541,57.9597],[-125.4559,57.9671],[-125.4462,57.9748],[-125.3507,57.9962],[-125.3332,57.9929],[-125.2751,58.0019],[-125.2438,57.9827],[-125.2175,57.9974],[-125.2027,58.0197],[-125.1879,58.0233],[-125.1674,58.0218],[-125.138,58.0278],[-125.1049,58.0192],[-125.0721,58.0272],[-125.0589,58.0259],[-125.0581,58.0198],[-125.0318,58.0096],[-125.0247,58.0003],[-125.0055,58.0067],[-124.9994,58.0021],[-124.9892,58.0032],[-124.9847,57.9929],[-124.9591,57.9872],[-124.953,57.9935],[-124.9433,57.9933],[-124.9388,57.9999],[-124.9621,58.0068],[-124.9684,58.0165],[-124.9663,58.0219],[-124.9559,58.0257],[-124.9194,58.0254],[-124.917,58.0304],[-124.9268,58.0534],[-124.9264,58.0649],[-124.876,58.1039],[-124.861,58.1249],[-124.8741,58.1395],[-124.884,58.1643],[-124.8752,58.1744],[-124.8499,58.1849],[-124.831,58.1987],[-124.8297,58.2071],[-124.8489,58.2214],[-124.8799,58.2234],[-124.9167,58.2561],[-124.9263,58.2532],[-124.9519,58.2308],[-124.9924,58.2331],[-125.0286,58.2414],[-125.057,58.2354],[-125.1415,58.2363],[-125.1601,58.2438],[-125.2013,58.2393],[-125.2192,58.2561],[-125.2642,58.282],[-125.2805,58.3036],[-125.2886,58.3029],[-125.3285,58.2778],[-125.3564,58.2795],[-125.3541,58.2898],[-125.3713,58.2947],[-125.3908,58.3149],[-125.4393,58.3411],[-125.4624,58.3352],[-125.4805,58.3087],[-125.5175,58.3087],[-125.5518,58.3196],[-125.6502,58.3039],[-125.7174,58.3073],[-125.7503,58.3236],[-125.7749,58.3216],[-125.7846,58.346],[-125.8334,58.3562],[-125.8353,58.3609],[-125.823,58.3694],[-125.8575,58.4127],[-125.8946,58.4123],[-125.9309,58.3953],[-126.0146,58.4066],[-126.0601,58.4205],[-126.0706,58.4494],[-126.1381,58.4651],[-126.2076,58.4934],[-126.2848,58.5493],[-126.303,58.5722],[-126.2996,58.5903],[-126.3029,58.5984],[-126.3199,58.6084],[-126.3324,58.61],[-126.4033,58.5969],[-126.4868,58.605],[-126.552,58.5791],[-126.5855,58.5804],[-126.6056,58.5852],[-126.6999,58.6489],[-126.7439,58.6673],[-126.7927,58.6684],[-126.8356,58.6631],[-126.8735,58.6367],[-126.8971,58.6308],[-126.9144,58.6388],[-126.916,58.6466],[-126.9067,58.6612],[-126.8878,58.678],[-126.8511,58.6977],[-126.8398,58.7081],[-126.8344,58.7221],[-126.8953,58.7781],[-126.9487,58.809],[-126.9708,58.8142],[-127.0042,58.8043],[-127.0214,58.8066],[-127.0504,58.8339],[-127.0594,58.8506],[-127.0521,58.8627],[-127.0341,58.8722],[-126.9924,58.9093],[-126.9435,58.9718],[-126.9519,58.9805],[-126.9438,59.0004],[-126.9514,59.0247],[-126.9767,59.0436],[-126.9786,59.0498],[-126.9666,59.075],[-126.9751,59.0855],[-126.9721,59.103],[-126.9763,59.1114],[-127.0276,59.133],[-127.0459,59.1361],[-127.0681,59.1337],[-127.0986,59.1207],[-127.1132,59.1205],[-127.187,59.1489],[-127.1936,59.1591],[-127.1931,59.1825],[-127.1983,59.1962],[-127.2231,59.2172],[-127.2274,59.2422],[-127.2359,59.2531],[-127.2505,59.2588],[-127.2797,59.2822],[-127.2916,59.3048],[-127.3331,59.3466],[-127.3426,59.3787],[-127.3697,59.4002],[-127.4146,59.4478],[-127.4277,59.4553],[-127.4451,59.4792],[-127.4462,59.4889],[-127.4838,59.5148],[-127.6331,59.5263],[-127.636,59.5209],[-127.6856,59.5244],[-127.7237,59.5337],[-127.8215,59.5906],[-127.9802,59.6311],[-128.0445,59.6148],[-128.0645,59.6151],[-128.0831,59.6199],[-128.1065,59.6336],[-128.174,59.6822],[-128.1923,59.6867],[-128.2475,59.6849],[-128.3569,59.6575],[-128.4027,59.6218],[-128.4406,59.5614],[-128.4472,59.5433],[-128.4594,59.5325],[-128.4985,59.5317],[-128.5429,59.5493],[-128.7214,59.6539],[-128.7505,59.6814],[-128.7476,59.6902],[-128.6998,59.7318],[-128.6109,59.7951],[-128.5847,59.8207],[-128.7252,59.8298],[-128.7324,59.8246],[-128.7775,59.831],[-128.8572,59.8126],[-128.9296,59.8044],[-128.9445,59.8094],[-128.9516,59.8169],[-128.9777,59.8737],[-128.9931,59.8928],[-129.0185,59.8998],[-129.0415,59.8988],[-129.3004,59.8485],[-129.4162,59.8308],[-129.4407,59.8338],[-129.3654,59.8875],[-129.329,59.9251],[-129.3091,59.9625],[-129.3019,60.0],[-120.0,59.9999]]]]}}]}